customer_id,age,region,tenure_months,is_premium,monthly_spend,avg_txn_value,txns_last_30d,days_since_last_purchase,customer_service_calls,discounts_used_90d,complaints_90d,churn
1,23,North,17,1,73.18,45.79,6,68,1,1,0,0
2,62,East,25,1,83.44,42.81,6,27,0,3,0,0
3,55,East,62,0,99.01,37.2,3,49,0,2,0,0
4,43,North,8,1,83.64,50.78,6,32,2,0,0,0
5,42,North,8,1,76.84,20.91,8,3,2,0,0,0
6,66,South,22,0,57.45,27.12,3,51,1,4,0,0
7,22,East,43,0,66.3,24.11,5,36,1,3,0,0
8,57,East,58,0,87.02,25.89,5,90,2,2,1,1
9,29,East,40,1,130.39,31.82,4,63,1,1,0,1
10,23,South,36,1,106.49,30.65,14,21,2,1,0,0
11,48,North,62,1,91.01,26.2,8,73,0,3,1,0
12,73,South,13,0,77.11,25.78,1,42,2,3,0,0
13,59,North,65,0,81.12,32.47,5,68,1,5,0,1
14,61,East,23,1,91.43,31.05,5,39,0,0,0,0
15,58,North,20,0,61.17,22.37,1,68,1,0,0,1
16,62,South,68,1,144.34,29.42,7,10,1,2,0,0
17,47,South,46,0,65.99,17.05,3,48,1,2,0,0
18,25,South,31,1,100.2,33.11,6,51,0,3,0,0
19,65,East,24,0,61.72,27.75,6,93,0,0,0,1
20,43,South,32,0,87.08,35.06,3,14,2,4,0,0
21,46,West,57,0,92.9,15.46,0,37,0,4,0,0
22,39,West,11,0,84.32,24.76,6,37,1,2,0,0
23,28,West,13,1,97.27,44.43,7,47,2,0,1,0
24,70,East,22,1,80.6,25.57,6,86,1,0,1,0
25,62,East,35,1,141.24,45.14,3,89,1,2,0,0
26,54,East,58,0,97.33,21.49,3,38,0,4,0,0
27,40,South,15,1,79.24,40.69,8,44,2,0,0,0
28,64,South,56,1,111.08,33.26,4,80,1,1,0,0
29,49,East,65,0,101.96,28.67,3,53,0,4,1,1
30,43,North,31,0,84.39,37.87,2,80,1,1,0,1
31,43,North,69,0,101.94,24.03,5,100,0,3,0,0
32,30,West,64,0,106.5,32.97,4,75,0,2,0,0
33,23,North,57,1,121.52,37.2,8,10,0,3,0,0
34,49,South,27,0,60.79,18.71,5,114,0,1,1,0
35,68,East,22,0,102.62,23.84,9,89,2,0,0,0
36,21,North,62,0,120.53,23.34,4,80,0,4,0,0
37,66,West,32,0,88.01,13.71,2,83,0,2,0,0
38,65,North,3,1,82.08,38.67,7,46,0,0,0,0
39,33,West,51,0,86.34,30.26,0,23,0,3,0,0
40,54,East,25,1,87.64,41.5,8,72,0,1,0,0
41,27,North,67,1,110.58,46.44,9,1,0,2,0,0
42,61,North,61,1,77.7,42.63,7,74,2,1,1,0
43,57,South,8,0,86.95,20.18,3,76,1,3,0,0
44,38,South,64,1,129.66,31.88,5,48,2,1,0,0
45,21,North,68,0,68.85,31.71,3,28,1,3,1,0
46,73,West,54,0,100.35,28.12,2,39,0,5,0,0
47,43,North,20,0,69.88,24.86,12,43,0,2,1,1
48,68,West,48,0,81.01,18.0,2,22,0,1,2,0
49,56,North,62,0,98.39,20.75,3,48,0,1,0,0
50,62,West,58,1,82.86,39.66,5,69,2,3,0,0
51,61,North,31,1,95.33,19.39,6,8,2,1,1,0
52,29,South,51,0,86.69,6.28,2,99,0,0,0,0
53,38,East,28,0,75.21,30.55,8,7,1,2,0,0
54,44,North,19,0,48.99,20.73,2,47,0,3,0,0
55,46,West,48,0,90.7,28.75,2,77,0,1,0,0
56,20,North,34,0,92.9,37.61,5,112,0,5,2,1
57,49,East,16,1,94.11,26.9,5,42,1,2,0,0
58,26,East,47,1,100.06,21.64,4,58,0,3,0,0
59,60,East,23,1,131.84,32.79,6,79,0,0,0,0
60,56,North,42,0,67.13,19.52,4,45,0,2,0,0
61,70,North,26,1,104.6,34.8,6,85,1,0,0,0
62,60,North,63,0,95.15,29.3,4,29,3,3,1,0
63,38,South,61,1,140.68,37.61,9,66,0,2,0,0
64,73,North,34,1,102.8,35.37,7,6,0,4,0,0
65,41,West,51,0,94.52,33.47,7,37,0,3,0,1
66,36,South,13,1,94.09,40.37,7,63,0,0,0,0
67,69,East,71,0,79.63,23.55,2,33,1,4,0,0
68,39,South,16,0,54.97,30.08,3,31,2,3,1,1
69,22,North,62,1,106.86,22.64,10,14,3,1,2,0
70,44,South,61,1,124.86,43.51,6,77,1,2,0,0
71,63,South,13,1,90.0,35.18,10,18,0,1,0,0
72,28,South,1,0,57.4,15.39,4,59,2,3,0,0
73,44,South,53,0,107.08,21.67,3,109,0,2,0,0
74,25,South,62,0,61.26,33.3,3,51,1,6,0,1
75,57,West,51,1,86.06,28.86,8,69,0,2,1,0
76,45,North,4,0,24.55,28.28,3,67,2,5,0,1
77,36,South,46,1,121.12,42.03,9,25,0,3,0,0
78,30,North,28,0,72.55,25.2,5,53,0,4,0,0
79,50,South,66,0,107.49,18.08,7,73,1,2,0,0
80,56,East,57,0,86.86,24.49,6,99,0,3,1,0
81,71,North,57,0,103.85,13.72,2,77,3,7,1,1
82,42,East,29,1,92.6,31.09,9,3,1,0,0,0
83,27,South,23,0,77.65,16.14,4,33,2,4,1,0
84,65,North,59,0,93.45,24.62,5,92,2,5,0,0
85,53,West,9,1,89.57,24.85,4,57,2,0,0,0
86,57,South,8,1,109.27,35.67,5,69,1,1,0,0
87,23,West,5,1,58.13,44.06,9,44,3,1,0,0
88,35,South,37,0,77.47,34.57,7,55,3,4,0,0
89,61,West,6,1,85.97,25.04,10,67,4,2,0,0
90,65,South,42,0,81.72,19.67,6,73,1,2,1,1
91,42,South,12,1,80.03,41.82,4,75,1,2,0,0
92,63,East,64,1,103.98,40.63,9,33,1,2,0,0
93,65,South,31,1,118.45,30.08,7,51,1,1,0,1
94,40,South,7,1,82.44,31.11,4,16,1,0,0,0
95,69,West,50,1,141.57,35.66,9,32,1,0,0,0
96,34,East,25,0,80.42,10.33,11,9,1,3,0,0
97,31,East,19,1,85.16,39.2,3,6,2,0,1,0
98,56,East,47,0,91.79,33.66,4,54,0,2,0,0
99,54,West,68,1,115.63,31.89,2,70,3,1,0,0
100,25,West,70,1,135.13,23.65,9,56,0,2,0,0
101,65,East,31,0,57.98,36.3,3,66,1,2,0,0
102,29,South,61,0,63.48,26.76,8,18,0,3,0,0
103,63,North,15,1,92.91,40.67,7,18,1,1,0,0
104,18,East,61,1,123.04,24.43,7,8,0,1,0,0
105,63,West,67,0,97.79,14.46,4,56,3,5,2,0
106,62,South,37,1,108.59,38.31,6,88,1,2,0,1
107,62,North,38,1,106.88,43.22,8,33,1,2,0,1
108,55,South,41,0,58.29,15.97,7,40,1,1,1,1
109,44,South,6,0,67.22,24.19,6,105,3,2,0,1
110,58,West,61,1,130.25,22.3,7,12,1,2,0,0
111,33,North,53,0,89.08,19.39,4,28,1,1,0,0
112,62,East,62,0,71.35,22.94,11,44,0,3,0,0
113,49,East,9,1,79.49,38.91,7,38,1,0,0,0
114,44,West,57,1,116.85,18.15,8,45,1,0,1,0
115,46,North,26,1,119.93,45.56,5,44,3,1,0,1
116,50,West,59,1,80.15,33.64,5,0,0,2,0,0
117,20,East,71,0,100.92,35.36,2,27,0,2,0,0
118,25,East,63,1,97.52,40.59,6,7,2,2,0,0
119,31,North,66,1,120.62,41.82,8,34,1,1,0,0
120,24,South,9,1,93.32,51.16,7,72,0,2,0,0
121,43,East,24,1,88.5,28.75,7,87,1,1,0,0
122,56,South,21,1,99.97,36.08,6,83,2,2,0,0
123,55,South,37,0,95.6,17.07,4,57,0,4,0,0
124,44,East,70,0,92.53,24.18,5,94,3,0,1,0
125,66,East,49,1,84.44,40.76,13,54,0,0,0,0
126,50,North,39,0,100.88,34.02,7,39,0,4,0,0
127,22,South,58,1,121.43,31.94,5,50,3,0,0,0
128,61,North,13,0,74.96,15.36,2,65,0,2,1,0
129,50,West,47,1,93.14,35.59,9,25,0,4,0,0
130,54,West,36,0,92.78,18.18,5,21,0,0,0,0
131,50,South,15,1,118.14,30.38,7,25,1,1,0,0
132,49,North,46,1,101.18,40.37,8,58,0,1,0,0
133,23,North,60,0,91.42,28.89,6,36,0,1,0,0
134,49,South,59,0,73.52,31.67,7,82,0,2,0,0
135,63,West,60,1,99.21,32.3,8,40,2,1,0,0
136,35,South,58,1,92.88,43.07,10,50,1,2,0,0
137,52,North,34,1,98.96,35.11,5,82,2,0,0,0
138,19,North,4,0,56.89,22.73,4,29,0,2,1,0
139,37,North,69,0,100.09,16.21,5,38,0,0,0,0
140,42,West,33,0,63.12,8.28,0,73,2,4,0,0
141,74,East,45,1,99.99,22.49,1,7,0,3,0,0
142,30,East,2,0,46.7,26.72,4,85,2,2,0,1
143,33,South,64,0,94.81,17.74,4,19,1,4,1,0
144,41,West,64,1,87.52,21.84,6,20,1,1,0,0
145,74,South,66,1,115.27,31.64,6,10,1,1,0,0
146,66,West,13,0,62.32,27.24,3,85,2,3,0,0
147,19,West,60,0,92.71,28.32,2,72,0,4,0,0
148,31,South,45,0,57.72,24.77,4,38,0,2,0,0
149,64,West,11,1,95.32,34.51,6,33,2,1,0,0
150,21,North,41,0,76.02,20.69,3,51,1,3,1,0
151,66,East,34,1,100.26,40.07,8,33,0,5,0,0
152,34,North,45,1,74.45,33.59,9,26,2,1,0,0
153,70,South,6,0,44.36,24.39,3,69,2,0,0,1
154,34,North,41,0,74.65,33.3,3,50,2,5,0,0
155,42,North,49,1,125.13,41.34,6,38,1,1,0,0
156,55,North,51,1,113.41,33.52,4,28,0,4,0,0
157,25,South,55,1,109.45,32.38,11,50,0,2,0,0
158,49,East,45,0,68.64,22.32,3,33,1,4,1,0
159,46,South,50,1,88.41,18.83,11,23,1,5,0,0
160,62,South,7,0,67.65,33.78,6,58,2,1,0,0
161,74,West,57,0,99.01,19.52,5,62,2,3,0,0
162,55,West,27,1,96.63,41.84,7,77,2,1,0,1
163,41,North,39,1,125.14,35.33,6,10,1,2,0,0
164,41,South,39,1,89.26,46.13,6,6,2,1,0,0
165,41,East,70,0,97.69,29.24,3,58,0,3,1,0
166,64,East,24,1,66.6,42.3,4,26,0,0,1,0
167,36,South,28,0,77.17,20.26,5,112,1,4,0,0
168,27,East,54,0,109.04,14.72,3,32,1,3,0,0
169,37,North,46,0,67.38,26.18,3,46,2,3,0,0
170,19,South,23,1,104.13,19.66,7,53,2,1,0,0
171,24,East,25,0,94.12,21.26,2,72,2,3,0,0
172,23,East,59,1,99.15,25.48,10,8,3,2,0,0
173,61,West,60,1,117.0,28.28,8,87,1,2,0,0
174,59,North,11,1,109.19,39.77,3,4,2,2,0,0
175,57,North,29,1,97.96,39.24,11,61,1,2,0,0
176,44,North,55,0,99.3,23.7,3,37,1,2,0,0
177,58,North,9,0,37.89,27.56,3,92,0,3,0,1
178,27,North,14,0,75.96,20.67,1,42,0,5,1,0
179,69,South,12,1,93.76,54.41,4,85,6,3,1,1
180,46,South,38,0,59.11,27.41,3,54,1,1,1,0
181,71,East,33,0,62.04,20.28,2,54,0,4,0,0
182,26,South,23,1,100.56,42.0,5,31,1,0,0,0
183,46,North,10,0,60.46,34.92,11,50,3,1,0,0
184,57,East,46,1,119.68,28.81,7,86,1,2,0,0
185,46,North,58,0,93.66,13.65,3,53,1,1,0,0
186,43,West,16,0,68.85,15.24,6,46,2,0,0,0
187,27,North,48,0,81.44,19.64,1,105,1,1,0,0
188,39,South,57,0,92.89,24.57,4,57,2,0,0,0
189,31,West,40,0,92.04,11.97,5,107,2,2,0,1
190,35,East,41,0,88.51,21.65,2,58,0,1,0,0
191,56,East,12,0,59.65,23.34,4,88,1,3,0,1
192,53,East,68,0,112.59,27.6,5,43,2,3,1,0
193,52,North,68,0,103.87,29.89,2,40,1,3,0,0
194,38,East,51,1,111.28,38.21,13,38,1,2,0,0
195,72,West,65,1,113.88,49.34,4,31,0,4,0,0
196,22,West,44,0,89.5,33.75,3,54,0,1,0,0
197,37,South,47,1,76.02,36.78,10,9,0,2,0,0
198,24,South,59,0,93.12,17.24,4,91,1,4,0,0
199,37,East,3,0,86.1,19.6,4,90,1,1,0,1
200,72,East,16,0,71.3,13.57,3,34,0,2,0,0
201,38,North,15,0,68.75,26.23,6,23,1,1,1,0
202,69,North,45,0,73.56,27.65,3,51,1,2,0,0
203,46,North,18,1,96.39,42.14,3,62,2,1,0,0
204,57,South,28,1,91.07,37.14,7,68,0,0,0,0
205,44,North,36,0,97.64,33.43,2,39,2,1,0,0
206,33,North,53,0,73.55,33.6,5,108,1,2,0,0
207,61,North,37,1,91.72,26.78,4,12,0,3,0,0
208,73,West,2,1,71.99,30.86,5,23,0,2,0,0
209,33,North,49,0,112.02,24.91,2,62,1,2,0,0
210,62,North,31,1,92.65,29.35,14,49,0,0,0,0
211,32,South,9,0,56.28,23.05,4,36,1,8,0,0
212,58,North,47,1,72.14,37.41,5,8,2,4,0,0
213,62,West,20,1,76.33,34.02,8,8,3,2,0,0
214,43,West,33,0,84.42,25.0,12,89,1,4,1,0
215,60,South,69,1,122.36,27.46,8,63,1,3,0,0
216,33,South,17,1,78.73,39.05,3,28,3,1,0,0
217,22,South,63,1,102.57,38.47,9,6,0,0,0,0
218,23,North,33,1,124.4,28.9,11,35,2,1,0,0
219,43,South,67,1,153.95,24.65,6,67,0,1,0,0
220,69,North,61,0,107.75,34.84,2,20,1,0,1,0
221,25,North,60,1,133.39,48.99,5,44,1,1,0,0
222,43,East,15,1,114.07,36.88,9,57,2,0,0,0
223,58,North,57,1,141.72,32.11,7,71,1,1,0,0
224,29,North,27,0,68.97,33.37,6,13,1,1,1,0
225,59,South,65,1,99.33,38.76,4,32,0,1,0,0
226,35,South,71,0,123.0,23.31,2,67,1,0,1,1
227,64,North,44,1,87.54,42.74,12,69,0,0,0,0
228,51,North,65,0,77.07,18.52,5,76,1,2,1,0
229,49,North,38,0,63.92,19.47,2,57,1,8,0,0
230,28,North,3,1,79.53,37.91,8,76,1,0,0,0
231,44,West,63,0,61.73,25.91,4,33,1,3,0,0
232,66,West,38,0,57.5,30.1,3,85,0,1,0,0
233,19,South,4,0,52.66,34.55,3,111,1,4,0,1
234,61,South,5,0,44.56,12.58,1,42,4,2,0,0
235,46,East,52,0,101.94,25.31,3,90,0,1,0,0
236,59,East,66,0,93.1,40.21,1,60,0,3,0,0
237,55,North,50,1,113.66,30.23,6,26,2,2,0,0
238,42,North,32,0,83.01,19.28,4,19,1,5,0,0
239,35,South,22,0,67.9,7.07,2,77,2,3,0,1
240,53,East,30,0,89.82,25.81,11,54,3,2,1,1
241,25,North,23,1,98.28,39.64,5,86,3,1,0,0
242,51,South,20,1,85.22,39.63,4,8,2,2,0,0
243,23,South,10,0,39.74,16.7,2,6,4,5,0,0
244,55,North,41,0,88.31,24.93,3,104,0,3,0,0
245,53,South,16,0,49.08,26.77,4,102,2,0,0,0
246,22,East,11,1,91.2,35.42,8,75,4,1,0,0
247,61,South,20,0,71.18,16.24,3,29,1,1,0,0
248,41,North,57,1,88.09,35.62,8,46,1,0,0,0
249,62,North,41,1,104.38,28.48,10,14,2,2,0,0
250,20,West,35,1,100.37,20.02,4,49,0,3,0,0
251,28,South,43,1,104.42,40.45,7,30,2,2,0,0
252,46,North,41,1,102.7,36.12,8,47,0,1,0,0
253,28,North,36,0,68.21,29.74,1,72,2,1,0,0
254,36,West,60,0,98.87,20.72,0,60,0,4,0,0
255,55,East,52,0,75.69,30.01,5,15,2,4,0,0
256,26,West,14,1,70.88,43.18,8,66,0,1,0,0
257,56,East,59,0,99.62,39.03,3,74,2,6,1,1
258,23,South,13,0,80.55,31.51,4,95,2,3,0,1
259,27,South,6,1,92.09,38.08,6,35,3,0,0,0
260,51,North,30,0,71.89,13.96,2,28,0,2,1,1
261,63,East,28,0,44.91,24.15,4,94,2,3,0,1
262,27,East,56,0,110.23,13.62,4,51,0,3,1,0
263,35,North,50,1,75.67,28.45,8,50,1,2,0,0
264,70,West,5,1,91.29,50.64,3,75,2,2,0,0
265,74,South,36,1,129.65,26.82,6,25,1,2,1,0
266,51,North,57,1,110.74,16.26,7,10,1,4,0,0
267,43,South,53,0,90.87,31.51,3,97,2,2,0,0
268,37,West,36,0,83.69,19.62,9,58,2,5,0,0
269,52,West,44,1,104.97,41.14,9,35,0,0,0,0
270,51,South,40,1,135.26,25.64,5,21,1,2,0,0
271,34,West,17,0,55.85,21.59,4,92,2,4,0,0
272,19,West,41,0,65.97,34.57,2,39,1,0,0,0
273,26,West,48,0,79.09,14.42,1,24,0,2,0,0
274,72,West,4,0,88.11,23.65,5,40,1,5,0,0
275,41,South,50,1,96.35,37.33,10,18,1,0,1,0
276,45,East,18,0,75.45,19.25,8,87,1,3,0,1
277,44,East,1,1,96.57,36.94,8,54,1,1,0,0
278,62,East,54,1,118.68,35.13,6,10,2,0,1,0
279,21,North,28,1,109.27,39.28,1,65,2,1,0,0
280,22,East,30,0,96.27,39.74,3,43,1,4,0,0
281,33,West,45,1,107.12,56.4,6,89,0,2,0,0
282,45,South,40,0,73.14,28.71,4,75,0,2,1,1
283,56,West,45,1,104.71,34.12,5,62,2,1,0,0
284,45,South,68,0,88.91,28.53,2,73,0,6,0,0
285,43,North,47,1,141.32,33.14,4,50,1,2,2,0
286,71,North,4,1,74.01,22.3,7,58,1,0,0,0
287,27,West,16,0,75.25,24.63,8,74,1,5,1,0
288,50,East,32,1,73.49,43.66,5,49,3,0,0,0
289,48,South,34,1,98.99,23.28,9,72,1,1,0,1
290,44,East,26,0,68.69,17.12,5,29,0,3,0,0
291,64,South,14,1,97.14,30.34,7,87,2,2,0,0
292,33,South,8,1,94.53,37.98,7,87,1,6,0,1
293,72,West,11,0,86.75,44.02,6,62,2,6,1,0
294,36,East,68,1,134.06,28.53,9,65,1,1,0,0
295,49,East,29,1,93.51,35.73,6,39,3,2,0,0
296,47,East,69,0,80.33,25.05,4,37,0,2,0,0
297,66,West,24,1,79.59,32.59,8,63,0,2,0,0
298,43,North,23,0,76.04,24.62,5,31,0,3,0,0
299,34,North,35,1,99.87,31.28,6,8,0,2,0,0
300,19,North,68,1,117.87,56.94,7,57,1,2,0,0
301,38,East,40,0,71.97,31.0,3,50,0,1,0,0
302,65,East,3,0,83.06,21.35,1,75,0,2,1,1
303,18,East,20,0,47.91,34.47,3,53,1,2,0,0
304,69,South,70,0,86.14,27.05,4,59,2,2,0,0
305,48,North,11,0,49.34,25.46,6,28,0,2,1,1
306,25,East,60,1,106.87,33.54,4,34,1,3,0,0
307,35,West,66,1,131.7,33.0,6,60,1,0,0,0
308,49,South,16,1,83.68,25.24,11,85,0,3,0,0
309,35,North,40,1,101.52,21.61,9,56,0,0,0,0
310,24,South,43,1,111.46,37.97,6,15,1,2,0,1
311,55,South,57,0,83.47,23.46,6,38,0,2,0,0
312,56,North,57,1,114.24,42.02,5,18,2,2,0,0
313,24,South,5,1,86.26,27.88,6,12,3,3,0,0
314,34,East,23,0,54.54,16.22,2,47,2,2,0,1
315,31,South,67,0,86.54,31.21,2,39,1,5,0,0
316,55,South,26,1,98.32,32.64,6,73,3,1,1,1
317,59,North,18,0,88.23,31.85,6,37,0,1,0,1
318,59,West,45,0,101.72,25.27,0,96,0,5,0,0
319,71,South,14,0,98.43,40.02,1,95,1,0,0,0
320,61,South,11,1,92.78,41.05,4,29,2,0,0,0
321,36,North,57,0,82.3,28.28,5,88,0,4,0,1
322,24,East,9,0,63.54,31.4,5,25,4,2,1,1
323,53,West,64,0,90.29,22.82,2,76,0,4,0,0
324,70,North,18,0,62.88,11.86,1,76,2,3,0,1
325,73,North,8,0,69.74,27.89,5,77,1,1,1,1
326,31,North,53,0,92.94,40.53,3,85,2,3,0,0
327,31,East,13,0,48.89,6.68,5,26,0,5,1,1
328,20,West,27,1,109.82,38.75,6,61,0,0,0,0
329,26,South,25,0,44.95,12.72,4,33,1,1,1,1
330,49,South,37,1,95.16,34.81,4,8,1,0,0,0
331,49,East,34,0,94.24,25.64,4,77,2,1,0,1
332,39,East,14,1,96.11,40.97,13,36,1,2,1,0
333,35,North,17,0,63.15,26.68,5,45,0,4,0,1
334,65,North,14,0,96.53,35.99,2,60,1,1,0,0
335,44,South,4,0,55.4,34.33,3,35,0,3,0,0
336,64,East,47,0,53.47,23.43,3,17,2,0,0,0
337,72,East,34,1,103.79,43.76,5,79,2,0,0,1
338,36,East,8,1,57.32,32.5,4,0,0,1,0,0
339,29,West,24,0,59.53,21.12,9,63,2,3,0,0
340,72,North,48,0,93.34,15.36,2,59,1,3,0,0
341,54,South,21,1,83.59,45.5,6,79,0,2,0,0
342,34,North,29,1,103.21,32.6,7,5,1,4,0,0
343,53,West,53,1,89.13,15.63,13,27,0,1,0,0
344,47,East,48,1,116.88,39.34,7,79,2,2,0,1
345,69,South,50,0,59.64,21.53,3,54,1,2,0,0
346,32,North,28,1,113.78,32.61,6,38,1,2,0,0
347,74,East,35,0,70.37,23.13,4,13,1,0,0,0
348,71,East,61,0,113.47,22.31,0,76,1,0,0,0
349,28,East,62,1,98.39,56.82,9,79,1,0,0,0
350,27,North,4,1,110.87,48.3,3,89,1,0,0,0
351,48,West,60,1,95.64,40.59,6,33,3,1,0,0
352,20,East,64,1,85.09,36.93,6,10,1,2,0,0
353,35,East,67,1,114.15,44.03,6,46,0,0,0,0
354,42,East,20,1,108.51,36.95,8,74,4,5,0,1
355,73,West,36,1,109.86,41.53,6,40,0,1,0,0
356,74,West,4,1,99.44,39.47,6,12,1,1,0,0
357,26,East,8,0,76.16,26.03,2,67,0,2,1,0
358,68,South,40,0,67.7,32.52,1,89,0,1,0,1
359,23,South,15,0,79.0,21.64,5,73,3,6,2,1
360,60,West,16,1,89.39,35.47,4,64,0,0,0,0
361,66,East,22,0,60.35,17.16,0,43,2,1,1,0
362,68,North,33,0,79.19,18.09,3,27,0,1,0,0
363,30,North,11,1,84.66,14.77,7,58,2,2,0,0
364,68,West,57,1,129.74,38.65,9,15,1,0,0,0
365,24,West,48,1,96.28,40.85,8,31,1,2,1,0
366,47,West,57,1,100.08,43.68,5,51,0,0,0,0
367,44,South,66,1,102.52,26.18,6,57,1,2,0,0
368,36,West,43,1,129.95,38.52,6,26,1,3,0,0
369,19,West,26,0,63.36,24.99,2,56,1,2,0,0
370,62,South,70,0,114.45,30.9,9,91,1,2,0,0
371,37,North,41,0,65.03,19.79,1,93,0,2,0,0
372,55,West,33,1,104.1,32.31,5,68,3,1,0,0
373,41,North,30,1,98.94,22.57,8,83,0,2,0,0
374,39,East,3,0,80.0,19.26,1,98,0,1,0,0
375,68,East,68,1,130.33,35.02,4,77,2,0,0,0
376,23,East,59,0,90.73,26.39,3,33,2,5,0,0
377,59,North,50,1,96.94,21.51,5,71,0,1,1,0
378,60,East,16,1,112.37,30.91,12,69,0,2,0,0
379,39,North,66,0,83.45,26.28,3,77,0,1,0,0
380,32,West,13,0,32.48,36.26,1,14,2,1,0,0
381,18,North,18,0,41.12,18.24,1,87,0,1,0,0
382,71,East,5,0,38.27,28.92,4,64,2,2,0,0
383,72,West,21,1,99.44,30.51,7,38,2,4,0,0
384,31,North,24,1,125.22,31.43,5,33,1,3,0,0
385,19,North,57,1,77.9,27.98,5,23,0,1,0,0
386,24,East,24,1,80.26,26.65,6,74,1,1,0,0
387,21,North,68,0,95.34,21.2,3,19,0,0,0,0
388,65,North,22,1,114.18,43.38,1,86,2,0,0,1
389,68,South,38,0,67.18,18.96,1,90,0,1,0,0
390,26,West,43,1,110.36,27.71,8,42,0,0,0,0
391,60,East,59,0,85.75,26.67,4,52,0,4,0,0
392,28,South,54,1,146.11,35.04,2,22,0,0,1,0
393,38,West,62,1,113.17,34.45,8,89,2,0,0,0
394,52,South,67,0,98.84,27.03,3,75,0,1,1,0
395,59,South,9,0,65.76,16.92,4,33,1,3,0,0
396,67,South,7,0,57.28,17.81,3,59,2,0,0,0
397,20,South,32,0,90.25,32.89,4,61,0,4,0,0
398,29,South,11,1,68.11,33.83,11,71,2,1,0,0
399,33,East,36,1,67.97,39.77,8,39,0,1,0,0
400,35,North,42,1,98.75,44.79,10,21,2,1,0,0
401,74,East,20,0,82.23,31.77,3,45,0,1,0,0
402,62,North,7,0,54.79,14.04,1,74,3,3,1,0
403,36,South,69,0,97.3,24.07,4,45,0,3,0,0
404,73,North,27,0,55.19,33.33,4,44,1,1,0,0
405,46,East,60,0,105.94,29.18,3,97,1,4,0,0
406,46,East,45,1,112.28,36.47,7,20,0,0,0,0
407,42,South,48,0,84.3,11.88,4,63,1,0,1,0
408,26,North,56,1,110.53,30.07,4,47,3,3,0,1
409,71,North,19,1,68.6,35.55,9,15,0,0,0,0
410,18,West,16,1,67.77,23.59,7,77,0,3,0,0
411,27,North,71,1,113.67,41.35,9,53,0,4,0,0
412,31,East,48,1,111.71,34.06,6,61,1,0,1,0
413,33,South,21,0,78.97,9.16,7,60,2,4,1,0
414,25,North,46,1,97.56,30.47,8,72,0,1,0,0
415,19,East,28,0,85.18,22.71,2,100,2,6,0,1
416,56,South,62,1,132.31,33.96,2,49,0,3,0,0
417,73,North,37,1,97.17,46.36,1,71,0,2,1,0
418,24,West,23,0,76.14,29.63,6,95,0,3,0,0
419,34,North,50,1,101.88,24.08,5,33,0,2,0,0
420,46,South,54,1,105.11,23.08,10,35,0,1,1,0
421,70,South,27,1,96.04,32.87,7,43,1,3,1,0
422,57,South,54,1,132.55,36.01,3,53,1,1,0,0
423,61,West,17,0,82.23,32.94,3,45,1,5,0,0
424,51,North,17,1,100.88,48.84,5,52,1,0,0,0
425,41,West,59,1,102.69,49.27,12,2,1,1,0,0
426,29,East,45,0,69.03,21.46,8,35,0,2,0,0
427,67,West,3,1,87.34,42.48,7,88,0,5,0,1
428,63,West,48,1,122.66,38.41,5,74,2,2,0,0
429,19,West,22,0,96.85,16.27,4,104,0,0,0,0
430,58,East,20,1,53.21,19.9,10,81,5,2,1,1
431,22,South,31,0,112.2,26.15,4,57,1,1,1,0
432,60,South,33,0,82.75,13.04,3,52,0,2,0,0
433,65,East,64,1,125.63,28.19,8,50,0,1,0,0
434,25,South,31,1,69.4,29.52,7,42,1,3,0,0
435,42,East,22,1,87.45,36.75,6,77,0,2,0,0
436,25,North,55,1,119.84,45.24,4,50,0,1,0,0
437,50,West,39,0,61.88,25.1,3,13,1,4,0,0
438,70,North,1,1,37.18,30.69,3,77,1,1,0,1
439,22,West,45,1,107.53,18.45,3,17,0,0,0,0
440,40,North,36,1,97.25,38.67,8,11,1,1,0,0
441,73,North,41,1,122.12,35.23,4,54,0,0,0,0
442,35,West,14,0,64.6,20.6,6,29,1,2,0,0
443,25,West,34,1,95.7,44.33,6,38,2,2,0,0
444,45,East,46,1,113.47,25.47,6,28,1,1,0,0
445,46,West,49,1,120.0,29.52,13,20,3,2,0,0
446,55,North,49,0,73.87,23.04,8,112,2,3,0,1
447,35,West,71,0,109.67,20.5,3,51,1,1,0,0
448,72,South,36,1,90.17,39.41,7,32,1,3,0,0
449,47,South,31,1,95.75,38.71,9,52,0,4,0,0
450,34,South,39,1,109.56,43.41,4,56,2,8,0,0
451,72,North,24,1,104.68,39.02,8,44,0,1,0,0
452,70,East,23,1,96.27,34.08,7,75,0,0,0,0
453,46,East,50,0,68.79,22.28,2,79,2,2,0,0
454,19,North,23,1,63.45,38.64,8,50,2,0,0,0
455,52,West,54,0,84.18,23.48,3,64,0,1,0,0
456,49,South,53,1,121.07,35.38,10,7,2,1,0,0
457,26,North,68,0,100.75,29.08,7,99,0,0,0,0
458,54,East,10,0,68.63,26.11,7,67,1,0,1,1
459,65,North,26,0,72.89,27.47,3,68,1,1,0,0
460,24,North,55,0,92.14,18.67,5,51,0,3,0,0
461,59,East,31,1,80.59,45.8,12,81,2,0,0,0
462,25,North,47,0,95.2,16.15,2,61,0,1,0,0
463,60,North,53,1,119.19,38.51,4,21,0,3,0,0
464,41,East,63,1,106.17,31.11,7,62,0,0,0,0
465,18,North,17,1,95.06,43.66,6,59,1,1,0,0
466,73,West,19,1,63.75,42.07,4,20,1,1,1,0
467,27,West,34,0,79.7,24.98,5,92,2,6,0,1
468,51,North,36,1,96.0,47.44,11,5,1,0,0,0
469,28,South,65,0,111.39,23.5,2,40,0,2,0,0
470,71,North,3,0,58.52,32.05,3,101,1,5,0,1
471,60,East,18,1,102.03,29.19,10,7,0,0,0,0
472,63,North,65,1,106.63,38.24,10,67,2,2,0,0
473,42,West,44,1,67.71,27.54,6,44,1,0,0,0
474,44,North,48,0,80.62,25.16,2,63,0,2,1,0
475,54,East,18,0,71.95,24.59,3,14,1,2,0,0
476,62,North,45,1,104.76,42.03,2,50,0,1,0,0
477,66,North,27,1,95.99,29.63,6,7,1,1,0,0
478,19,South,53,1,98.9,59.59,11,46,2,1,0,0
479,55,East,7,0,58.64,13.94,1,57,1,2,0,0
480,24,West,21,1,73.6,36.86,14,68,2,1,0,1
481,34,North,46,1,73.05,37.3,8,55,0,0,0,0
482,65,North,43,1,99.9,39.3,8,3,0,0,0,0
483,32,South,60,1,98.82,30.88,4,59,0,2,0,0
484,63,South,57,0,104.7,26.93,3,91,0,1,1,0
485,44,West,2,1,48.27,30.48,14,43,4,0,0,0
486,31,West,7,0,67.87,39.99,3,93,1,2,1,1
487,37,West,26,1,124.82,29.92,10,33,0,1,0,0
488,48,North,69,1,111.76,33.82,4,71,0,2,0,0
489,61,South,34,0,76.96,19.69,4,69,1,2,2,0
490,52,East,64,1,118.4,28.6,6,87,0,1,0,0
491,71,South,5,1,90.07,23.79,7,57,2,2,0,1
492,67,East,69,0,88.37,30.38,6,48,0,2,0,0
493,60,North,5,0,47.38,19.62,1,81,3,3,0,1
494,52,South,58,0,98.79,18.62,5,102,1,1,0,0
495,34,West,63,0,62.88,17.29,3,70,0,2,0,0
496,41,North,21,1,102.98,37.44,8,62,3,2,0,0
497,24,West,22,1,85.12,35.17,12,61,0,0,0,0
498,39,South,42,0,81.05,25.21,1,78,0,3,0,0
499,70,North,52,1,98.12,28.91,4,18,1,2,0,0
500,42,North,9,0,85.96,28.48,7,10,1,1,1,0
501,24,North,17,1,92.24,29.7,8,24,0,2,0,0
502,55,South,54,0,82.17,25.56,4,17,2,4,0,0
503,72,North,58,1,103.75,33.88,8,87,1,2,0,0
504,67,East,11,1,83.28,21.49,8,69,2,2,0,0
505,33,West,64,0,127.95,41.23,6,104,1,1,1,0
506,43,South,62,0,71.24,29.6,6,70,0,2,0,0
507,48,North,62,0,107.24,26.44,8,94,1,5,0,1
508,32,South,18,0,77.52,27.7,5,20,1,3,0,0
509,33,West,48,1,127.1,51.42,3,32,1,0,1,0
510,31,East,12,0,75.44,34.09,7,36,2,3,0,1
511,74,North,14,0,67.05,27.79,5,91,2,2,0,1
512,60,South,6,0,78.3,19.33,2,19,2,0,0,0
513,65,South,36,1,101.45,30.6,4,6,2,0,0,0
514,64,South,51,1,116.82,20.57,4,19,3,1,0,0
515,72,North,15,0,88.92,22.05,2,49,1,2,0,0
516,24,West,14,0,68.39,30.29,5,100,2,3,0,1
517,68,North,20,0,63.63,30.07,3,102,1,1,1,0
518,21,North,15,0,57.84,29.93,3,71,1,1,1,1
519,45,North,60,0,96.76,20.88,6,96,2,4,1,1
520,51,East,13,1,73.33,39.41,6,88,2,2,0,1
521,38,South,20,0,64.75,31.59,5,62,3,1,0,0
522,26,North,22,1,76.49,17.18,5,17,2,1,1,0
523,28,South,15,0,75.13,27.44,2,84,1,2,1,0
524,65,East,67,0,82.22,41.65,4,60,3,2,0,0
525,36,South,15,0,48.2,22.67,4,73,0,5,1,0
526,35,West,35,0,60.84,4.83,4,50,0,3,0,0
527,70,South,41,0,71.93,18.5,1,118,0,5,0,1
528,26,North,19,1,82.3,20.48,5,73,0,2,0,0
529,70,West,34,1,100.77,29.93,8,34,0,2,0,0
530,70,West,13,1,84.08,25.21,3,2,4,0,1,0
531,52,South,35,0,83.05,32.45,9,58,1,3,1,0
532,27,West,2,1,87.76,41.23,2,40,0,1,0,1
533,26,South,32,1,107.11,37.74,7,51,0,3,0,0
534,34,South,26,0,44.38,34.81,2,23,2,5,0,0
535,50,West,25,0,55.59,20.48,5,33,0,0,0,0
536,26,East,8,1,92.32,35.59,10,71,0,1,0,0
537,43,South,71,0,98.67,42.56,4,30,1,0,0,0
538,24,East,2,0,75.65,29.68,4,54,3,1,0,1
539,48,South,11,1,62.34,39.66,7,88,2,1,0,1
540,19,North,8,0,56.87,18.86,5,27,0,4,0,0
541,58,West,70,0,90.55,21.67,5,73,0,4,0,0
542,21,East,23,1,94.0,26.98,7,7,1,1,0,0
543,29,East,31,1,96.04,48.45,7,65,2,1,0,1
544,27,East,54,1,114.04,22.53,9,15,0,0,0,0
545,65,East,4,0,60.28,32.31,5,35,2,5,0,0
546,21,South,5,0,83.09,29.65,1,23,1,3,0,0
547,42,West,13,0,91.87,12.17,5,35,3,6,0,0
548,51,East,49,0,67.73,34.14,1,50,0,3,0,0
549,47,East,70,0,95.68,22.93,5,48,2,4,0,0
550,56,South,45,1,114.47,24.43,12,81,0,2,0,0
551,63,South,62,0,99.78,27.92,6,23,2,2,0,0
552,40,North,63,0,85.38,18.42,4,80,2,9,0,0
553,65,South,20,0,73.82,23.36,4,38,0,1,0,1
554,36,North,14,0,43.25,20.95,2,39,1,5,0,0
555,74,East,12,0,65.71,17.97,3,103,0,0,1,1
556,46,West,57,0,66.6,15.49,5,23,1,5,0,0
557,59,South,48,1,111.62,41.37,3,78,0,4,0,0
558,67,South,62,0,74.26,27.6,2,27,2,2,1,0
559,63,East,37,0,80.95,27.09,6,87,1,2,0,0
560,66,North,70,1,119.79,32.09,8,71,0,1,0,0
561,48,West,64,0,93.14,25.41,1,95,1,6,0,1
562,20,South,58,0,79.52,19.11,4,37,2,4,0,0
563,46,North,58,0,85.84,18.97,5,103,0,3,0,0
564,28,North,9,1,102.22,48.68,2,66,2,1,0,0
565,68,West,53,1,100.13,42.08,4,39,2,2,0,0
566,31,North,68,1,114.32,30.51,2,73,1,4,0,0
567,30,East,21,1,82.15,23.03,7,85,2,1,0,0
568,32,North,58,0,104.31,11.39,3,92,1,2,2,0
569,54,North,25,0,73.67,19.93,6,44,3,1,1,0
570,50,West,16,1,76.54,35.86,9,47,2,1,0,0
571,72,North,52,1,106.11,35.95,5,67,0,3,1,0
572,41,North,12,0,62.38,26.19,4,47,2,3,0,1
573,34,South,35,1,118.39,37.67,2,48,1,0,0,0
574,20,West,67,1,112.83,26.69,8,58,2,0,0,0
575,18,South,12,1,65.26,47.06,6,59,3,1,0,0
576,39,North,12,1,93.48,33.42,8,48,1,0,0,0
577,70,West,67,1,140.29,37.36,3,37,1,1,0,0
578,47,East,56,1,125.95,29.75,4,1,0,1,0,0
579,68,West,33,1,79.96,37.49,3,73,4,0,0,1
580,23,East,29,0,70.47,41.62,2,99,2,2,0,0
581,23,East,69,0,94.04,17.09,5,95,1,4,0,0
582,65,South,52,1,105.72,26.08,7,68,0,1,0,0
583,24,South,65,0,98.21,18.08,2,71,1,1,0,0
584,20,East,7,1,78.34,32.33,5,2,1,3,0,0
585,41,East,38,1,85.27,30.83,6,72,1,0,0,0
586,70,West,52,0,100.28,16.67,3,36,3,4,0,0
587,57,East,3,0,44.65,24.6,5,20,0,1,0,0
588,23,South,37,0,66.47,37.49,1,79,1,1,0,0
589,65,South,4,1,65.05,33.8,7,14,1,0,0,0
590,66,East,64,0,101.18,24.23,4,104,0,1,0,1
591,63,South,49,0,86.1,27.74,6,69,1,2,0,0
592,69,West,14,0,80.25,30.18,6,58,2,1,1,0
593,31,East,38,1,87.22,45.99,5,58,2,0,0,0
594,73,North,8,0,45.2,26.92,5,21,1,4,0,0
595,36,East,58,1,102.34,34.98,4,43,1,1,0,0
596,63,East,14,1,84.26,27.07,14,58,1,2,1,0
597,51,West,44,0,85.14,30.92,4,69,0,0,0,0
598,62,South,6,1,57.76,28.24,6,45,0,0,0,1
599,53,East,12,0,73.18,18.0,4,21,1,2,0,0
600,54,South,70,0,81.59,26.55,7,66,0,3,0,1
601,53,South,28,0,64.29,37.33,2,90,1,2,0,0
602,62,North,9,1,102.11,40.81,3,55,2,2,0,1
603,60,West,50,1,72.25,34.7,10,58,1,0,0,0
604,25,West,15,1,92.34,27.15,7,80,2,4,0,0
605,65,East,42,1,105.78,47.18,4,83,0,2,1,1
606,48,East,58,0,76.72,24.55,2,14,1,3,0,0
607,36,North,49,1,97.79,32.68,7,67,1,0,0,0
608,47,East,18,1,107.32,39.44,6,35,0,2,0,0
609,73,South,17,0,97.94,21.42,2,27,1,0,1,0
610,66,East,16,1,103.97,28.98,5,49,1,0,1,0
611,65,North,45,1,130.79,29.74,5,85,0,2,0,0
612,44,East,48,1,93.63,29.72,6,48,0,1,0,0
613,62,South,37,0,54.8,15.98,3,22,0,0,0,0
614,39,East,29,0,73.71,15.09,5,85,1,1,0,0
615,57,East,5,1,94.57,42.78,5,67,2,1,0,0
616,54,North,60,0,62.18,30.35,3,60,2,1,0,0
617,32,South,47,1,89.6,28.42,7,3,2,3,2,1
618,33,West,46,1,90.77,42.11,8,6,0,1,0,0
619,21,East,8,1,89.35,37.47,8,8,2,2,0,0
620,25,North,21,0,73.91,22.41,3,36,1,1,0,0
621,42,South,22,1,79.37,25.19,6,80,2,1,0,0
622,45,South,43,0,84.2,27.73,3,72,0,0,0,0
623,27,East,56,1,90.83,49.92,9,45,0,0,0,0
624,41,East,62,0,84.6,25.12,3,68,4,2,0,0
625,52,North,38,1,80.03,42.99,3,53,0,2,0,0
626,31,East,26,0,70.75,23.31,5,55,0,0,0,0
627,37,East,29,1,82.49,42.37,8,78,0,1,0,0
628,38,East,53,0,96.86,23.8,6,96,0,2,0,0
629,46,North,23,1,91.11,15.76,12,24,0,0,0,0
630,38,South,30,1,91.6,29.23,15,74,0,2,0,0
631,60,South,56,1,134.52,36.06,8,59,2,0,0,0
632,36,North,39,0,85.25,33.66,3,82,0,2,0,0
633,42,South,34,1,91.48,33.77,6,88,0,6,0,0
634,39,North,53,1,97.74,35.24,2,56,0,3,0,0
635,28,North,21,1,72.78,30.3,6,61,0,0,0,0
636,57,East,5,1,81.51,47.49,7,36,4,3,0,0
637,31,North,56,0,92.61,37.01,8,22,3,0,0,0
638,34,East,33,1,67.78,29.59,8,70,5,2,0,0
639,63,North,24,0,51.54,12.87,3,102,0,1,1,1
640,72,East,7,0,55.76,10.54,8,39,1,4,0,0
641,56,South,66,1,96.53,39.83,5,32,1,3,0,0
642,70,West,52,0,86.65,26.08,3,50,0,2,1,0
643,66,West,20,1,92.73,28.75,2,86,0,3,0,1
644,45,South,44,1,100.17,37.17,11,18,0,0,0,0
645,61,East,33,1,104.75,25.16,7,18,0,4,0,0
646,36,North,24,1,83.23,41.36,5,85,2,2,0,1
647,44,East,23,1,90.81,31.94,7,14,1,3,0,0
648,48,North,6,0,47.95,16.35,5,68,1,2,0,1
649,72,South,70,1,119.27,32.06,6,71,0,1,0,0
650,66,North,66,1,114.14,31.79,6,9,0,0,0,0
651,45,West,62,0,73.02,27.92,4,21,1,2,0,0
652,55,South,23,1,89.17,44.33,6,89,3,3,1,0
653,29,East,71,0,94.93,33.91,2,88,0,0,0,0
654,63,South,20,0,74.22,26.28,8,94,1,4,0,1
655,49,South,59,1,114.27,33.5,8,55,1,2,1,0
656,48,North,8,1,73.18,30.45,8,32,2,0,1,0
657,61,West,23,1,102.95,20.86,10,29,2,1,0,0
658,54,West,41,1,108.35,34.85,10,33,1,3,0,0
659,22,North,69,0,83.63,18.19,5,93,0,2,0,0
660,34,East,19,1,72.36,44.75,6,8,4,0,0,0
661,28,South,31,1,85.78,33.39,11,71,1,1,0,0
662,59,North,60,0,67.93,30.98,3,81,0,3,1,1
663,20,South,34,0,80.12,21.14,4,106,0,4,0,0
664,29,North,49,0,102.25,19.6,4,44,1,2,0,0
665,52,North,30,1,116.32,39.84,12,7,1,4,0,0
666,57,East,1,0,44.16,27.22,4,58,1,2,0,1
667,46,North,21,0,82.3,27.58,1,75,1,3,0,1
668,67,West,41,0,81.77,24.25,5,55,0,2,0,0
669,70,East,2,0,25.06,31.32,1,41,2,3,0,0
670,25,West,17,0,63.51,30.16,6,90,1,2,0,1
671,72,East,68,0,87.34,7.59,3,28,1,1,0,0
672,53,West,2,1,99.16,32.94,7,85,1,0,0,1
673,54,South,18,1,75.94,43.12,4,62,0,2,0,0
674,23,East,44,1,110.45,26.84,8,55,0,2,0,0
675,53,South,40,1,98.39,21.46,5,30,0,5,0,0
676,59,West,15,0,45.81,23.89,6,18,0,4,0,0
677,51,North,5,1,74.22,39.17,14,12,3,2,1,0
678,22,East,64,1,134.97,31.32,9,53,0,0,0,0
679,47,East,40,1,97.4,45.34,10,55,2,2,0,0
680,71,South,41,0,94.09,39.75,3,59,1,2,0,0
681,59,West,5,1,95.27,19.6,3,86,1,1,0,0
682,25,South,15,0,60.78,21.93,4,31,2,2,1,1
683,72,North,6,1,63.75,16.75,2,35,2,2,0,0
684,72,East,70,1,97.72,40.29,8,21,0,1,0,0
685,27,South,55,1,129.28,29.56,5,63,3,2,0,0
686,63,North,39,1,101.78,31.19,5,63,2,0,0,0
687,41,North,49,1,78.49,44.18,6,88,2,4,0,0
688,51,North,12,0,78.51,14.37,7,26,1,2,0,0
689,43,East,71,0,68.7,12.36,3,59,0,4,0,0
690,62,West,37,1,86.11,16.78,5,69,0,1,0,0
691,74,East,37,1,99.72,45.16,5,80,0,3,0,0
692,63,North,69,1,152.31,43.31,7,18,0,3,0,0
693,71,South,7,1,95.74,32.65,4,63,0,2,0,0
694,71,West,31,1,88.26,24.8,8,58,2,3,0,1
695,23,East,7,0,63.92,31.67,5,13,2,3,1,1
696,32,South,31,1,109.3,57.04,7,46,1,2,0,0
697,59,North,19,0,90.83,23.11,1,36,2,2,0,0
698,51,West,33,0,72.79,15.38,5,76,1,1,2,0
699,20,West,50,0,81.72,34.93,5,90,0,5,0,1
700,23,North,20,0,57.55,15.94,4,76,0,4,0,0
701,47,West,4,0,71.98,22.07,3,105,1,0,0,0
702,53,North,12,1,101.39,13.89,7,3,0,0,0,0
703,27,North,51,1,76.42,32.57,8,79,1,1,0,0
704,27,East,42,0,75.05,14.77,3,31,1,3,0,0
705,25,South,70,0,76.8,35.07,9,63,1,1,1,0
706,50,South,64,0,94.26,17.19,3,70,1,5,0,0
707,18,West,12,1,67.43,41.24,6,54,1,0,0,0
708,50,West,53,0,66.7,24.16,2,99,3,1,0,0
709,45,North,7,0,80.35,26.0,5,93,2,5,0,1
710,44,East,7,0,61.02,29.18,7,18,0,2,0,0
711,56,East,57,1,107.6,34.57,4,27,1,1,0,0
712,47,East,29,0,80.98,19.82,1,41,2,2,0,0
713,59,West,71,1,130.06,28.5,6,11,1,1,0,0
714,61,East,1,0,54.22,29.07,3,60,3,4,0,0
715,70,North,36,1,92.06,19.79,4,31,0,1,0,0
716,63,North,22,1,85.12,48.43,5,87,3,2,0,0
717,47,West,70,0,111.22,26.05,3,47,0,3,0,0
718,46,West,48,0,82.98,22.3,1,70,2,5,0,0
719,31,North,55,1,103.13,37.13,7,42,0,0,0,0
720,52,North,21,1,96.36,30.25,9,68,2,5,1,1
721,25,East,64,1,139.47,33.58,8,78,0,1,0,0
722,71,North,60,0,91.11,15.95,4,69,1,1,0,0
723,66,North,56,1,103.96,38.0,10,34,0,1,1,0
724,24,West,34,0,106.14,24.37,1,63,2,2,0,1
725,62,West,66,1,132.95,36.5,7,73,1,7,0,0
726,24,West,48,1,121.77,46.87,6,60,0,1,0,0
727,59,East,5,1,74.99,28.57,6,86,2,3,0,1
728,22,South,63,0,82.5,23.97,4,69,0,3,0,0
729,45,West,2,0,33.49,11.79,7,104,0,1,0,0
730,55,South,49,0,98.97,29.4,1,20,2,5,0,1
731,59,North,18,1,90.15,34.86,4,61,3,1,0,0
732,41,West,64,1,84.99,35.14,1,12,1,0,0,0
733,70,East,52,0,104.03,23.74,0,55,0,2,0,0
734,62,West,58,0,83.94,20.37,3,104,2,3,0,0
735,29,North,50,0,81.79,44.97,4,59,2,2,1,1
736,56,West,41,0,57.81,25.31,3,67,0,1,0,0
737,59,East,62,0,98.38,27.37,5,91,1,2,0,0
738,37,East,22,1,98.53,25.88,8,18,1,2,0,0
739,60,West,38,0,78.28,32.08,5,58,2,1,0,0
740,69,South,22,0,64.73,24.01,5,3,2,3,0,0
741,64,East,9,1,123.9,38.57,6,55,2,0,0,0
742,61,East,63,1,93.45,42.22,9,77,3,3,0,0
743,54,West,36,0,67.18,24.17,5,40,1,1,0,1
744,33,West,4,0,72.62,19.58,5,78,1,1,0,0
745,63,East,59,0,74.28,6.38,8,107,0,4,0,0
746,38,North,67,0,77.18,21.9,4,68,0,2,0,0
747,48,North,47,0,100.47,19.54,4,98,2,3,0,0
748,35,West,24,0,81.08,15.86,3,100,0,3,0,0
749,35,West,62,1,118.26,46.62,3,31,0,1,0,0
750,26,West,53,1,109.23,42.86,3,20,2,2,0,0
751,72,North,21,1,80.12,20.36,5,15,0,2,0,0
752,26,South,24,0,68.21,26.23,3,94,0,0,0,0
753,22,East,71,1,114.31,28.46,3,31,2,0,0,0
754,71,East,68,1,126.69,37.93,4,50,2,3,0,0
755,49,North,49,0,90.89,18.6,5,35,0,0,0,0
756,42,East,3,1,67.58,30.69,8,33,1,1,0,0
757,60,North,17,0,80.34,32.7,5,101,1,6,0,1
758,39,South,26,1,67.82,41.55,9,4,0,3,1,0
759,25,North,39,1,94.69,47.08,5,1,0,0,0,0
760,59,North,62,0,73.87,23.26,4,28,0,3,0,0
761,28,North,61,1,97.64,23.35,11,36,1,2,0,0
762,49,West,20,1,118.9,42.37,10,18,0,0,1,0
763,72,East,8,1,61.94,42.42,7,57,1,1,0,0
764,71,West,20,1,77.71,40.03,12,42,1,1,0,0
765,38,South,17,1,96.16,29.05,5,26,0,1,0,0
766,62,South,64,0,84.95,16.43,2,28,1,3,0,0
767,52,South,2,0,63.33,29.29,2,90,2,1,0,1
768,45,East,59,1,130.94,27.91,6,43,0,1,0,0
769,25,South,47,0,93.32,22.54,4,47,1,1,0,0
770,39,East,8,0,56.97,48.25,2,93,1,2,0,0
771,55,West,49,1,102.49,52.03,8,12,5,1,0,0
772,74,West,42,1,108.96,41.34,7,69,0,1,0,0
773,18,North,1,0,70.02,19.7,4,10,1,0,1,0
774,58,South,16,1,88.31,29.22,5,89,0,1,0,0
775,66,North,25,1,97.91,40.73,8,20,0,2,0,0
776,72,North,16,0,73.42,36.98,5,92,3,3,0,1
777,42,East,42,1,99.62,30.91,4,54,0,1,1,0
778,24,East,44,0,72.92,21.35,2,52,0,1,0,0
779,33,East,13,0,77.64,25.7,4,72,1,2,1,1
780,66,North,9,1,88.88,23.89,4,24,1,0,0,0
781,68,West,47,1,72.29,24.13,8,61,0,0,0,0
782,54,West,34,1,84.61,25.59,8,88,1,0,0,0
783,24,South,19,0,62.29,29.37,7,54,0,1,2,0
784,24,West,19,1,86.48,37.18,6,50,1,1,0,0
785,45,North,3,0,79.56,34.1,6,62,3,0,0,0
786,51,East,61,0,138.53,11.1,7,53,0,3,0,0
787,19,West,60,1,73.12,22.86,5,83,1,1,0,0
788,57,West,40,1,104.57,38.65,2,73,0,2,0,0
789,49,West,25,0,73.54,18.02,5,50,2,3,0,0
790,18,South,16,1,85.29,28.6,5,76,0,0,0,0
791,23,West,22,1,99.14,43.1,10,69,2,1,0,0
792,43,East,66,1,115.25,30.58,6,44,0,2,1,0
793,59,North,7,1,78.08,31.51,6,44,0,1,0,0
794,65,North,59,0,89.94,23.0,4,52,0,3,1,0
795,42,East,22,0,79.35,23.48,6,29,0,5,0,1
796,34,East,19,1,96.42,40.48,10,81,0,0,0,0
797,73,South,58,1,111.83,25.32,3,32,2,1,0,0
798,44,West,69,0,85.75,23.5,3,51,1,1,0,0
799,35,East,71,0,137.79,34.3,6,69,0,2,1,0
800,43,South,20,1,95.39,52.06,9,79,0,1,0,0
801,18,South,42,1,112.44,24.15,10,51,1,1,0,0
802,35,East,21,0,62.88,27.65,2,92,0,4,1,1
803,47,East,14,0,69.84,23.48,3,39,3,3,1,0
804,70,East,28,1,96.72,34.21,5,15,1,1,0,0
805,60,South,5,0,33.82,18.68,3,57,3,0,0,1
806,62,East,12,0,55.25,31.05,2,34,1,2,0,0
807,49,East,43,0,70.47,30.64,7,42,1,3,1,0
808,24,West,49,0,75.49,45.18,6,30,0,0,0,0
809,40,North,20,1,73.95,24.43,5,45,4,2,0,1
810,74,East,40,0,80.66,11.02,4,82,1,1,0,0
811,20,South,55,0,108.46,41.44,4,68,1,2,1,0
812,68,North,64,1,113.96,34.58,2,60,2,2,0,0
813,57,East,41,1,82.78,31.35,5,63,0,1,1,1
814,34,East,18,1,73.54,36.51,10,24,3,1,0,0
815,62,South,51,0,79.84,13.84,3,65,3,2,0,0
816,65,West,13,1,65.27,38.01,3,46,0,1,0,0
817,20,South,10,1,89.57,34.36,5,41,3,1,0,0
818,24,North,26,1,113.3,43.59,6,30,2,0,0,0
819,55,South,24,0,63.36,31.86,4,24,1,4,0,0
820,74,South,11,0,66.64,32.52,0,111,2,4,0,1
821,19,East,4,1,75.57,36.53,3,44,1,1,0,0
822,55,West,68,0,84.56,37.83,4,37,0,4,0,0
823,25,East,49,0,87.34,29.61,3,7,3,5,0,0
824,55,North,51,0,75.55,20.74,4,29,1,6,0,0
825,53,South,5,1,70.37,28.53,3,74,3,3,0,1
826,23,North,57,0,64.21,19.43,1,58,0,5,1,0
827,56,East,26,0,73.97,29.71,3,87,2,5,1,1
828,69,North,54,1,123.01,24.35,2,0,0,0,0,0
829,67,South,35,1,108.11,36.24,8,9,0,0,0,0
830,19,West,18,0,91.38,18.34,2,100,0,1,1,1
831,32,East,19,1,79.38,24.98,9,64,3,1,1,1
832,31,South,10,1,97.76,26.27,9,58,3,1,0,0
833,43,South,59,0,72.96,24.81,4,71,0,2,0,0
834,26,East,31,1,106.14,41.11,8,61,1,2,0,0
835,66,East,56,0,112.66,19.59,6,97,0,1,1,0
836,62,North,59,1,116.98,18.39,7,28,1,2,0,0
837,64,West,12,0,90.93,50.23,7,63,0,1,0,0
838,29,South,24,0,63.02,33.94,6,60,1,0,0,0
839,18,South,9,0,62.49,32.46,4,59,1,2,2,0
840,69,North,1,1,66.76,48.02,4,21,2,1,1,0
841,34,South,71,1,116.02,35.74,13,15,1,3,0,0
842,55,South,47,1,107.55,33.92,6,81,0,1,1,0
843,69,North,33,1,96.89,45.85,5,13,1,2,0,0
844,20,East,15,1,80.39,45.79,11,57,2,1,0,1
845,18,South,42,0,73.64,29.92,5,98,1,6,1,0
846,18,West,39,1,104.68,42.06,9,78,1,3,0,0
847,26,West,16,1,85.61,25.09,7,18,0,1,0,0
848,20,North,2,0,43.72,22.94,3,10,1,1,0,0
849,64,North,34,1,68.54,48.63,6,66,2,1,1,0
850,52,West,37,1,89.57,41.43,6,41,0,1,0,0
851,73,West,57,0,67.77,13.3,3,42,2,7,0,1
852,63,West,28,1,81.47,30.75,11,52,1,3,0,0
853,72,North,7,1,77.15,47.33,4,88,3,4,0,0
854,31,North,63,1,109.31,38.64,4,36,1,0,0,0
855,34,North,30,0,65.01,26.46,7,44,4,4,0,0
856,66,West,52,1,138.87,36.7,4,30,0,3,0,0
857,31,East,4,0,43.08,24.33,1,31,1,5,1,0
858,21,South,3,1,99.64,30.81,10,60,2,1,0,0
859,56,East,2,1,78.56,28.33,13,30,3,2,0,0
860,63,North,57,0,78.64,33.08,4,94,2,5,0,1
861,73,East,18,1,97.81,36.9,7,85,0,0,0,0
862,70,North,57,0,81.71,30.66,6,36,2,2,0,0
863,24,East,68,1,101.9,39.37,8,83,0,0,0,0
864,62,East,48,1,130.85,46.27,5,42,0,2,0,0
865,66,East,70,1,82.08,38.64,9,5,2,7,0,0
866,57,South,66,1,109.33,41.59,3,17,0,2,1,0
867,64,West,52,0,88.85,26.34,3,2,2,0,0,0
868,65,East,58,1,130.12,27.42,9,0,1,1,0,0
869,43,North,43,1,95.52,33.2,5,20,0,2,0,0
870,20,North,16,0,107.92,29.72,3,25,3,2,0,0
871,44,East,8,0,75.39,30.42,2,94,3,3,0,0
872,29,South,28,1,58.49,46.61,12,9,1,1,0,0
873,24,North,34,1,75.19,31.32,2,1,1,1,0,0
874,25,North,25,1,96.05,36.81,9,23,1,1,0,0
875,57,North,8,0,46.84,23.97,3,43,0,1,0,0
876,46,South,36,1,106.22,47.99,6,38,0,0,0,0
877,48,East,36,0,71.19,28.01,6,64,1,3,1,1
878,60,North,68,0,76.06,28.16,5,90,0,2,0,0
879,49,East,68,0,79.53,24.71,3,16,0,3,1,0
880,53,South,44,0,94.78,23.2,3,94,1,0,0,1
881,22,South,61,0,60.16,13.41,2,64,0,2,0,0
882,66,North,23,1,107.18,24.91,4,18,1,1,0,0
883,43,West,69,1,130.62,36.43,5,8,0,2,1,0
884,26,West,67,1,108.53,35.43,8,7,1,3,0,0
885,64,South,9,1,63.43,36.48,5,62,3,3,0,0
886,59,North,50,0,93.34,32.53,6,111,2,3,0,0
887,21,North,33,0,69.2,25.74,6,96,3,3,0,0
888,29,North,19,1,66.77,32.21,5,39,1,2,0,0
889,18,West,30,1,123.64,33.32,4,23,1,1,0,0
890,33,North,65,0,79.23,26.95,4,69,3,5,0,0
891,23,West,66,0,70.92,21.96,6,83,0,4,0,0
892,58,East,25,0,76.78,33.52,3,49,3,2,1,1
893,47,South,33,1,95.48,34.91,3,74,1,1,1,0
894,73,West,37,0,100.79,27.01,2,91,1,4,1,1
895,60,North,53,0,80.79,18.47,7,78,2,4,0,0
896,52,East,35,0,71.95,33.52,4,100,0,1,1,0
897,47,North,29,0,79.53,36.51,3,93,1,1,0,1
898,21,West,66,1,115.99,24.09,6,84,1,1,0,0
899,22,South,27,0,76.95,28.21,3,32,1,1,0,0
900,53,North,19,0,73.58,24.14,3,71,3,1,0,1
901,18,West,24,0,74.47,27.27,7,39,1,1,0,0
902,20,North,24,1,85.75,38.62,10,64,1,2,0,0
903,30,North,40,1,112.49,17.12,9,2,1,2,0,0
904,68,West,47,0,78.1,31.08,5,33,1,0,0,0
905,44,South,10,1,97.07,43.9,10,11,1,2,0,0
906,58,West,63,0,112.32,34.8,4,56,1,2,0,0
907,41,East,18,1,78.84,27.44,2,12,1,1,0,0
908,27,East,9,0,100.57,24.75,9,51,2,2,0,1
909,39,South,48,0,73.31,20.69,3,36,0,4,0,0
910,23,North,15,0,56.92,9.68,4,54,1,2,1,0
911,61,West,54,0,95.1,20.04,1,61,1,0,1,0
912,28,North,68,1,120.62,26.33,7,3,0,4,0,0
913,39,South,50,1,106.08,37.68,6,21,0,1,1,0
914,73,North,56,1,120.27,21.95,8,78,0,2,0,0
915,51,North,36,0,81.79,17.16,3,47,1,3,0,0
916,44,East,25,1,123.49,30.84,6,89,1,1,0,0
917,48,West,44,0,81.2,31.16,5,68,0,4,0,0
918,62,East,26,1,80.18,57.22,10,49,2,2,0,0
919,32,West,63,1,103.22,37.42,5,72,0,4,0,0
920,54,South,34,1,104.07,26.74,10,36,0,2,0,0
921,67,South,36,0,85.29,19.57,6,36,2,2,0,0
922,50,North,48,1,107.1,40.26,10,66,2,1,2,0
923,43,East,14,0,54.26,14.23,3,72,0,1,0,0
924,26,South,40,1,116.63,43.77,9,43,0,2,0,0
925,32,East,54,1,136.05,37.19,10,13,1,0,0,0
926,71,North,56,1,108.44,34.0,3,42,0,4,0,0
927,48,West,16,1,115.16,21.52,6,51,1,2,0,0
928,35,West,4,0,74.99,32.36,4,77,2,1,0,0
929,41,West,14,0,100.28,18.91,7,71,0,0,0,0
930,50,North,59,0,96.59,26.23,3,13,0,2,0,0
931,48,West,19,1,91.55,33.74,5,13,3,0,0,0
932,57,North,5,1,95.14,22.33,7,65,2,0,2,0
933,32,South,43,1,95.0,33.15,6,77,0,0,0,0
934,55,North,63,1,117.61,25.32,9,14,2,0,0,0
935,43,North,16,0,87.96,19.78,0,47,1,2,1,0
936,71,East,4,0,74.29,28.46,4,48,5,1,0,1
937,27,North,10,1,84.54,40.62,6,50,0,0,0,0
938,26,South,10,1,88.01,34.85,5,33,0,1,0,0
939,44,East,15,1,98.87,27.93,5,51,0,1,0,0
940,46,West,13,0,77.37,19.82,5,88,1,5,0,1
941,57,East,46,1,114.25,29.68,10,32,0,1,0,0
942,41,East,16,1,93.09,17.9,6,72,1,1,0,0
943,70,North,39,0,67.13,25.59,1,67,1,2,0,1
944,45,West,29,1,84.52,21.67,5,15,0,2,0,0
945,25,North,47,1,110.42,35.61,7,28,1,1,0,0
946,24,North,47,0,95.97,13.32,10,17,1,3,0,0
947,73,North,43,1,112.03,25.35,2,69,0,2,1,0
948,25,East,64,1,101.87,40.35,9,22,2,2,0,0
949,72,South,14,1,84.73,35.2,8,12,1,2,1,0
950,33,East,38,1,81.39,19.92,9,61,1,3,0,0
951,23,South,28,1,73.13,30.53,3,35,1,1,0,0
952,35,South,38,1,100.22,37.1,5,75,2,1,0,0
953,53,South,10,1,105.37,30.05,3,13,0,3,0,0
954,42,North,23,1,93.0,32.25,7,43,1,3,0,0
955,62,South,67,0,122.12,26.95,4,81,2,5,0,0
956,52,East,57,1,106.04,35.36,8,69,1,2,0,0
957,40,East,31,0,75.97,17.06,5,48,1,5,0,0
958,54,North,8,0,49.13,25.18,5,43,2,2,0,0
959,73,East,47,0,78.29,22.7,1,36,1,4,0,0
960,41,South,22,1,73.15,48.79,10,74,1,0,1,0
961,26,North,24,1,68.82,34.18,4,47,0,0,0,0
962,41,North,7,0,45.91,26.08,4,87,0,3,0,0
963,65,South,21,1,91.78,37.08,7,67,2,1,0,0
964,30,South,16,0,56.95,22.42,4,70,1,5,0,1
965,72,East,3,1,74.0,29.24,6,7,3,1,0,0
966,51,North,42,0,87.15,28.68,3,24,0,2,2,0
967,52,East,69,1,91.27,38.74,4,54,0,1,1,0
968,36,South,9,0,65.72,41.66,3,15,1,3,0,0
969,70,East,4,1,94.72,40.94,3,61,0,0,0,0
970,20,West,8,1,98.02,41.07,4,44,2,0,0,0
971,35,South,39,0,87.25,30.74,3,40,3,0,0,0
972,41,North,59,1,108.72,29.48,5,68,0,0,0,0
973,45,South,22,1,81.64,24.94,7,80,1,2,0,1
974,45,West,9,1,83.26,26.97,9,26,2,1,0,0
975,26,West,7,1,108.3,40.5,2,53,0,2,0,0
976,30,North,44,0,86.1,36.37,5,32,0,5,0,0
977,23,East,26,1,91.4,40.87,8,18,1,1,1,0
978,50,South,25,1,100.96,33.66,7,14,2,1,0,0
979,37,North,17,1,89.25,48.41,9,30,0,0,0,0
980,50,East,64,1,115.39,31.45,10,27,0,1,0,0
981,51,South,27,0,69.8,15.81,0,48,2,0,0,0
982,58,South,51,0,79.28,27.02,2,95,0,3,0,0
983,49,West,53,0,101.44,35.33,3,35,1,4,1,0
984,54,South,5,1,53.24,28.25,9,34,2,1,0,0
985,51,East,18,0,76.18,11.36,2,76,2,5,0,0
986,55,South,64,0,84.85,25.3,7,37,0,1,1,0
987,53,North,63,0,62.92,31.17,4,74,1,2,0,1
988,36,South,30,1,80.38,11.28,5,32,1,1,0,0
989,32,West,12,1,85.46,42.82,2,66,2,0,1,1
990,62,South,22,0,72.52,14.07,5,59,0,0,1,1
991,37,North,68,0,105.1,30.8,2,36,0,2,0,0
992,49,East,48,1,116.12,19.03,9,3,1,1,0,0
993,29,West,6,1,59.8,23.2,5,35,4,3,0,1
994,42,West,51,1,111.16,39.95,11,24,1,2,1,0
995,48,East,11,1,96.43,44.73,6,47,0,1,0,0
996,53,South,22,1,94.28,34.93,5,3,1,0,0,0
997,48,East,35,1,105.04,54.16,3,71,0,2,0,0
998,38,West,25,0,43.51,16.82,4,48,2,1,1,1
999,72,West,50,1,90.15,26.72,11,0,0,1,0,0
1000,47,West,12,0,86.49,22.58,6,36,2,3,1,0
1001,64,South,63,1,107.3,32.2,11,51,0,1,0,0
1002,59,North,43,1,134.85,37.27,12,71,0,1,0,0
1003,49,East,22,0,51.82,19.06,6,38,1,1,0,0
1004,68,North,68,0,117.46,29.54,4,61,1,5,0,1
1005,25,North,34,0,67.84,29.35,3,68,1,3,0,0
1006,70,South,30,0,87.94,37.91,2,24,1,5,0,0
1007,66,East,2,0,56.57,21.08,5,17,0,1,0,0
1008,46,West,71,1,117.24,37.7,9,44,1,2,0,0
1009,59,West,61,1,119.43,39.85,7,59,1,1,0,0
1010,47,West,13,1,77.3,34.94,3,85,0,2,0,0
1011,33,East,68,1,126.02,33.31,13,50,2,2,0,0
1012,63,East,57,1,104.51,18.49,8,1,3,1,0,0
1013,32,North,30,1,97.67,35.67,5,29,2,1,0,0
1014,35,East,66,0,53.32,29.76,6,47,2,1,0,0
1015,47,North,40,0,74.94,24.54,2,76,1,1,1,0
1016,65,North,49,0,103.45,18.74,6,64,1,3,0,0
1017,39,North,14,0,77.42,11.57,2,57,2,2,0,0
1018,46,West,8,1,97.3,38.62,10,29,1,2,0,0
1019,20,East,38,0,79.8,25.27,8,41,2,3,0,0
1020,24,West,24,0,97.14,36.12,6,74,0,2,0,0
1021,21,West,70,1,119.33,23.4,7,56,1,0,0,0
1022,22,West,7,0,53.6,21.24,1,100,3,2,0,1
1023,67,North,55,1,120.33,24.43,8,86,0,0,0,0
1024,65,West,43,0,95.34,33.2,4,101,0,3,0,0
1025,64,West,63,1,120.94,44.91,5,33,2,2,0,0
1026,21,West,71,1,109.46,50.38,10,33,3,1,0,0
1027,22,North,62,1,115.22,39.17,14,26,0,1,0,0
1028,33,North,27,0,94.4,31.31,8,75,2,4,0,0
1029,50,West,50,1,112.16,38.49,8,80,0,1,0,0
1030,37,North,12,1,63.83,39.58,11,16,1,2,0,1
1031,45,South,35,0,68.07,25.39,9,51,0,4,0,0
1032,27,South,20,0,59.87,29.95,4,70,1,1,0,0
1033,59,North,18,0,57.69,42.12,4,86,2,2,1,0
1034,35,North,41,0,48.83,26.75,2,95,1,3,0,0
1035,21,West,10,1,113.36,35.19,8,19,1,1,0,0
1036,60,West,41,1,87.36,36.58,5,9,2,1,0,0
1037,69,West,29,1,82.44,33.81,9,74,1,0,0,0
1038,18,South,17,1,59.37,36.97,8,54,1,0,0,0
1039,42,North,40,1,113.0,33.54,10,20,1,2,0,0
1040,65,South,54,1,105.64,44.15,6,16,0,4,0,0
1041,58,South,44,1,96.74,43.35,11,60,0,1,1,0
1042,66,North,7,1,79.03,52.33,5,74,1,0,0,0
1043,41,East,40,1,108.82,34.81,3,10,0,2,1,0
1044,39,West,45,0,75.3,27.31,3,51,1,2,0,0
1045,58,South,49,1,74.67,36.98,1,52,1,4,0,1
1046,26,South,31,0,56.13,26.6,4,22,1,0,1,0
1047,31,South,7,1,63.35,44.04,1,50,2,2,0,0
1048,52,North,10,0,69.13,12.0,6,102,2,2,0,1
1049,56,North,24,1,105.95,38.69,2,45,1,2,1,0
1050,24,South,46,0,104.99,40.97,1,28,0,6,0,0
1051,46,South,53,1,81.98,45.9,8,42,2,1,0,1
1052,38,East,48,1,113.3,44.99,14,44,2,1,1,0
1053,46,West,23,0,62.27,31.74,3,60,0,3,0,0
1054,72,North,32,1,139.85,30.23,4,10,1,3,1,1
1055,22,North,4,0,82.75,19.0,3,69,3,0,1,0
1056,74,North,57,0,114.03,19.06,3,85,0,0,1,1
1057,43,North,26,1,105.04,25.89,8,8,0,3,0,0
1058,62,East,37,0,84.23,32.57,3,93,1,1,0,0
1059,42,West,32,0,69.96,36.75,5,38,1,1,1,0
1060,35,West,21,1,81.51,38.48,11,12,1,2,0,0
1061,61,East,12,0,54.0,31.44,6,39,1,4,0,1
1062,57,South,68,1,123.26,37.35,6,68,1,1,0,0
1063,26,North,9,0,87.91,29.55,5,72,0,3,0,0
1064,58,South,68,0,88.65,8.06,2,27,1,3,0,0
1065,60,South,9,0,53.66,27.52,7,31,0,4,1,0
1066,40,West,7,0,41.25,21.6,2,35,1,2,0,0
1067,70,South,65,1,116.17,34.68,7,59,2,2,0,0
1068,54,North,68,0,112.44,26.81,5,82,2,2,0,0
1069,37,South,64,1,131.19,29.28,8,61,1,0,0,0
1070,18,North,56,0,108.68,16.4,2,41,2,2,0,1
1071,56,West,35,1,103.73,29.03,6,43,4,2,0,0
1072,29,North,8,0,65.35,13.41,6,24,1,2,0,1
1073,61,North,43,0,100.73,15.76,2,43,1,3,0,0
1074,47,North,37,1,81.85,26.86,6,36,3,3,1,1
1075,44,West,53,1,99.89,23.52,4,2,0,0,0,0
1076,27,South,3,0,87.16,29.23,1,65,0,2,1,1
1077,58,East,6,1,66.88,27.8,3,15,2,1,1,0
1078,27,South,42,1,100.48,20.09,4,72,1,2,0,0
1079,41,North,61,0,99.97,21.79,2,54,1,1,0,0
1080,65,West,67,0,94.74,16.09,1,48,0,2,0,0
1081,70,North,41,0,97.74,36.67,2,48,0,0,0,0
1082,74,North,27,0,96.39,26.06,6,12,2,2,0,0
1083,72,East,34,0,84.19,13.24,4,32,2,2,0,0
1084,49,North,37,0,99.35,29.55,6,104,1,4,0,0
1085,29,North,44,0,68.07,25.68,11,55,1,2,1,1
1086,65,West,17,1,86.14,33.09,11,55,1,0,1,0
1087,63,South,28,1,130.08,47.6,5,43,2,1,1,0
1088,74,North,39,1,128.64,27.2,5,60,1,0,0,0
1089,55,South,61,1,91.35,43.28,6,22,3,1,1,0
1090,26,East,57,0,88.31,21.72,6,52,0,0,0,0
1091,46,North,54,1,109.04,34.85,9,44,0,1,0,0
1092,43,North,16,0,74.25,19.0,4,55,2,3,0,0
1093,66,East,29,0,93.61,19.51,4,81,0,3,0,0
1094,40,East,40,1,127.59,31.51,8,48,0,0,0,0
1095,36,West,69,0,95.06,9.79,2,25,0,2,0,0
1096,22,South,26,0,89.83,27.77,0,24,0,5,0,0
1097,65,North,66,1,122.72,35.92,8,29,2,2,0,0
1098,61,South,54,1,106.68,23.02,8,56,0,0,1,0
1099,20,East,45,1,77.03,40.28,10,63,1,4,1,0
1100,42,North,50,1,120.28,46.66,9,52,1,2,1,0
1101,45,East,57,1,117.58,29.68,11,15,1,6,0,0
1102,44,North,50,0,90.84,18.72,5,90,0,3,0,0
1103,70,West,48,0,69.28,33.91,3,99,0,3,0,1
1104,26,West,27,1,122.89,38.23,4,87,1,1,0,0
1105,35,South,31,1,97.79,33.91,5,9,1,4,0,0
1106,28,West,43,1,84.38,41.52,8,13,2,2,1,0
1107,31,West,60,0,70.47,27.19,7,30,0,2,0,0
1108,69,North,47,1,113.66,46.43,7,68,0,3,0,0
1109,71,South,71,1,126.11,34.87,7,43,0,1,2,0
1110,20,East,49,0,77.55,28.41,3,51,1,2,1,1
1111,54,North,29,0,81.44,33.78,3,55,0,3,0,0
1112,31,South,41,1,110.51,15.42,8,51,0,1,0,0
1113,28,North,45,0,84.6,34.07,4,33,1,2,1,0
1114,34,West,62,0,80.48,20.96,5,17,2,1,0,0
1115,29,South,19,1,103.92,39.0,6,85,1,1,0,0
1116,45,East,18,1,101.56,48.31,10,67,2,0,0,0
1117,74,South,15,1,96.02,32.55,8,87,2,0,1,0
1118,51,North,4,1,69.49,31.36,7,59,1,2,0,0
1119,59,West,48,1,84.03,34.56,4,66,1,0,0,0
1120,46,North,69,0,95.65,13.38,3,93,2,1,0,1
1121,18,North,44,0,95.94,42.59,1,49,0,1,0,0
1122,22,South,5,1,98.11,34.66,4,79,2,1,0,0
1123,33,East,26,0,81.77,38.16,2,53,1,4,0,0
1124,31,South,65,1,105.74,32.33,7,9,3,1,0,0
1125,65,North,4,1,69.94,35.27,9,71,2,1,0,0
1126,66,South,44,1,101.75,42.55,5,46,0,2,0,0
1127,66,North,32,0,75.89,16.18,2,79,1,3,0,0
1128,54,North,66,1,129.61,34.18,13,39,0,2,0,0
1129,49,South,37,1,91.3,42.25,3,29,2,1,0,0
1130,55,North,41,1,94.55,33.3,13,71,0,1,0,0
1131,41,South,52,1,136.82,31.14,7,5,0,2,1,0
1132,56,East,59,0,112.77,33.92,5,17,1,4,0,0
1133,63,East,37,1,85.26,46.21,5,65,1,0,0,0
1134,61,North,52,1,128.03,47.48,8,75,0,2,1,0
1135,52,South,58,0,72.17,19.6,5,98,0,3,2,1
1136,21,North,38,1,92.49,30.37,4,83,0,3,0,0
1137,59,West,51,1,100.7,31.23,6,88,2,2,0,0
1138,38,North,26,1,91.84,40.75,6,60,3,3,0,0
1139,60,North,26,0,82.3,15.43,5,43,1,2,1,0
1140,48,South,1,1,82.1,25.88,8,10,0,1,0,0
1141,68,North,48,0,93.22,19.29,2,81,1,2,0,1
1142,37,North,18,0,62.97,17.49,3,114,2,1,0,1
1143,71,North,58,1,114.61,42.07,4,3,0,0,0,0
1144,66,East,68,0,95.18,31.54,6,38,1,0,0,0
1145,36,East,63,0,70.68,21.15,4,17,0,6,1,0
1146,45,East,20,0,77.25,23.45,2,53,1,2,0,0
1147,48,East,47,1,104.94,14.68,10,84,1,3,0,0
1148,61,South,54,1,96.29,31.34,6,16,0,2,0,0
1149,57,West,36,1,91.63,44.95,10,12,0,0,0,0
1150,66,East,37,0,72.5,20.91,4,82,0,1,0,0
1151,39,West,32,0,72.33,16.26,8,109,2,2,0,1
1152,46,East,22,0,97.38,36.01,1,59,1,2,0,0
1153,42,South,41,1,131.85,26.08,10,3,1,0,1,0
1154,69,South,71,0,54.61,37.37,7,34,0,0,0,0
1155,35,South,16,0,75.32,48.1,5,41,0,1,0,0
1156,51,North,4,1,96.32,34.12,7,58,3,3,0,0
1157,24,South,4,1,78.76,44.95,8,85,3,0,0,0
1158,66,North,42,0,94.92,11.65,2,31,2,3,0,0
1159,39,North,20,1,114.81,21.3,2,19,0,0,0,0
1160,37,West,33,0,55.92,18.63,4,61,3,6,0,0
1161,51,East,68,0,96.01,31.58,2,59,0,1,0,0
1162,46,East,6,0,92.35,25.01,7,65,1,1,0,0
1163,66,South,13,1,67.93,33.51,5,47,2,0,0,0
1164,48,East,16,0,66.27,14.67,4,93,2,1,1,1
1165,47,West,33,0,69.77,23.98,5,68,1,2,0,1
1166,23,East,50,0,100.78,19.85,3,64,0,2,0,0
1167,19,East,14,1,104.87,27.62,8,66,1,2,0,1
1168,40,South,8,0,66.43,16.94,6,89,2,1,0,1
1169,74,South,7,1,83.98,36.54,4,2,0,5,0,0
1170,70,East,57,1,82.71,29.24,3,38,1,2,0,0
1171,53,West,3,1,102.85,34.95,7,80,3,0,0,1
1172,53,South,45,0,77.2,10.85,5,54,0,4,2,0
1173,40,South,42,0,78.87,29.03,6,90,0,3,1,1
1174,28,South,8,0,78.57,26.93,1,16,0,4,0,0
1175,18,South,40,1,102.96,33.15,5,88,0,2,0,1
1176,37,West,21,1,105.56,36.29,6,48,0,3,0,0
1177,36,East,37,1,107.55,42.47,6,29,0,2,1,0
1178,28,South,10,0,68.06,13.41,1,29,3,2,0,0
1179,32,South,48,1,108.66,35.53,3,66,1,1,0,0
1180,19,South,57,0,71.66,14.56,2,65,0,1,0,0
1181,52,North,1,0,58.27,25.7,2,29,0,1,0,0
1182,70,South,38,0,95.26,22.93,6,76,1,1,0,0
1183,57,West,46,0,69.52,24.8,2,91,0,1,1,0
1184,43,East,1,0,49.77,31.79,4,30,2,1,0,0
1185,41,North,52,0,72.81,31.55,5,77,3,2,0,0
1186,35,East,39,1,101.8,43.69,9,34,0,1,0,0
1187,26,East,22,0,92.04,21.83,6,89,2,1,0,0
1188,52,North,35,1,105.71,40.63,5,51,0,0,0,0
1189,50,East,49,1,71.85,39.05,6,40,0,1,0,0
1190,18,East,46,0,92.73,22.03,5,30,1,1,1,0
1191,41,West,56,1,101.37,35.94,9,47,1,1,0,0
1192,33,North,3,1,89.14,33.94,6,49,1,1,0,0
1193,27,North,56,0,85.76,36.16,1,50,0,2,0,0
1194,58,South,3,1,68.59,41.48,5,85,0,1,0,0
1195,47,North,47,1,102.43,32.31,5,89,2,0,0,0
1196,54,South,25,0,65.88,21.76,3,47,2,5,0,1
1197,58,West,5,1,87.12,42.66,8,18,2,1,0,0
1198,73,North,49,1,91.21,45.72,3,89,0,1,0,0
1199,63,South,40,1,83.13,37.52,7,77,3,1,0,1
1200,53,West,48,1,114.98,40.27,6,60,0,0,0,0
1201,68,South,27,0,90.13,35.43,2,36,1,4,0,0
1202,45,South,20,1,98.7,33.6,6,23,0,0,0,0
1203,74,East,45,0,72.77,25.67,4,90,0,4,0,1
1204,61,North,16,1,76.9,38.89,7,29,1,2,0,0
1205,55,North,58,1,98.76,31.57,12,11,0,2,0,0
1206,69,East,49,0,97.86,38.59,5,22,1,2,1,0
1207,47,South,71,1,103.12,31.5,6,89,1,2,0,0
1208,59,South,2,1,94.26,35.49,9,4,0,3,0,0
1209,34,North,42,1,110.55,50.33,10,6,1,3,1,0
1210,72,West,40,0,98.57,10.11,4,36,1,1,0,0
1211,53,North,61,0,106.45,26.73,2,102,0,0,1,0
1212,62,East,31,1,103.64,29.72,9,8,0,1,0,0
1213,44,South,67,1,91.47,35.0,9,45,0,1,0,0
1214,67,East,17,0,77.65,15.35,2,49,1,2,0,0
1215,22,North,61,1,112.23,32.03,5,22,1,4,2,0
1216,24,North,37,0,72.9,25.2,3,79,1,5,1,0
1217,46,South,68,1,134.43,36.91,9,82,1,1,0,0
1218,59,East,16,0,65.73,32.17,3,24,1,2,0,0
1219,64,North,19,1,81.56,16.41,4,48,1,2,0,0
1220,43,South,41,1,117.36,33.99,2,81,1,2,0,0
1221,55,South,40,1,93.92,33.6,10,34,0,0,0,0
1222,49,North,11,1,76.81,34.49,9,48,2,3,0,1
1223,72,East,47,0,66.59,25.26,5,69,1,1,0,0
1224,55,North,29,1,82.2,28.36,3,81,1,1,0,0
1225,41,South,11,0,54.48,12.62,8,60,3,4,0,1
1226,73,North,37,0,87.82,26.74,2,44,0,3,0,0
1227,24,South,50,0,69.71,17.05,5,56,0,4,0,0
1228,74,South,3,0,33.63,28.22,3,52,1,1,0,0
1229,26,South,66,1,117.55,27.5,5,12,0,3,0,0
1230,34,South,44,0,72.49,30.54,3,82,0,5,0,0
1231,64,West,19,0,69.26,24.56,2,81,1,1,1,0
1232,59,South,54,0,106.24,25.12,2,101,0,4,1,1
1233,73,West,60,0,91.07,23.03,1,37,0,3,0,0
1234,60,North,68,0,116.64,21.75,3,93,1,2,0,0
1235,54,South,57,0,87.48,23.14,4,86,1,4,1,0
1236,37,North,15,1,102.6,44.45,5,86,2,2,1,1
1237,18,South,12,1,77.79,22.73,5,22,1,1,0,0
1238,25,East,15,1,89.12,29.81,10,29,2,2,0,0
1239,34,West,63,0,77.51,33.45,3,36,0,3,1,0
1240,20,East,22,0,58.79,31.56,2,63,0,2,0,0
1241,46,East,24,1,88.63,45.75,10,85,1,3,0,1
1242,62,North,64,0,72.07,24.53,3,93,1,2,0,0
1243,72,North,15,0,69.89,14.45,3,16,0,4,0,0
1244,45,West,29,1,89.96,26.14,6,88,1,2,0,0
1245,67,North,22,0,74.52,22.61,5,102,1,0,0,0
1246,74,North,22,1,71.3,41.09,5,37,1,1,0,0
1247,67,West,43,0,92.03,22.96,3,73,2,3,0,0
1248,44,West,53,1,131.96,32.35,6,46,0,1,0,0
1249,36,East,19,1,111.8,38.18,4,80,3,3,0,1
1250,73,South,3,1,110.06,35.22,3,42,1,0,0,0
1251,31,West,46,1,103.64,31.48,2,76,2,1,0,1
1252,41,North,39,0,74.22,16.99,5,74,1,4,0,1
1253,22,South,47,1,110.81,42.58,4,45,1,1,0,0
1254,63,South,32,0,72.43,33.38,2,66,2,2,0,1
1255,55,West,56,1,81.89,26.54,3,73,0,2,0,0
1256,22,West,45,1,114.79,31.78,15,8,0,0,0,0
1257,30,East,54,1,103.48,40.34,6,18,0,2,0,0
1258,49,North,52,1,83.99,25.9,6,30,1,3,0,0
1259,48,South,36,0,70.38,27.92,4,22,0,1,0,0
1260,63,North,24,1,88.83,32.39,6,47,3,1,1,0
1261,33,West,42,1,101.18,25.27,6,26,0,1,0,0
1262,70,North,46,0,83.36,39.22,3,94,0,3,1,1
1263,43,North,41,1,121.04,32.27,5,39,0,1,0,0
1264,64,East,38,1,79.67,39.19,4,85,0,0,0,0
1265,31,South,25,0,70.22,16.03,1,111,1,2,0,0
1266,20,West,10,0,51.82,37.42,3,15,1,3,0,0
1267,21,North,31,0,94.34,40.58,5,23,1,1,0,0
1268,39,West,63,1,103.08,22.98,11,19,0,0,1,0
1269,72,North,51,1,100.34,33.68,4,22,0,1,0,0
1270,20,North,54,0,102.75,35.62,5,23,3,2,0,1
1271,39,South,53,1,126.37,31.25,6,28,0,2,2,0
1272,24,North,66,1,135.09,38.27,10,9,0,3,0,0
1273,71,East,17,0,43.85,11.56,5,24,2,2,0,1
1274,56,North,52,0,93.24,18.69,1,48,3,5,0,1
1275,61,North,5,0,66.55,27.44,2,87,1,2,1,1
1276,58,East,18,0,68.23,20.28,3,40,0,3,0,0
1277,55,North,3,1,82.5,32.12,9,26,1,0,0,0
1278,62,East,31,0,94.79,12.88,3,98,0,2,2,1
1279,18,East,10,1,100.58,40.23,8,73,1,2,0,0
1280,67,North,28,1,107.45,24.28,10,73,1,2,0,0
1281,60,East,10,0,68.1,37.33,8,107,2,1,0,0
1282,60,North,3,1,115.56,29.54,5,46,3,0,0,0
1283,40,South,34,0,70.99,31.41,5,14,1,2,0,0
1284,63,North,30,1,70.76,40.62,11,15,2,2,0,0
1285,39,West,30,0,71.02,17.12,4,14,0,3,0,0
1286,20,East,25,1,93.37,30.39,3,33,0,0,0,0
1287,69,South,30,0,94.55,21.34,4,86,4,3,0,1
1288,31,West,1,1,72.84,31.88,13,9,0,1,0,0
1289,23,South,34,1,104.37,24.62,7,89,2,0,0,0
1290,53,West,61,1,88.34,39.27,10,23,0,0,1,0
1291,31,East,10,0,81.22,19.49,1,64,3,2,0,0
1292,66,West,11,0,66.52,24.09,4,89,1,2,0,0
1293,43,West,56,0,83.79,33.05,3,93,1,2,0,0
1294,18,West,36,1,129.97,39.57,3,50,1,0,0,0
1295,72,North,19,1,105.55,30.03,8,73,1,3,0,0
1296,47,West,56,1,92.4,43.33,10,61,0,0,0,0
1297,32,West,24,0,70.36,30.32,2,60,0,0,0,0
1298,56,East,43,1,142.54,29.35,6,67,0,4,0,0
1299,48,North,40,0,109.68,20.89,3,48,1,3,0,0
1300,19,West,13,0,80.34,33.0,0,17,1,3,1,0
1301,61,North,54,1,79.29,41.23,7,59,0,2,0,0
1302,40,South,44,0,101.98,12.98,3,84,2,4,0,1
1303,57,South,15,0,57.97,16.96,3,103,0,4,0,1
1304,69,North,54,0,106.85,30.56,4,90,1,6,0,0
1305,52,East,45,1,91.66,25.61,12,57,0,2,1,0
1306,56,North,61,1,117.83,41.44,4,53,1,0,0,0
1307,32,East,59,1,99.9,50.49,4,61,2,0,0,0
1308,31,West,23,1,86.05,37.99,8,33,1,0,0,0
1309,41,South,67,1,122.83,27.62,8,40,1,1,0,0
1310,66,East,3,1,61.72,36.41,0,80,2,3,1,0
1311,47,North,24,0,107.59,33.28,5,42,1,1,0,0
1312,37,West,44,0,66.59,25.79,3,75,1,3,0,0
1313,62,West,38,1,82.75,38.87,3,62,1,2,0,0
1314,66,North,17,1,97.88,28.6,1,84,2,0,0,1
1315,69,East,15,0,86.88,19.21,1,86,0,1,1,1
1316,35,South,56,0,83.14,32.25,4,73,1,2,0,0
1317,58,South,63,1,95.43,29.3,5,9,1,2,0,0
1318,51,East,49,0,70.66,4.31,0,51,0,5,0,0
1319,43,South,38,1,83.55,32.55,2,89,2,3,0,0
1320,40,East,55,1,112.12,37.51,9,6,1,1,1,0
1321,24,North,18,1,87.95,43.47,10,36,1,3,0,0
1322,33,South,69,0,100.89,38.17,5,25,1,4,1,0
1323,49,West,9,1,89.97,35.68,6,58,3,2,0,1
1324,68,North,42,0,93.36,30.27,3,40,0,4,0,0
1325,67,East,25,0,66.35,25.97,9,78,2,2,0,0
1326,28,North,65,0,81.43,27.83,4,81,0,2,0,0
1327,56,West,18,1,91.34,33.51,3,32,0,1,0,0
1328,22,East,46,0,82.18,28.09,6,45,3,2,0,0
1329,56,South,12,0,69.79,19.16,4,73,2,3,0,1
1330,37,North,13,1,75.82,50.84,3,60,0,1,0,0
1331,43,South,30,1,104.63,15.87,10,76,2,1,0,0
1332,58,West,57,1,90.82,39.57,11,64,0,2,0,0
1333,42,South,20,1,83.39,37.56,9,16,4,1,0,0
1334,64,South,50,1,121.94,37.97,3,2,0,1,0,0
1335,48,East,41,1,83.53,25.54,7,1,1,2,0,0
1336,74,South,70,1,130.75,21.57,3,2,0,0,0,0
1337,54,South,22,1,69.86,39.85,6,22,3,2,0,0
1338,34,South,18,0,45.22,35.73,2,96,1,3,0,0
1339,62,North,65,0,70.09,26.76,5,100,1,3,1,0
1340,41,East,24,0,73.75,31.44,1,78,3,2,1,0
1341,48,West,16,1,98.94,31.33,8,57,1,1,0,0
1342,25,West,59,1,128.89,37.65,7,60,2,1,0,0
1343,24,West,58,0,107.19,34.81,4,55,0,4,0,0
1344,50,South,5,0,75.44,22.49,1,41,1,3,0,0
1345,28,South,61,1,98.02,44.49,10,28,1,2,0,0
1346,74,East,45,1,89.89,21.92,4,21,0,1,0,0
1347,66,West,20,1,101.82,30.1,11,84,3,0,0,0
1348,57,East,39,0,100.82,29.37,2,23,0,6,1,0
1349,59,South,17,1,73.03,50.22,5,8,1,1,0,0
1350,51,East,12,1,105.41,35.11,10,23,1,1,1,0
1351,21,East,10,0,36.19,16.73,4,10,1,1,0,0
1352,40,West,12,1,91.85,50.04,9,88,1,0,0,0
1353,46,East,42,0,79.44,23.99,5,80,0,2,0,0
1354,70,South,58,1,105.94,40.32,6,40,1,6,0,0
1355,30,North,35,1,97.97,32.32,12,0,0,0,0,0
1356,46,South,2,1,68.19,36.14,3,10,1,0,0,0
1357,37,South,31,0,82.19,20.5,2,51,1,2,0,0
1358,25,West,54,1,107.91,53.06,4,49,2,2,1,0
1359,23,South,60,1,124.03,44.53,6,20,1,1,0,0
1360,38,South,53,0,110.36,39.14,4,79,0,4,0,0
1361,22,South,27,1,95.4,28.69,6,11,1,3,0,0
1362,21,East,47,1,91.22,20.4,8,27,1,2,1,0
1363,37,South,5,0,45.43,22.66,3,35,1,0,0,0
1364,29,North,30,1,120.47,55.13,9,11,3,1,0,0
1365,49,West,39,0,103.06,22.43,5,102,0,3,0,1
1366,19,South,3,1,94.81,43.41,5,45,1,2,0,0
1367,35,South,2,1,81.9,26.8,3,23,2,3,0,0
1368,43,North,57,1,120.73,28.37,7,72,3,2,0,0
1369,72,East,16,1,107.57,34.36,4,76,2,0,0,0
1370,54,East,9,0,55.23,41.88,1,60,0,3,1,1
1371,68,West,43,1,101.95,43.8,8,51,2,0,0,1
1372,37,North,20,0,53.41,8.57,3,82,2,4,0,0
1373,43,West,70,0,93.06,30.33,4,56,4,3,1,1
1374,41,East,68,1,137.16,25.81,8,15,0,6,0,0
1375,68,South,59,0,105.68,19.55,4,7,1,3,0,0
1376,72,North,22,0,73.03,29.08,1,33,2,5,0,1
1377,72,South,63,0,51.1,36.19,3,70,1,2,0,0
1378,60,West,19,1,79.66,45.79,2,6,0,1,0,0
1379,46,South,18,1,90.54,37.65,5,51,2,0,0,0
1380,48,South,70,1,111.76,37.76,5,68,0,0,1,0
1381,73,East,48,1,104.49,45.77,3,38,0,2,0,0
1382,34,West,7,1,87.14,22.4,12,40,3,2,0,0
1383,37,East,63,1,103.49,49.62,5,12,1,1,0,0
1384,69,East,12,0,65.89,19.11,3,93,1,3,0,0
1385,40,North,49,0,82.26,27.08,4,63,0,0,0,0
1386,31,West,32,0,65.45,21.03,3,97,3,4,1,1
1387,49,North,2,1,108.7,25.75,6,6,0,5,1,0
1388,36,North,56,1,100.85,38.69,7,4,2,3,1,0
1389,68,West,49,0,50.69,26.89,1,38,2,3,0,0
1390,69,North,63,1,138.25,34.16,6,41,2,2,0,0
1391,35,North,44,0,69.31,23.78,0,85,0,2,0,0
1392,48,East,54,1,120.5,47.21,9,28,1,2,0,0
1393,74,South,65,1,102.29,52.54,3,82,0,0,0,0
1394,60,North,70,0,103.54,35.02,5,35,0,2,0,0
1395,30,East,40,0,79.28,27.22,3,17,2,3,2,0
1396,51,East,2,0,76.0,11.9,5,35,5,1,0,0
1397,53,West,25,1,89.29,40.02,8,13,1,2,0,0
1398,55,North,44,1,92.17,40.37,8,52,0,1,0,0
1399,19,East,8,1,87.86,41.17,5,82,0,2,0,0
1400,35,West,9,1,78.76,25.87,9,65,1,0,0,0
1401,66,North,29,0,45.56,31.8,5,21,1,1,1,0
1402,31,North,65,1,103.48,47.49,6,78,1,2,0,1
1403,35,North,23,1,134.53,27.14,9,1,2,3,0,0
1404,36,South,67,1,86.18,40.48,5,21,1,2,0,0
1405,28,North,58,1,112.62,28.51,4,47,1,1,0,0
1406,26,East,22,1,87.36,34.17,2,78,0,1,0,0
1407,37,West,17,1,116.05,27.41,7,89,1,1,0,0
1408,67,North,59,1,92.83,32.19,7,50,4,1,0,0
1409,18,East,54,1,108.52,32.26,6,85,0,2,0,1
1410,34,North,45,1,112.79,38.3,7,11,0,2,0,0
1411,21,North,70,0,92.31,32.12,3,28,2,5,1,1
1412,50,East,8,1,72.49,44.73,9,18,3,2,0,0
1413,32,South,28,0,73.67,19.78,4,42,2,1,2,0
1414,63,West,43,1,96.86,37.88,6,83,0,1,0,0
1415,51,South,6,1,78.32,26.21,9,4,2,4,0,0
1416,62,North,70,0,108.96,24.11,1,62,1,5,0,1
1417,54,South,41,0,86.54,25.34,3,107,0,2,0,1
1418,42,North,22,1,99.28,27.62,5,35,0,2,0,0
1419,67,West,17,0,73.45,29.47,2,33,2,4,0,0
1420,45,East,1,1,94.9,33.75,4,32,2,0,1,0
1421,72,South,43,1,121.06,36.23,8,45,0,1,0,0
1422,74,South,70,1,110.7,44.8,10,73,1,0,0,0
1423,51,East,3,1,93.79,31.58,6,18,1,0,0,0
1424,56,West,30,0,55.56,31.8,2,69,0,0,1,1
1425,32,North,48,0,50.2,36.54,4,38,3,2,0,1
1426,64,North,31,0,102.9,36.05,2,31,1,1,0,0
1427,56,North,47,1,98.5,33.49,8,51,2,0,0,1
1428,69,South,51,1,109.29,27.22,13,68,0,0,0,0
1429,33,South,69,1,96.12,29.32,9,43,3,2,0,0
1430,62,North,43,1,82.43,22.31,6,26,1,3,0,0
1431,44,South,51,0,74.81,30.49,7,50,2,2,0,0
1432,28,South,22,0,80.64,30.98,6,24,1,3,0,0
1433,27,North,11,0,57.75,25.94,6,81,0,1,0,0
1434,50,West,8,0,58.96,13.99,4,67,2,0,0,0
1435,36,East,8,1,72.83,32.08,7,49,2,3,0,0
1436,23,South,59,1,126.99,46.04,8,70,0,2,0,0
1437,42,South,3,1,94.53,39.88,7,35,1,1,0,0
1438,55,South,35,1,90.24,41.26,8,81,0,1,0,1
1439,36,West,44,0,92.26,51.46,5,62,0,3,0,0
1440,72,East,48,0,80.32,27.62,4,74,0,3,0,0
1441,62,South,5,1,77.44,17.73,8,22,3,1,0,0
1442,47,West,62,0,90.25,16.19,3,42,1,3,0,0
1443,71,West,32,1,105.65,37.44,6,44,1,1,0,0
1444,42,West,2,0,47.62,25.15,6,32,0,3,0,0
1445,25,North,10,0,72.54,23.62,5,49,0,5,0,0
1446,20,North,62,0,128.47,23.76,7,80,0,5,0,0
1447,71,East,67,0,96.25,18.72,3,81,0,4,0,0
1448,72,South,54,0,87.54,27.99,0,57,3,2,0,0
1449,60,East,24,0,70.74,36.15,3,86,1,3,0,0
1450,23,East,68,1,121.17,48.86,10,35,1,1,0,0
1451,34,South,20,1,65.84,48.63,9,55,3,0,0,0
1452,20,South,17,1,114.02,27.35,7,15,2,0,0,0
1453,20,South,55,0,102.22,24.84,6,38,0,3,1,0
1454,32,North,23,0,61.83,22.49,3,25,1,1,1,0
1455,50,East,37,1,98.97,39.74,8,3,0,2,1,0
1456,21,East,47,0,75.14,24.34,7,90,1,0,0,1
1457,74,South,12,1,90.49,33.19,6,64,1,3,0,1
1458,43,East,66,1,113.92,46.64,8,22,0,2,0,0
1459,33,South,12,0,69.43,25.79,8,108,0,2,0,0
1460,47,East,71,0,80.08,25.99,3,63,1,2,0,0
1461,63,North,20,1,82.78,38.31,5,62,3,3,0,0
1462,35,East,30,1,112.19,40.41,4,42,2,1,0,0
1463,20,East,18,1,80.99,40.46,6,6,1,2,0,0
1464,20,North,39,0,39.85,37.42,4,43,1,2,0,0
1465,66,East,1,0,58.24,14.72,4,89,2,2,0,1
1466,24,West,13,1,122.67,37.6,1,13,5,2,0,0
1467,54,North,37,1,111.23,34.18,3,79,3,2,0,0
1468,39,East,50,1,96.24,32.59,4,26,0,2,1,0
1469,62,West,69,1,113.74,41.06,4,5,0,3,0,0
1470,21,West,60,0,100.2,35.37,11,21,1,3,0,1
1471,69,South,66,0,66.66,20.27,2,43,2,4,0,0
1472,57,East,57,1,95.66,48.5,4,74,1,2,0,0
1473,43,West,56,0,93.98,13.55,5,24,0,1,0,0
1474,29,East,25,1,116.42,39.72,11,20,0,2,0,0
1475,73,North,65,1,105.91,27.87,4,36,0,2,0,0
1476,35,North,69,0,118.01,19.87,3,93,0,2,0,0
1477,45,West,37,0,67.19,25.48,4,98,0,2,0,0
1478,40,South,9,1,33.72,31.81,8,35,0,1,0,0
1479,31,North,4,0,73.16,2.09,5,48,0,4,0,0
1480,41,South,36,0,86.11,29.89,6,77,1,5,0,0
1481,26,East,46,0,94.04,31.24,2,71,1,1,0,1
1482,18,South,40,0,90.46,23.71,3,60,0,3,0,0
1483,34,West,64,1,114.88,33.08,5,58,0,1,0,0
1484,24,East,39,1,95.62,32.02,8,16,1,2,0,0
1485,41,West,47,0,80.19,11.31,2,88,1,7,0,1
1486,67,West,54,0,80.09,10.46,5,47,1,2,0,0
1487,27,North,64,1,105.99,41.43,4,1,0,3,1,0
1488,18,East,44,0,54.83,33.52,5,78,1,1,0,0
1489,24,North,40,1,81.79,39.77,9,5,0,1,0,0
1490,46,West,6,0,60.55,28.03,3,78,1,2,0,1
1491,33,North,46,0,49.39,31.26,3,30,0,3,1,1
1492,45,East,13,1,56.38,40.73,5,49,1,0,2,0
1493,19,West,27,0,68.49,18.72,2,34,3,2,0,1
1494,36,North,38,0,77.08,26.78,8,31,2,3,0,0
1495,41,West,6,1,78.3,32.63,6,34,1,1,0,0
1496,42,North,50,0,49.3,22.74,1,38,1,3,0,0
1497,49,South,20,0,93.29,34.12,6,71,0,3,0,0
1498,62,South,37,1,76.96,47.6,5,0,0,2,0,0
1499,44,South,25,1,80.23,16.23,7,77,1,0,0,0
1500,65,East,26,1,74.07,32.96,10,85,1,2,0,1
1501,48,West,28,1,113.49,32.54,9,57,0,0,0,0
1502,32,South,4,1,88.32,44.29,5,45,2,4,0,0
1503,31,East,14,1,79.9,23.4,5,63,0,0,0,1
1504,36,West,56,1,99.85,11.08,8,37,0,4,0,0
1505,52,East,9,1,87.19,41.57,9,58,0,0,1,1
1506,31,North,36,0,59.3,32.7,3,30,0,2,0,0
1507,70,West,10,0,70.71,10.73,0,82,0,6,0,1
1508,45,North,39,1,91.27,34.0,3,63,0,0,0,0
1509,67,East,46,1,110.79,47.24,9,40,0,6,0,0
1510,56,East,34,1,104.29,26.38,8,6,0,0,0,0
1511,37,West,55,0,78.6,25.81,5,17,1,1,0,1
1512,31,North,19,0,38.71,29.06,7,31,0,2,0,0
1513,60,North,40,1,96.3,23.58,7,85,1,0,0,0
1514,36,East,20,1,68.26,30.49,3,24,2,2,1,1
1515,32,North,37,0,79.68,11.47,7,20,2,4,0,0
1516,71,South,5,1,78.65,33.68,3,88,0,2,0,0
1517,45,East,20,0,61.18,18.67,5,94,0,2,0,0
1518,20,East,51,0,66.07,26.66,1,66,1,1,0,0
1519,46,North,56,0,105.8,30.08,2,86,1,2,0,0
1520,44,South,20,0,63.19,36.11,3,67,2,0,0,1
1521,67,West,19,1,124.8,53.66,5,72,1,1,0,0
1522,58,South,22,0,71.52,26.66,6,78,0,3,0,1
1523,28,North,20,0,75.27,22.47,2,68,0,1,1,0
1524,26,North,71,1,116.09,32.0,5,56,2,1,0,0
1525,52,South,47,0,88.62,17.28,4,33,0,3,0,0
1526,20,West,28,0,90.39,28.59,6,28,0,4,1,0
1527,36,South,33,1,113.06,31.04,3,21,0,2,1,0
1528,25,North,37,1,72.0,39.14,7,52,0,3,0,0
1529,19,South,40,1,112.83,27.54,6,33,0,0,0,0
1530,70,North,28,0,81.46,21.27,5,6,0,2,0,0
1531,23,North,70,0,95.54,28.46,4,85,0,2,0,0
1532,18,West,21,1,116.19,34.0,4,35,1,1,0,0
1533,71,East,31,1,121.79,19.64,4,40,3,2,0,0
1534,28,North,1,1,94.07,34.88,5,11,3,4,0,0
1535,64,South,35,0,69.35,18.59,4,77,0,1,0,1
1536,19,North,61,0,72.61,34.45,3,3,1,2,0,0
1537,26,North,71,0,106.82,32.77,6,61,2,1,1,0
1538,24,East,34,0,97.39,6.74,1,73,2,1,0,0
1539,58,South,10,1,54.57,41.41,6,6,0,0,1,0
1540,53,East,52,1,122.29,38.11,1,61,0,2,0,0
1541,45,West,46,0,79.18,13.13,3,3,0,1,0,0
1542,31,North,69,0,67.36,32.03,4,89,1,2,0,1
1543,23,West,36,0,85.04,14.76,3,68,0,3,1,0
1544,50,South,1,0,74.14,34.16,4,43,0,1,0,0
1545,31,North,64,1,106.73,29.83,7,40,0,3,0,0
1546,51,West,48,1,88.14,22.86,5,18,0,1,1,0
1547,57,North,57,1,134.18,51.97,7,39,2,0,0,0
1548,66,East,9,1,74.47,22.63,2,80,0,3,0,0
1549,46,East,33,1,113.89,28.55,11,30,2,2,0,0
1550,18,North,33,1,73.8,30.12,10,88,1,0,0,0
1551,33,West,19,0,75.74,21.35,4,71,1,3,1,0
1552,66,North,61,1,116.31,40.59,6,74,1,1,0,0
1553,48,West,14,1,100.1,35.46,8,75,1,0,0,0
1554,53,North,6,1,105.39,43.03,5,86,3,0,0,0
1555,44,North,17,1,76.3,37.98,5,6,0,2,0,0
1556,27,South,71,1,123.31,21.62,6,16,0,3,0,0
1557,69,West,9,1,64.0,39.4,8,87,0,0,0,0
1558,62,North,42,0,60.33,26.87,5,81,0,4,1,0
1559,74,West,14,1,78.32,30.0,10,36,3,1,0,0
1560,66,North,29,1,100.64,51.59,7,12,1,1,0,0
1561,34,South,40,0,105.15,29.87,2,28,1,0,1,0
1562,32,South,2,1,108.88,42.53,8,20,1,0,0,0
1563,32,North,18,0,63.68,32.81,3,54,0,3,0,0
1564,70,West,42,1,105.58,31.64,8,7,0,1,0,0
1565,49,South,2,0,75.15,30.07,5,82,1,1,0,1
1566,43,East,36,1,109.48,37.53,6,77,0,1,0,0
1567,73,East,43,1,98.96,30.54,8,79,1,2,0,0
1568,52,South,16,0,69.14,15.23,5,6,0,2,0,0
1569,69,East,12,1,84.35,35.19,4,39,2,3,1,0
1570,74,West,35,1,94.37,39.7,10,8,0,2,0,0
1571,22,East,52,0,80.88,25.13,3,73,0,1,0,0
1572,38,South,1,1,78.71,33.54,13,31,1,0,1,0
1573,59,East,24,1,85.91,35.22,7,8,0,2,0,0
1574,64,East,71,0,78.47,22.7,3,102,1,0,1,0
1575,26,South,24,0,84.94,37.39,3,49,1,4,0,0
1576,36,East,24,0,79.74,27.16,2,82,0,2,0,0
1577,49,South,53,0,114.65,21.11,6,77,0,0,0,0
1578,63,East,35,1,103.04,20.54,6,21,0,3,0,0
1579,24,West,28,1,87.75,33.42,8,44,2,0,0,0
1580,52,West,56,0,78.6,20.39,6,36,0,2,0,0
1581,34,West,3,0,62.21,20.09,5,10,2,5,0,1
1582,30,East,51,1,113.79,42.54,6,23,0,1,0,0
1583,47,East,28,0,70.33,25.64,3,50,0,5,0,0
1584,41,North,64,1,89.95,21.54,2,61,0,2,0,1
1585,54,South,52,0,74.91,29.95,11,97,0,3,0,0
1586,36,North,67,1,113.77,22.34,5,87,1,3,0,1
1587,64,North,10,1,96.1,40.55,8,51,0,0,0,1
1588,22,West,14,1,64.71,31.2,6,27,0,4,0,0
1589,67,West,65,0,96.48,25.7,6,45,0,3,0,0
1590,19,South,28,0,77.32,24.8,4,31,2,6,0,0
1591,59,North,58,0,82.23,23.81,3,83,1,4,0,1
1592,37,East,49,0,75.7,26.68,5,67,1,1,0,0
1593,39,South,36,1,86.96,35.66,9,54,3,2,0,0
1594,19,West,4,1,84.11,49.96,11,42,3,1,1,0
1595,58,West,6,0,79.9,26.79,7,34,0,2,0,0
1596,27,South,51,0,103.47,26.98,4,62,0,2,0,0
1597,55,North,7,0,46.64,19.32,6,94,2,3,1,1
1598,59,North,1,1,77.7,38.05,4,76,3,3,0,0
1599,66,North,16,0,35.1,16.81,3,50,1,5,0,1
1600,58,South,65,0,94.14,34.2,8,71,0,6,0,0
1601,35,North,45,0,91.46,13.13,4,97,1,5,0,0
1602,60,North,51,0,109.06,18.25,3,64,0,3,1,0
1603,65,North,47,1,76.7,21.97,3,12,0,2,0,0
1604,36,North,41,1,84.18,38.36,7,82,0,2,0,0
1605,25,East,19,1,91.66,31.61,6,36,0,3,0,0
1606,68,North,31,1,71.22,40.49,4,23,0,0,0,0
1607,26,West,39,1,102.08,27.2,7,62,2,1,0,0
1608,51,North,71,1,124.85,39.25,9,61,0,2,0,0
1609,31,North,64,0,72.78,29.64,4,44,0,3,0,0
1610,25,North,53,0,88.49,26.69,1,54,1,2,0,0
1611,62,East,58,1,90.82,35.25,4,45,1,2,0,0
1612,26,North,58,1,129.63,36.1,11,36,1,2,0,0
1613,56,South,48,1,107.1,27.71,6,39,0,1,0,0
1614,57,North,59,1,99.9,26.4,9,53,0,0,0,1
1615,21,West,6,0,44.43,29.35,3,35,4,2,0,0
1616,27,North,2,1,86.84,32.05,5,12,3,1,0,0
1617,63,South,32,0,96.37,28.63,3,67,3,4,0,1
1618,46,West,4,0,50.43,37.41,6,10,0,6,0,0
1619,24,North,25,1,85.91,31.34,8,46,0,3,0,0
1620,74,North,15,0,56.22,20.2,3,42,2,2,1,0
1621,33,West,68,0,117.33,22.41,6,31,0,4,0,0
1622,18,North,47,1,74.87,35.31,4,72,1,1,0,0
1623,70,North,3,1,100.78,39.91,5,86,3,1,0,1
1624,18,South,45,1,96.84,34.77,11,51,2,2,0,0
1625,49,North,53,0,85.43,41.63,4,41,2,4,0,0
1626,74,West,24,0,66.89,28.37,2,84,0,6,0,0
1627,50,East,63,1,115.09,41.25,8,74,2,2,0,0
1628,51,East,70,0,84.05,24.71,3,34,1,0,0,0
1629,40,North,70,0,110.88,33.09,1,83,1,3,0,0
1630,25,East,7,1,99.98,33.36,7,31,4,1,1,0
1631,50,East,32,1,81.25,29.85,2,71,0,3,0,1
1632,69,North,56,1,118.01,42.24,2,60,0,2,0,0
1633,23,West,32,0,70.65,24.54,3,87,1,4,0,0
1634,68,East,35,1,98.27,36.96,4,71,3,2,0,1
1635,41,West,24,1,114.88,42.86,9,38,0,2,0,0
1636,48,North,30,1,84.89,36.11,8,17,1,2,1,0
1637,27,North,50,0,98.9,23.81,3,73,5,4,0,0
1638,53,East,2,1,87.86,30.72,5,23,1,0,0,0
1639,28,West,57,1,105.59,43.49,8,63,2,1,0,0
1640,33,South,52,1,111.51,32.27,6,17,0,2,0,0
1641,59,North,10,0,68.73,24.59,4,33,3,2,0,0
1642,20,West,55,1,90.12,37.3,10,27,0,2,0,0
1643,43,North,38,1,89.9,37.26,11,68,2,2,1,0
1644,51,South,23,0,55.82,33.11,4,30,0,3,0,0
1645,25,East,33,0,72.35,24.44,8,88,1,5,0,0
1646,34,North,37,1,118.68,46.01,2,85,2,3,0,0
1647,37,North,15,0,76.22,23.01,5,55,1,2,1,0
1648,55,North,44,1,80.51,37.97,8,87,2,1,0,0
1649,73,West,45,0,78.4,23.53,4,15,0,3,0,0
1650,65,South,27,0,77.0,41.75,1,83,2,2,0,0
1651,28,East,33,1,107.66,32.19,4,44,2,0,0,0
1652,19,West,44,0,72.24,22.92,1,78,1,3,0,0
1653,20,East,36,1,79.44,35.92,10,80,1,2,0,0
1654,51,South,31,1,94.65,32.87,8,17,0,1,0,0
1655,26,South,68,1,122.54,37.52,10,38,2,3,0,0
1656,31,South,63,1,115.02,44.83,8,14,3,1,0,0
1657,66,East,27,1,80.23,36.18,2,86,2,1,1,1
1658,67,West,52,0,112.32,26.47,2,22,0,1,1,0
1659,65,West,58,1,107.52,33.17,6,19,1,5,0,1
1660,32,South,8,1,86.91,30.96,6,8,2,3,1,0
1661,53,South,43,0,71.57,25.77,4,82,1,4,0,0
1662,52,West,57,0,105.1,25.06,3,73,1,4,0,0
1663,28,North,5,0,71.08,34.39,2,17,0,8,0,0
1664,49,West,24,0,76.72,17.33,5,29,0,1,0,0
1665,47,North,57,0,71.23,36.64,3,23,1,2,0,0
1666,40,East,67,0,109.91,23.83,3,108,0,4,0,0
1667,60,West,71,1,126.85,36.19,5,13,0,1,0,0
1668,56,South,43,0,96.72,16.48,3,61,0,1,0,0
1669,48,North,4,1,82.56,39.5,8,44,1,2,0,0
1670,59,West,2,0,59.88,17.32,4,27,0,1,0,0
1671,61,South,58,1,106.27,37.99,9,71,0,2,0,0
1672,50,South,53,1,140.68,37.21,8,80,1,3,1,0
1673,33,South,14,1,78.86,32.4,3,65,1,0,1,0
1674,61,South,10,1,67.21,18.48,7,80,2,2,0,0
1675,58,East,11,0,59.9,42.28,1,80,1,1,0,0
1676,74,North,63,1,103.5,26.57,6,14,1,0,0,0
1677,26,South,55,0,106.4,27.18,5,76,1,1,0,0
1678,41,West,68,1,93.66,29.16,4,71,1,1,0,0
1679,70,North,9,1,76.08,43.38,8,70,2,3,0,1
1680,47,South,50,1,107.86,31.96,3,18,2,1,0,0
1681,71,East,66,0,112.02,18.98,2,19,1,1,0,0
1682,18,West,38,0,89.7,29.76,5,44,0,4,1,0
1683,20,East,55,1,131.79,24.82,13,35,0,1,0,0
1684,63,West,43,0,86.69,21.69,3,36,0,2,0,0
1685,38,North,1,1,77.45,40.52,7,5,3,1,0,0
1686,47,South,31,0,88.33,37.05,0,73,0,2,1,0
1687,42,West,19,0,48.99,17.3,2,77,2,5,0,0
1688,41,West,6,1,57.35,30.11,4,27,5,0,0,0
1689,71,East,43,0,96.14,27.82,2,37,0,4,0,1
1690,23,South,66,0,96.16,9.02,6,25,1,1,0,0
1691,62,South,4,0,76.46,35.86,3,50,4,2,0,0
1692,68,North,24,1,79.21,27.0,5,20,0,1,0,0
1693,55,West,48,1,123.27,31.5,7,72,2,4,0,0
1694,40,West,23,1,101.56,37.09,7,2,2,0,0,0
1695,27,South,9,1,84.03,35.41,6,40,1,3,0,0
1696,56,North,14,1,90.11,27.29,6,3,1,3,0,0
1697,44,South,2,0,66.2,38.77,3,100,2,2,0,1
1698,26,North,71,0,82.65,4.4,5,99,2,2,0,1
1699,38,East,35,1,91.72,26.02,7,85,0,4,0,0
1700,72,East,67,0,98.47,19.91,4,43,2,2,0,0
1701,33,North,49,0,78.12,17.4,6,71,2,4,0,0
1702,28,East,25,0,50.46,34.76,8,82,3,8,0,1
1703,56,West,67,1,117.92,21.73,7,0,1,4,0,0
1704,29,North,19,1,102.04,47.46,6,67,1,3,0,0
1705,70,South,13,0,82.53,22.77,3,12,0,3,1,0
1706,66,South,58,1,116.98,24.11,10,44,0,3,0,0
1707,74,North,40,1,112.27,18.19,5,16,1,1,0,0
1708,70,South,31,1,110.31,33.28,6,77,1,0,1,0
1709,31,East,42,1,102.19,29.38,8,49,1,1,0,0
1710,30,North,69,1,82.72,36.89,9,55,1,1,1,0
1711,37,North,20,0,87.4,21.4,4,76,0,2,0,0
1712,44,West,64,1,98.6,42.65,5,81,0,1,0,0
1713,68,South,65,1,95.54,33.86,6,35,0,1,1,0
1714,59,East,54,0,70.45,21.61,2,63,1,3,0,0
1715,54,East,12,0,103.27,32.79,6,37,2,2,1,0
1716,68,West,7,0,70.11,26.83,3,7,0,1,0,0
1717,54,East,9,1,68.88,41.2,5,20,1,0,1,0
1718,39,West,50,0,74.75,34.19,2,41,0,4,0,0
1719,41,East,29,1,94.49,32.65,6,1,0,1,0,0
1720,47,South,71,0,103.64,25.31,3,56,0,4,1,0
1721,23,South,1,1,84.69,41.75,8,55,0,0,0,0
1722,60,South,27,0,59.57,5.39,1,83,1,2,0,0
1723,55,South,19,0,74.26,24.19,6,31,1,0,0,0
1724,59,North,63,1,102.33,33.2,8,80,1,0,0,0
1725,48,South,9,0,80.2,27.99,6,41,1,4,0,1
1726,62,South,29,0,75.34,18.59,2,55,2,2,0,0
1727,72,North,62,1,99.61,43.76,7,49,0,0,0,0
1728,50,North,69,0,104.83,19.1,1,24,0,3,0,0
1729,43,East,66,0,98.75,21.33,3,28,1,3,1,0
1730,23,East,47,0,76.38,19.68,1,43,0,1,0,0
1731,62,West,12,1,96.95,44.84,5,4,2,2,0,0
1732,69,East,7,0,72.94,8.32,2,61,1,3,0,0
1733,57,West,30,1,113.03,49.3,7,31,1,1,0,0
1734,67,West,35,0,88.15,36.79,0,36,0,2,1,0
1735,67,North,37,1,95.29,30.48,7,76,0,2,1,0
1736,63,West,4,0,36.64,33.22,0,22,3,2,0,0
1737,46,North,48,0,86.8,26.04,3,100,1,2,0,0
1738,23,East,29,0,79.63,38.22,4,105,3,4,0,0
1739,18,West,8,1,84.77,42.61,6,43,1,4,0,0
1740,29,South,65,1,67.34,52.55,3,59,0,1,0,0
1741,42,East,26,1,103.18,22.5,13,42,0,5,0,0
1742,60,South,17,0,54.82,26.53,3,87,1,4,0,0
1743,43,North,35,0,87.79,11.21,5,36,1,2,0,0
1744,19,North,68,0,119.51,20.85,5,33,0,3,1,0
1745,29,North,59,0,85.71,43.0,4,84,0,1,2,0
1746,73,North,8,0,70.58,28.75,2,79,1,4,0,1
1747,74,East,49,1,104.99,42.88,5,84,0,0,0,0
1748,39,South,48,0,91.88,29.11,1,42,1,1,1,0
1749,63,South,63,0,93.05,28.6,3,65,1,6,0,0
1750,59,East,69,1,106.75,30.82,8,68,0,0,0,0
1751,71,North,53,0,72.93,19.33,3,54,2,3,1,0
1752,68,North,47,0,107.36,20.61,3,89,1,6,0,0
1753,53,East,26,1,99.58,13.16,7,17,1,1,0,0
1754,40,West,64,1,124.46,34.34,3,11,0,1,0,0
1755,53,South,67,1,119.49,36.92,8,29,1,1,0,0
1756,36,North,71,1,130.14,30.05,8,57,0,2,1,0
1757,37,West,68,0,80.56,23.95,3,43,0,2,0,0
1758,52,West,46,1,104.25,39.2,4,41,0,4,0,0
1759,50,South,68,1,121.58,42.08,5,3,2,2,0,0
1760,51,North,56,0,107.39,15.42,3,42,1,4,0,0
1761,39,North,18,1,129.1,28.64,2,87,0,0,0,0
1762,41,East,3,0,67.61,31.02,6,47,3,4,0,1
1763,18,West,70,1,105.08,39.71,6,20,0,1,0,0
1764,52,East,31,0,57.57,35.76,6,22,0,4,0,1
1765,50,South,63,1,97.93,45.42,11,87,1,0,0,0
1766,71,East,21,1,78.89,54.32,5,27,0,1,1,0
1767,46,West,26,1,49.48,32.66,8,16,0,3,0,0
1768,44,South,59,0,79.37,37.63,4,91,1,4,0,0
1769,21,West,38,0,89.75,17.64,2,26,0,2,0,0
1770,29,South,49,1,105.63,54.15,4,60,1,1,0,0
1771,37,South,23,0,67.62,28.64,5,32,2,2,0,0
1772,39,East,44,0,57.67,29.34,6,87,1,1,1,1
1773,38,South,35,1,113.26,42.92,5,33,3,0,0,0
1774,40,West,67,0,101.18,14.16,4,60,0,1,0,0
1775,61,South,35,0,77.31,16.4,2,44,0,0,1,0
1776,25,South,7,0,30.46,25.93,5,80,1,4,0,0
1777,36,South,53,1,99.14,37.77,5,80,0,2,0,0
1778,27,East,68,0,100.51,41.66,2,61,1,3,0,0
1779,35,South,63,0,91.07,17.41,7,72,0,1,1,0
1780,57,East,8,1,86.88,47.32,9,79,0,3,0,1
1781,20,South,71,0,105.78,22.88,2,36,0,2,0,0
1782,37,South,25,1,94.82,32.76,4,42,1,0,0,0
1783,19,East,60,1,119.75,33.69,15,51,1,3,0,0
1784,72,North,45,0,69.85,22.56,2,90,2,2,0,1
1785,59,East,70,1,96.66,38.89,9,70,1,3,0,0
1786,31,South,25,0,79.66,21.84,3,35,2,1,0,0
1787,29,South,44,1,112.24,23.72,7,2,1,2,0,0
1788,23,East,49,1,112.28,32.86,7,32,0,4,0,0
1789,44,East,11,0,67.47,28.65,2,54,1,2,0,0
1790,60,West,56,0,83.14,13.78,5,23,3,3,0,0
1791,51,South,11,0,68.66,29.65,6,101,1,0,0,1
1792,68,South,59,1,115.19,44.44,7,18,1,2,1,0
1793,37,East,9,0,71.09,36.84,4,21,0,2,0,1
1794,33,East,13,0,105.61,27.7,7,61,4,1,1,0
1795,45,East,36,1,84.19,20.56,4,19,0,1,1,0
1796,29,East,13,1,134.89,40.18,9,36,0,2,1,0
1797,73,East,6,1,64.15,42.74,9,40,6,3,0,1
1798,28,North,4,1,87.79,29.43,7,76,3,2,0,0
1799,45,East,21,0,52.58,24.42,6,28,0,1,0,0
1800,47,North,35,0,82.09,28.87,3,65,1,3,0,0
1801,21,South,4,0,76.73,39.3,4,12,0,0,0,0
1802,44,East,10,1,85.49,32.95,10,12,1,2,0,0
1803,43,South,44,1,116.6,42.13,7,11,1,2,0,0
1804,32,South,23,1,85.14,37.53,3,86,2,2,0,0
1805,25,West,54,1,76.25,36.6,6,5,1,1,0,0
1806,20,East,60,0,99.4,35.64,9,50,0,2,0,1
1807,18,South,3,1,81.96,28.35,8,26,2,2,0,0
1808,45,West,68,1,106.81,36.84,3,19,1,0,0,0
1809,23,South,49,1,98.34,35.22,9,86,1,4,0,1
1810,72,West,59,0,95.6,12.94,3,108,2,4,0,0
1811,31,North,34,0,64.78,34.86,4,34,0,5,0,0
1812,55,South,1,0,66.13,31.63,4,57,2,1,0,1
1813,56,South,63,0,109.33,25.27,4,26,1,1,0,0
1814,46,North,41,1,131.4,32.91,8,17,3,1,0,0
1815,68,South,3,1,102.57,35.0,8,87,1,2,0,0
1816,24,North,12,1,88.43,40.66,12,36,2,2,0,0
1817,31,East,15,1,91.36,35.42,10,87,1,0,0,0
1818,32,North,27,0,67.5,19.66,5,49,1,2,0,1
1819,25,North,32,1,89.02,30.86,11,75,2,0,0,0
1820,34,West,31,1,108.58,34.9,4,36,1,2,0,0
1821,35,East,62,0,86.39,17.54,4,12,1,1,0,0
1822,61,West,67,0,98.99,27.67,6,64,0,2,0,0
1823,35,South,49,1,90.06,28.66,8,52,0,2,0,0
1824,67,North,45,1,123.05,27.37,3,54,1,3,0,0
1825,62,East,62,0,86.16,50.55,0,34,0,5,0,0
1826,69,East,20,0,86.32,40.52,4,27,0,1,0,0
1827,23,North,40,1,89.44,36.15,9,12,1,1,0,0
1828,74,West,46,1,91.65,41.81,5,14,1,0,0,0
1829,52,East,21,1,110.42,43.17,7,2,2,1,0,0
1830,73,East,68,0,84.61,24.4,6,57,0,0,1,0
1831,38,South,17,0,44.98,27.26,2,43,1,2,1,0
1832,72,East,5,0,46.9,22.9,2,57,1,3,0,0
1833,51,North,23,1,104.35,45.05,13,7,3,1,0,0
1834,22,West,58,1,120.41,45.16,5,12,1,3,1,0
1835,41,South,27,1,82.06,47.5,7,60,1,1,0,0
1836,25,North,16,0,58.52,27.13,1,69,2,0,0,0
1837,71,North,62,1,121.1,52.34,6,84,1,1,0,0
1838,35,East,11,0,85.24,24.39,7,88,3,2,1,0
1839,30,West,12,1,84.97,51.38,7,83,3,2,0,0
1840,49,West,64,0,100.31,21.29,5,47,1,5,0,0
1841,42,East,23,1,104.6,24.62,6,47,1,3,1,0
1842,23,West,1,1,112.8,51.22,8,12,0,2,1,0
1843,64,East,31,1,78.16,40.28,5,86,0,0,0,0
1844,66,South,53,0,76.47,29.15,1,50,1,0,0,0
1845,60,East,54,1,99.4,32.12,5,88,0,1,0,0
1846,53,North,7,1,95.91,28.24,5,40,4,0,0,1
1847,40,North,20,1,86.22,29.0,10,82,0,3,0,0
1848,48,South,44,0,86.68,26.11,3,62,0,4,0,0
1849,47,North,47,0,85.33,23.8,5,31,1,1,0,0
1850,27,West,45,1,102.53,19.48,10,23,0,2,0,0
1851,22,West,24,0,73.61,38.55,7,10,2,3,0,0
1852,32,South,62,1,126.45,31.64,5,62,0,1,0,0
1853,43,East,6,1,68.44,44.91,9,65,5,0,0,0
1854,27,South,59,0,87.27,19.35,8,43,0,2,0,0
1855,24,North,67,0,75.27,26.24,5,5,0,3,0,1
1856,66,South,49,1,107.9,42.78,8,72,2,3,0,0
1857,39,North,31,1,92.57,41.67,5,15,3,1,0,0
1858,51,South,28,0,90.04,22.86,3,34,0,1,0,0
1859,47,North,31,1,95.43,39.07,5,31,0,2,0,0
1860,59,North,12,0,59.34,30.41,3,99,3,5,0,1
1861,60,North,16,0,64.3,23.82,3,98,1,2,0,1
1862,34,West,46,1,128.85,26.09,5,16,0,1,0,0
1863,66,North,40,0,56.45,20.0,1,46,0,1,0,0
1864,39,South,36,1,88.59,31.97,4,84,1,0,0,1
1865,65,South,34,0,77.54,25.21,2,109,3,5,0,1
1866,41,South,6,1,73.45,47.74,10,35,1,0,0,0
1867,24,South,62,1,118.36,42.26,8,61,0,1,0,0
1868,61,North,68,1,113.15,28.47,7,36,0,1,0,0
1869,19,East,18,1,92.84,49.69,6,21,1,0,1,0
1870,62,East,23,0,73.27,24.37,2,107,0,3,0,0
1871,20,East,45,0,80.95,30.38,5,49,2,4,0,0
1872,29,East,1,1,61.14,27.49,7,2,0,2,0,0
1873,52,South,8,1,86.64,31.38,5,57,1,2,1,1
1874,71,South,65,0,66.05,33.3,3,36,1,4,0,0
1875,41,North,13,1,76.42,27.97,8,38,0,1,0,0
1876,24,South,41,1,107.84,35.44,4,7,0,1,0,0
1877,31,North,63,1,129.35,38.77,10,68,2,2,0,0
1878,69,South,53,1,141.74,26.82,4,87,3,2,0,0
1879,59,East,20,1,83.58,20.78,9,25,0,2,0,0
1880,23,North,11,0,52.52,32.26,2,81,1,0,0,0
1881,39,North,51,1,113.33,57.91,9,28,3,2,0,0
1882,33,East,29,1,122.55,38.67,8,43,2,0,0,0
1883,28,South,69,1,137.49,40.21,2,40,1,1,0,0
1884,66,West,46,1,87.47,27.93,8,35,0,2,0,0
1885,53,West,1,0,58.39,36.76,4,23,3,5,0,1
1886,28,West,18,1,101.76,31.99,7,78,1,1,1,0
1887,55,South,53,1,120.3,44.31,5,44,0,0,0,0
1888,41,North,50,1,113.88,39.86,12,2,1,1,0,0
1889,21,East,53,1,99.77,40.05,5,85,0,0,0,0
1890,43,East,17,1,97.24,39.75,4,37,1,2,0,0
1891,28,East,18,0,82.94,29.49,4,31,1,1,1,0
1892,31,South,15,1,73.52,37.27,10,39,1,1,1,0
1893,68,North,50,1,124.95,42.75,7,47,0,0,0,0
1894,58,North,1,1,95.38,29.19,7,7,1,3,0,0
1895,25,North,58,0,77.87,23.09,4,45,0,1,0,0
1896,66,North,21,1,104.37,46.74,8,47,1,0,1,0
1897,50,West,35,0,89.7,26.38,3,74,0,3,0,0
1898,67,North,18,0,81.77,22.39,5,88,1,4,0,1
1899,60,East,31,0,99.14,33.28,3,38,2,1,0,0
1900,37,West,55,0,87.34,31.7,2,70,1,1,0,0
1901,48,South,15,1,92.47,24.6,12,61,0,2,2,0
1902,48,South,41,1,60.92,40.84,6,72,0,1,0,0
1903,59,East,5,0,79.24,26.1,1,21,2,4,0,1
1904,32,South,13,1,101.79,40.7,7,30,2,0,0,0
1905,36,South,49,1,124.84,35.09,9,20,0,0,0,0
1906,31,West,41,1,86.45,38.71,6,83,0,1,0,0
1907,34,East,44,0,96.43,10.35,7,85,0,2,0,0
1908,27,West,17,0,83.78,17.84,4,114,1,1,0,1
1909,20,West,15,1,77.74,40.92,12,62,2,2,0,0
1910,71,South,31,0,91.34,45.97,3,30,2,1,0,0
1911,22,East,10,1,91.95,37.94,9,34,1,2,0,0
1912,68,East,64,1,86.53,29.46,7,80,2,1,0,0
1913,18,East,20,0,78.77,26.08,2,99,1,2,0,0
1914,62,East,52,0,74.49,17.85,5,62,1,5,0,0
1915,36,East,12,1,60.86,45.0,6,65,2,1,0,0
1916,47,West,47,0,89.0,25.38,2,59,1,2,0,0
1917,34,South,15,0,66.52,33.43,5,35,2,5,0,0
1918,45,East,20,0,91.06,23.77,3,110,3,3,0,1
1919,43,South,30,1,97.73,44.14,7,8,1,3,0,0
1920,48,East,9,1,96.18,22.01,5,19,0,0,1,0
1921,40,East,9,0,72.13,25.2,4,85,2,5,0,1
1922,48,West,54,1,122.31,39.32,7,79,1,1,0,0
1923,65,South,25,0,59.2,22.85,5,59,3,0,0,0
1924,42,South,41,0,83.48,27.88,4,65,1,3,0,0
1925,38,South,46,0,80.89,27.74,5,59,0,1,0,0
1926,25,North,45,1,112.31,43.39,8,75,0,1,0,0
1927,38,North,45,1,106.34,39.97,9,69,0,3,0,0
1928,25,West,70,0,85.79,28.14,4,94,0,4,0,0
1929,28,South,45,0,77.43,32.04,8,65,1,5,0,0
1930,72,West,25,1,117.23,24.18,3,8,1,1,0,0
1931,23,North,21,0,45.08,18.98,2,52,0,1,0,0
1932,45,East,57,1,119.14,23.92,7,37,1,0,0,0
1933,65,East,30,0,93.62,29.39,2,80,1,4,1,0
1934,72,East,40,1,108.68,38.31,3,54,0,0,0,0
1935,26,East,58,1,138.57,46.08,1,77,0,2,0,0
1936,27,East,17,0,82.58,27.81,7,23,3,3,0,0
1937,39,West,16,1,93.76,29.95,9,89,0,0,1,0
1938,49,East,4,0,55.0,26.07,5,26,1,2,2,1
1939,72,North,6,0,69.04,10.0,3,26,3,2,0,1
1940,29,North,44,0,92.23,21.73,3,68,2,3,0,0
1941,27,East,36,0,78.05,6.22,4,25,1,4,0,0
1942,32,South,22,1,79.86,37.63,10,41,2,1,1,0
1943,67,East,16,0,49.94,22.77,1,49,1,4,0,0
1944,19,East,50,0,87.78,23.94,7,67,0,7,0,1
1945,39,South,7,1,61.3,27.55,6,21,2,1,0,1
1946,24,East,50,0,77.93,19.65,5,67,1,2,1,0
1947,26,East,65,1,76.02,40.54,7,73,0,2,1,0
1948,70,East,33,0,89.0,13.51,4,101,0,3,0,1
1949,18,East,36,1,115.31,39.05,6,25,0,1,0,0
1950,36,West,39,1,100.68,28.51,2,68,0,1,1,0
1951,70,East,7,1,110.97,21.55,3,11,3,1,0,0
1952,52,West,45,1,122.71,44.81,11,29,2,0,0,0
1953,22,North,26,1,100.2,45.63,7,61,1,1,0,0
1954,44,East,34,0,75.3,20.68,7,24,0,4,0,0
1955,73,East,2,0,55.76,20.61,0,50,1,2,0,0
1956,40,South,63,1,119.94,32.99,6,38,1,1,0,0
1957,48,South,24,0,69.88,18.52,3,33,0,1,0,0
1958,48,East,6,0,71.22,19.93,4,8,2,3,0,0
1959,55,South,56,0,97.34,28.6,1,43,1,4,1,0
1960,28,West,70,1,111.56,51.59,9,78,1,1,1,0
1961,65,South,37,1,114.94,32.16,8,43,0,4,0,0
1962,74,North,3,1,78.07,43.18,10,63,0,1,0,1
1963,26,East,71,0,95.82,27.82,3,88,2,2,0,0
1964,64,South,15,1,72.84,21.62,7,77,3,1,0,1
1965,64,North,18,1,84.94,34.8,2,69,1,2,1,1
1966,60,East,51,1,137.87,33.8,6,3,0,1,1,0
1967,39,South,24,0,58.49,36.72,3,25,3,6,0,1
1968,44,North,7,1,90.07,47.04,10,3,3,5,0,0
1969,65,East,49,0,77.68,28.01,4,51,0,2,0,0
1970,26,East,19,0,36.29,34.71,2,66,3,1,0,1
1971,65,East,62,0,99.38,23.83,1,96,0,3,0,0
1972,70,South,11,1,77.16,43.95,10,63,2,0,0,0
1973,56,North,65,0,97.29,25.8,2,37,4,1,0,0
1974,37,West,52,1,120.85,43.78,10,50,0,0,0,0
1975,49,East,18,1,92.52,44.6,2,3,1,1,0,0
1976,20,North,42,0,85.92,30.73,1,25,0,1,0,0
1977,71,West,67,0,80.48,19.07,4,36,2,3,0,0
1978,37,North,5,1,93.1,31.64,7,38,1,5,0,0
1979,21,West,59,1,106.65,41.02,3,3,0,1,0,0
1980,63,East,33,0,46.52,32.15,5,54,0,3,0,1
1981,55,West,68,0,106.41,26.27,2,63,0,3,0,0
1982,53,West,15,0,84.49,22.5,5,97,2,5,0,0
1983,21,North,52,1,128.22,36.53,3,1,1,1,0,0
1984,60,East,69,1,147.06,32.77,5,57,0,1,0,0
1985,54,South,25,0,84.1,22.82,6,111,2,3,0,1
1986,63,East,8,0,71.71,40.68,6,51,1,1,0,0
1987,65,East,28,0,90.37,21.2,4,75,2,4,0,0
1988,30,North,43,1,88.2,39.06,6,62,0,0,0,0
1989,30,North,45,1,77.42,36.22,8,61,0,1,1,0
1990,70,North,35,0,70.34,15.19,5,71,0,0,0,0
1991,48,North,67,0,112.66,14.91,4,6,0,3,1,0
1992,42,North,42,1,91.08,34.35,9,46,0,0,1,0
1993,34,West,46,1,109.98,19.38,12,70,0,2,1,1
1994,54,South,68,1,122.6,49.64,7,89,0,0,0,0
1995,60,West,67,0,97.16,22.11,5,37,1,4,1,1
1996,18,West,25,1,73.34,31.45,6,7,1,1,0,0
1997,49,East,21,1,95.64,44.78,5,86,1,1,0,0
1998,74,South,54,1,100.68,33.87,5,77,1,0,0,1
1999,33,West,38,0,104.54,30.21,4,39,0,2,0,0
2000,34,East,32,0,93.05,20.42,6,64,2,5,0,0
2001,68,East,50,0,79.21,25.36,3,21,1,2,0,0
2002,21,West,47,0,109.99,32.75,2,60,2,2,0,0
2003,40,East,65,1,117.66,28.11,3,74,0,2,1,0
2004,44,South,26,1,67.93,39.22,10,63,0,2,0,1
2005,63,West,54,1,105.83,15.67,2,77,0,2,0,0
2006,25,South,17,1,113.03,45.12,2,42,0,0,1,0
2007,42,West,67,0,81.2,20.55,5,32,0,3,1,0
2008,26,North,6,1,81.98,34.31,7,39,1,3,0,0
2009,62,North,54,1,86.6,34.22,10,72,0,0,0,0
2010,54,South,8,1,65.98,27.2,3,72,1,2,0,1
2011,46,North,63,0,78.99,16.59,5,36,0,1,0,0
2012,40,West,69,0,76.09,29.17,9,60,1,2,0,0
2013,26,North,59,0,80.23,29.55,3,109,0,1,0,0
2014,70,East,56,0,114.07,17.92,5,95,1,3,0,0
2015,54,North,34,1,96.46,39.33,9,48,3,3,0,0
2016,36,West,18,1,100.78,39.46,6,81,1,2,0,1
2017,41,South,70,0,111.37,21.97,6,81,0,2,1,0
2018,59,North,38,1,82.37,24.65,10,50,0,1,0,0
2019,59,North,58,1,96.53,34.7,8,15,1,1,0,0
2020,44,East,51,1,116.99,37.92,6,75,0,0,0,0
2021,35,West,50,1,95.49,34.53,11,88,0,1,0,0
2022,55,West,26,1,103.49,30.26,7,56,2,2,0,0
2023,55,South,31,0,100.66,28.74,3,100,2,4,0,1
2024,52,South,32,1,74.17,45.12,6,39,0,3,0,0
2025,22,North,43,0,76.15,18.84,4,86,0,3,0,1
2026,44,South,52,1,103.03,32.62,6,23,1,0,0,0
2027,52,East,15,1,79.6,56.95,8,87,1,0,1,1
2028,72,North,17,0,59.38,27.33,5,94,0,2,0,0
2029,47,East,4,1,74.62,24.87,11,87,2,1,0,0
2030,37,West,38,1,98.77,31.18,6,39,0,1,0,0
2031,49,North,48,0,86.47,18.94,2,81,0,6,0,0
2032,28,North,15,0,81.8,28.04,2,59,0,4,0,1
2033,23,North,51,0,85.12,27.46,3,106,1,2,0,1
2034,56,North,1,0,77.27,19.91,3,25,1,1,0,0
2035,74,North,62,0,82.12,39.85,3,95,1,5,0,1
2036,66,East,50,1,86.98,35.68,0,1,0,1,1,0
2037,51,North,49,1,99.93,31.35,9,6,0,1,0,0
2038,20,East,51,0,92.44,15.23,6,36,0,2,0,0
2039,74,West,26,0,85.91,17.84,3,83,0,3,0,0
2040,43,West,71,0,117.4,15.03,5,49,0,4,0,0
2041,34,East,54,0,91.35,23.48,1,30,1,8,1,0
2042,68,North,13,1,97.8,27.92,6,51,0,1,0,0
2043,60,North,66,0,113.53,31.27,4,89,0,1,0,1
2044,60,North,53,1,94.81,30.32,4,59,0,2,0,0
2045,33,West,23,1,88.35,41.72,3,50,0,1,1,0
2046,74,West,68,0,135.56,28.93,5,26,1,2,1,0
2047,43,South,18,0,81.85,30.16,4,12,1,0,0,0
2048,48,South,46,1,110.66,42.17,6,58,2,3,0,0
2049,60,South,48,1,117.41,50.95,5,89,1,1,1,0
2050,55,South,69,1,94.46,28.21,8,43,0,0,0,0
2051,27,West,41,0,70.8,31.77,4,82,1,0,0,1
2052,35,North,71,0,80.32,28.18,1,49,0,1,0,0
2053,38,South,21,1,96.78,43.51,10,51,1,0,1,0
2054,72,South,57,1,102.97,35.89,5,64,0,1,1,0
2055,58,North,18,0,70.43,34.41,1,80,4,0,0,1
2056,38,South,71,1,110.83,24.67,10,84,0,3,1,0
2057,59,West,55,0,63.1,16.97,5,69,0,1,0,0
2058,60,North,45,1,115.77,30.45,4,41,1,2,0,0
2059,40,East,5,1,56.07,34.4,5,65,0,2,0,1
2060,40,South,36,1,87.09,35.37,6,68,0,2,0,0
2061,68,North,11,1,65.77,29.08,4,4,1,2,0,0
2062,50,North,66,1,99.8,27.07,11,89,0,2,0,0
2063,26,North,27,1,96.53,29.76,6,72,0,1,0,0
2064,59,North,59,1,128.03,21.33,6,86,0,2,1,0
2065,51,South,65,0,69.09,22.69,4,104,1,1,0,0
2066,47,West,8,0,55.64,24.53,7,49,1,2,0,0
2067,59,East,54,0,60.76,28.53,5,68,2,3,0,0
2068,69,West,22,1,81.92,36.33,3,0,1,1,0,0
2069,36,South,8,1,85.08,49.35,11,32,1,1,1,0
2070,41,East,19,1,101.01,41.5,9,35,0,2,0,0
2071,28,East,40,1,68.22,40.9,8,60,0,1,0,0
2072,54,North,61,0,98.76,27.92,2,77,1,1,2,0
2073,40,South,50,1,90.41,39.29,12,77,1,0,1,0
2074,37,South,17,1,70.26,33.23,6,80,2,5,0,1
2075,57,West,22,0,72.01,25.8,1,29,1,2,0,0
2076,41,South,22,1,100.41,50.37,8,76,1,1,0,0
2077,44,North,53,0,84.99,24.44,4,63,0,2,0,0
2078,43,West,37,0,62.1,14.35,5,81,3,7,0,1
2079,32,North,2,1,79.49,40.57,5,82,1,0,0,0
2080,25,West,6,0,52.12,32.0,8,10,0,5,0,0
2081,65,West,6,1,92.06,36.24,4,37,2,2,0,0
2082,23,West,69,1,130.63,19.97,5,63,1,3,0,0
2083,36,West,36,1,113.17,45.29,5,74,2,0,0,1
2084,56,North,35,0,77.2,26.84,3,70,1,3,1,0
2085,25,East,55,1,124.34,32.52,9,40,1,0,0,0
2086,55,East,14,1,71.69,44.5,10,64,0,6,0,0
2087,59,East,3,0,88.24,8.8,6,78,1,4,0,0
2088,55,North,20,0,54.6,25.89,2,30,0,2,0,0
2089,35,North,15,0,37.05,20.67,3,98,3,4,1,1
2090,19,South,57,1,128.98,46.94,3,74,1,1,1,0
2091,68,South,59,0,78.85,26.94,2,93,1,2,0,1
2092,36,East,46,1,104.75,28.08,9,25,1,3,1,0
2093,63,West,65,1,97.04,44.11,5,23,2,0,0,0
2094,29,East,33,0,111.95,5.33,4,39,2,4,0,0
2095,27,East,18,0,96.33,29.06,3,74,0,2,0,0
2096,62,North,24,1,115.2,24.89,8,88,3,1,0,0
2097,71,South,11,1,86.83,31.3,9,32,0,3,0,0
2098,67,South,64,0,106.71,23.07,1,77,0,5,0,0
2099,60,North,43,1,100.7,42.28,7,47,1,1,0,0
2100,32,North,55,0,104.33,42.63,4,43,0,2,0,0
2101,70,South,20,0,63.84,10.76,6,54,0,4,0,0
2102,56,North,51,1,129.27,38.57,4,41,1,0,0,0
2103,27,East,24,1,85.09,52.62,6,22,2,0,0,0
2104,25,North,32,0,70.79,20.42,2,32,2,0,0,0
2105,67,North,47,0,76.5,19.92,1,67,1,0,0,0
2106,33,North,70,1,117.89,36.89,7,76,0,0,0,0
2107,61,East,40,0,74.18,31.63,7,96,1,0,1,1
2108,25,East,51,1,112.81,40.26,8,50,1,1,1,0
2109,33,South,43,0,74.29,22.13,5,49,0,2,0,0
2110,34,North,31,0,87.36,18.58,1,61,0,2,2,0
2111,34,West,67,1,136.28,45.53,8,35,1,1,0,1
2112,56,East,69,0,95.66,18.8,5,62,2,1,2,0
2113,70,East,23,0,104.77,9.67,2,78,1,4,1,1
2114,69,South,64,1,128.91,23.37,5,26,2,2,0,0
2115,60,West,33,1,128.57,30.39,8,18,0,1,0,0
2116,29,West,53,0,85.58,36.94,4,62,1,2,0,0
2117,72,South,37,1,73.58,25.49,11,30,0,3,0,0
2118,48,East,55,1,96.91,47.18,10,20,1,1,0,0
2119,49,North,62,0,81.94,35.45,1,68,0,3,0,0
2120,57,East,31,0,61.2,26.8,4,101,2,5,0,1
2121,61,South,50,1,72.06,14.61,8,6,2,2,1,0
2122,72,North,37,1,113.87,25.53,4,14,1,0,0,0
2123,51,West,57,1,80.6,29.93,5,41,0,0,0,0
2124,52,West,14,0,80.93,38.85,1,74,0,2,0,1
2125,60,South,52,1,138.78,30.45,14,49,1,0,0,0
2126,32,West,43,0,69.83,18.82,4,61,0,1,0,1
2127,35,South,33,1,102.31,36.51,5,75,1,3,0,0
2128,53,South,27,1,87.52,23.72,13,25,2,0,0,0
2129,21,West,50,1,117.41,34.8,6,30,0,0,0,0
2130,36,South,25,0,54.58,18.61,2,113,1,5,0,1
2131,58,South,3,1,79.52,56.5,7,74,1,1,1,0
2132,73,East,68,1,130.82,27.66,6,60,2,0,0,0
2133,47,North,32,1,95.27,50.44,4,6,1,1,0,0
2134,40,South,12,0,41.57,15.88,5,81,0,3,1,0
2135,43,South,17,1,107.12,37.1,4,82,1,3,0,0
2136,57,East,59,0,70.06,29.0,4,96,0,1,0,0
2137,49,North,24,1,93.18,36.13,9,27,0,1,0,0
2138,19,North,20,0,78.74,25.64,8,75,0,3,1,0
2139,48,East,35,1,99.3,41.89,8,51,0,1,0,0
2140,40,North,3,1,119.56,38.34,7,0,2,1,0,0
2141,57,South,40,0,91.01,23.62,4,36,1,3,0,1
2142,67,East,3,1,78.46,29.6,6,46,4,1,0,1
2143,72,East,60,0,99.04,23.67,2,56,0,5,1,0
2144,52,North,31,0,78.65,23.58,3,80,0,0,0,0
2145,38,West,16,0,68.67,23.42,7,13,3,1,0,0
2146,43,East,33,1,100.16,35.61,8,7,1,4,1,0
2147,28,South,13,0,59.99,13.73,6,28,0,0,0,0
2148,71,East,23,1,94.69,26.78,6,47,2,0,0,1
2149,66,East,10,0,57.42,31.65,4,25,0,2,0,0
2150,66,East,48,0,55.56,7.0,9,90,0,3,0,1
2151,36,East,70,1,132.1,44.58,12,24,0,2,0,0
2152,36,East,35,0,69.02,20.53,6,69,1,1,0,0
2153,66,West,8,1,86.12,48.36,11,24,1,1,0,1
2154,49,East,6,0,51.59,34.81,7,52,2,4,0,1
2155,58,West,60,1,99.05,32.38,9,71,1,2,0,0
2156,45,East,25,0,56.92,23.21,3,22,1,2,0,0
2157,43,West,22,0,85.22,37.75,4,41,1,2,0,1
2158,54,West,8,1,101.85,45.19,9,5,1,0,0,1
2159,64,North,48,1,104.39,42.78,8,3,0,2,0,0
2160,37,North,5,1,74.45,44.15,10,73,2,2,0,0
2161,64,East,65,1,87.1,26.3,9,19,1,0,0,0
2162,31,South,15,0,79.43,26.64,6,98,1,2,0,1
2163,40,East,5,1,72.35,28.84,6,53,1,0,1,0
2164,70,West,50,1,88.24,26.09,4,52,2,2,0,0
2165,72,West,26,0,73.44,26.31,5,54,2,1,0,0
2166,70,South,50,0,79.99,21.69,4,87,1,2,1,1
2167,36,East,3,0,38.73,23.67,4,49,1,3,0,0
2168,66,North,62,1,90.29,31.0,6,44,0,0,0,0
2169,71,South,22,0,76.05,14.96,2,26,0,2,0,0
2170,73,North,54,1,97.16,48.57,3,19,1,3,1,0
2171,19,South,67,0,101.15,26.25,3,26,0,1,1,0
2172,60,East,39,0,81.7,13.46,4,22,0,3,0,0
2173,74,East,24,1,107.71,36.46,7,51,0,0,0,0
2174,61,East,23,1,79.02,47.17,9,63,2,4,0,0
2175,31,South,49,1,107.99,42.67,3,45,1,0,0,0
2176,61,North,1,0,70.07,20.85,3,54,3,0,0,0
2177,23,North,11,1,76.11,31.04,10,41,1,4,0,0
2178,45,West,46,1,119.91,27.34,10,79,1,1,0,0
2179,53,West,2,1,56.01,29.06,7,1,0,1,1,0
2180,44,South,21,0,58.01,19.71,0,41,2,1,0,0
2181,57,North,46,1,77.44,23.25,6,33,0,1,0,0
2182,31,South,18,1,77.96,31.45,5,79,5,0,1,1
2183,52,East,67,1,111.18,37.75,7,39,2,2,0,0
2184,54,South,70,1,127.47,31.69,7,71,0,2,0,0
2185,54,North,3,0,59.17,26.74,1,61,2,6,0,1
2186,34,South,13,1,77.57,47.98,6,85,3,1,1,1
2187,35,North,65,1,89.26,49.69,7,82,0,2,0,0
2188,32,South,3,1,63.29,34.46,8,74,1,3,0,0
2189,44,North,35,0,82.15,32.04,4,32,2,1,0,0
2190,51,East,68,1,127.22,33.67,5,36,0,1,0,0
2191,38,South,42,0,74.71,21.1,4,59,0,2,1,0
2192,41,North,22,0,89.17,16.07,3,89,2,3,1,1
2193,34,East,1,0,46.25,25.69,5,36,3,3,0,1
2194,30,South,28,1,88.14,43.68,6,57,2,1,0,0
2195,55,West,39,0,74.91,14.8,3,96,0,4,0,0
2196,64,West,6,0,85.94,22.7,5,106,0,4,0,0
2197,34,North,38,0,81.0,22.32,8,41,3,7,1,1
2198,67,West,29,1,67.52,36.98,7,69,2,0,0,0
2199,50,East,24,1,106.27,37.1,10,50,2,0,1,0
2200,27,East,70,1,142.69,39.3,11,41,0,0,1,0
2201,38,South,64,1,108.25,50.18,5,77,2,0,0,0
2202,18,South,50,0,71.54,18.04,6,101,0,2,0,0
2203,20,North,42,1,113.96,27.6,9,81,2,0,0,0
2204,37,West,34,0,106.46,26.98,4,62,1,5,1,0
2205,43,East,5,0,75.23,36.62,8,56,2,5,0,1
2206,63,South,22,0,46.65,13.3,10,33,0,3,0,0
2207,25,East,1,1,91.82,37.65,5,75,0,2,0,0
2208,65,North,26,0,79.06,23.39,2,4,2,5,0,0
2209,31,North,34,1,82.68,41.83,8,58,1,3,0,0
2210,25,East,44,1,121.33,40.03,7,33,3,0,0,0
2211,57,South,26,1,99.58,35.39,6,30,2,0,0,0
2212,62,West,19,0,89.22,28.9,0,106,3,2,0,0
2213,52,East,51,1,89.58,29.73,5,37,1,3,0,0
2214,24,East,11,1,91.48,41.4,8,75,0,1,0,0
2215,24,West,9,0,51.07,36.09,3,64,2,4,0,1
2216,40,North,50,0,88.72,25.8,2,73,0,0,0,0
2217,43,East,42,0,103.16,21.74,5,68,0,3,0,0
2218,74,East,62,0,69.6,23.84,1,7,0,2,0,0
2219,34,North,53,1,85.96,41.32,10,69,1,6,0,0
2220,28,North,65,0,106.83,24.67,6,65,1,0,1,0
2221,71,North,48,1,103.79,25.4,3,35,1,3,1,0
2222,26,North,60,0,107.57,32.62,4,93,0,5,0,1
2223,19,South,13,1,74.39,27.14,10,63,3,2,0,1
2224,42,North,38,1,99.77,38.4,6,16,1,2,0,0
2225,40,East,68,0,104.32,10.07,3,19,0,1,0,0
2226,53,North,57,0,91.65,25.87,6,55,0,2,0,0
2227,68,North,29,0,47.67,24.45,1,17,1,2,0,0
2228,71,South,66,1,155.34,19.26,6,85,0,0,0,0
2229,34,North,23,1,94.68,37.66,6,33,3,1,0,0
2230,73,West,2,1,60.89,26.19,3,38,0,2,1,0
2231,54,South,57,0,93.21,25.68,2,63,1,0,0,0
2232,21,North,30,0,81.44,21.71,5,77,0,2,0,0
2233,71,North,3,1,96.41,23.16,7,55,0,1,0,0
2234,25,South,15,0,81.41,16.63,5,19,1,2,0,0
2235,51,East,6,0,59.79,17.27,1,45,1,1,0,0
2236,63,West,71,0,69.67,32.86,3,72,1,1,1,0
2237,32,South,61,1,117.42,41.69,7,4,0,5,0,0
2238,33,East,66,0,68.36,42.56,4,38,1,1,0,0
2239,45,South,13,1,104.73,30.9,1,22,3,4,0,0
2240,68,West,57,1,97.51,30.65,4,19,0,0,0,0
2241,30,East,41,0,90.02,26.08,3,83,2,2,0,0
2242,55,South,22,0,61.16,22.16,7,92,3,1,0,1
2243,43,East,48,0,76.62,20.34,3,95,0,5,0,0
2244,24,West,68,0,81.99,25.44,4,102,1,5,0,0
2245,58,South,33,1,107.24,40.63,4,86,0,1,0,1
2246,65,West,3,1,72.18,18.1,9,46,1,1,0,0
2247,50,West,60,0,101.53,20.42,2,87,1,3,1,0
2248,28,North,14,0,58.07,13.78,5,52,2,3,0,0
2249,26,West,13,1,83.03,33.77,6,40,3,2,0,0
2250,42,East,44,1,102.53,38.46,6,74,1,2,0,0
2251,46,South,57,0,90.81,33.94,3,96,1,0,0,0
2252,49,South,57,1,94.64,31.53,15,49,1,0,0,0
2253,31,West,62,0,101.56,25.85,5,69,1,3,0,0
2254,46,East,63,1,107.43,21.54,9,45,0,0,1,0
2255,34,South,10,1,93.16,28.12,5,51,1,3,1,0
2256,57,North,22,1,90.76,36.66,1,14,2,2,0,0
2257,63,South,52,1,114.8,24.13,6,21,1,0,0,0
2258,55,West,28,0,67.83,34.9,3,62,1,1,0,0
2259,18,East,51,0,73.66,29.19,1,74,0,0,1,1
2260,74,North,33,0,82.9,17.76,2,82,2,1,0,0
2261,19,West,33,0,69.09,13.14,1,43,2,2,0,0
2262,74,West,2,1,102.88,29.25,8,37,1,1,0,0
2263,19,East,44,0,83.01,17.81,4,7,1,3,1,1
2264,47,North,62,0,70.4,15.26,7,20,1,2,0,0
2265,24,East,59,1,100.72,23.75,5,48,0,3,0,1
2266,23,North,24,0,57.01,23.16,6,21,3,4,0,0
2267,56,South,49,0,100.59,30.86,5,20,2,3,0,0
2268,59,East,15,1,99.1,29.31,7,68,1,0,0,0
2269,24,West,45,1,101.58,38.56,4,39,0,6,0,0
2270,73,South,30,1,99.35,32.38,7,54,0,0,1,0
2271,36,West,66,1,111.68,39.9,8,62,2,2,0,0
2272,36,West,51,1,118.41,28.71,7,27,2,1,1,0
2273,34,North,6,1,90.8,37.25,9,33,0,2,0,0
2274,44,North,62,0,101.5,25.96,2,41,1,3,0,0
2275,28,East,52,0,83.12,35.9,6,88,1,1,0,0
2276,42,East,16,1,78.53,39.47,6,29,2,3,0,0
2277,29,South,21,1,100.48,37.05,5,47,1,1,0,0
2278,20,East,13,0,89.77,13.24,6,29,0,2,0,0
2279,39,East,23,0,88.09,20.8,4,18,1,6,1,0
2280,56,East,68,1,137.72,28.6,3,3,0,2,0,0
2281,61,East,65,0,94.93,18.42,3,54,1,2,0,0
2282,38,North,40,0,65.45,25.12,2,64,0,1,1,0
2283,36,North,26,1,79.78,36.93,4,5,0,1,1,0
2284,62,North,26,1,113.69,37.24,6,77,0,0,0,0
2285,56,West,68,0,66.07,35.09,3,96,1,3,0,0
2286,65,West,15,1,110.07,38.87,6,88,1,4,0,0
2287,69,West,54,1,95.19,25.18,7,60,0,3,0,0
2288,64,North,71,0,124.35,26.62,1,23,1,2,0,0
2289,71,East,61,1,109.44,39.68,3,59,0,1,0,0
2290,41,North,52,1,116.84,45.1,13,15,2,0,0,0
2291,40,South,64,0,127.78,23.77,7,32,1,3,1,0
2292,36,North,16,0,63.05,23.84,3,63,1,3,0,0
2293,31,West,70,1,109.8,43.63,5,64,0,3,0,0
2294,60,North,7,0,53.08,26.43,3,32,3,4,0,0
2295,58,East,1,1,65.47,22.21,5,53,1,0,0,1
2296,63,West,15,0,62.55,10.5,2,57,1,1,0,0
2297,27,East,44,1,93.68,49.73,10,67,2,2,0,0
2298,46,North,18,1,70.25,21.29,5,62,0,0,0,0
2299,30,West,45,0,79.34,23.66,6,66,1,3,0,0
2300,68,East,8,0,70.75,32.06,4,90,1,4,0,1
2301,33,South,50,1,91.56,20.88,15,54,2,0,0,0
2302,26,East,17,1,86.06,26.35,6,83,4,0,0,0
2303,50,West,38,0,100.1,15.03,1,19,0,2,1,0
2304,68,South,9,1,63.21,49.41,6,14,0,1,0,0
2305,70,South,69,0,123.48,41.15,4,85,2,4,0,1
2306,23,South,27,1,83.39,29.13,5,70,2,1,0,1
2307,36,North,43,0,84.51,29.64,1,55,1,3,0,1
2308,26,West,35,0,96.69,27.46,2,65,1,4,0,1
2309,35,North,43,1,125.27,32.75,10,22,1,0,0,0
2310,48,South,33,1,103.55,21.99,5,67,1,3,0,0
2311,33,South,6,1,72.58,53.46,4,41,0,1,0,0
2312,21,South,59,0,77.76,10.47,8,29,1,2,1,0
2313,47,South,46,0,74.38,26.7,2,92,3,5,1,1
2314,21,East,19,0,97.84,19.82,5,16,1,0,0,0
2315,30,South,6,0,57.25,33.06,3,67,1,1,0,0
2316,18,North,63,1,116.35,41.77,11,57,0,0,0,0
2317,22,West,24,0,56.34,17.17,2,73,2,3,0,0
2318,42,West,65,1,95.15,28.68,8,25,0,4,0,0
2319,66,South,55,0,87.9,12.6,2,65,2,2,0,0
2320,62,South,69,0,89.63,26.56,5,91,1,3,0,0
2321,23,North,47,0,79.72,30.69,3,50,2,1,1,0
2322,19,North,13,0,44.31,21.47,6,118,1,5,0,1
2323,37,South,3,0,60.4,23.04,4,16,1,4,0,0
2324,55,West,18,0,92.24,40.26,4,97,1,1,1,1
2325,60,East,32,1,83.2,42.49,6,85,0,2,1,0
2326,64,South,45,0,95.96,35.78,4,81,2,1,1,1
2327,37,West,64,1,60.03,17.06,5,46,2,2,1,0
2328,27,South,11,0,53.46,29.38,5,87,1,4,0,1
2329,19,North,46,1,74.34,37.01,10,47,1,1,0,0
2330,26,South,7,0,82.04,14.98,2,86,2,3,0,1
2331,21,North,35,0,90.68,16.65,3,104,3,4,0,1
2332,67,West,6,0,47.49,23.25,3,71,3,2,0,1
2333,33,South,27,1,97.84,24.26,9,35,0,0,0,0
2334,64,East,44,0,100.03,18.61,4,56,2,2,1,1
2335,49,South,53,0,106.86,21.31,3,103,2,3,1,1
2336,48,West,58,1,102.91,39.59,4,83,0,1,0,0
2337,43,East,38,1,65.87,29.35,9,29,0,6,0,0
2338,64,South,19,1,76.02,31.42,4,24,1,1,0,0
2339,20,North,65,0,103.99,33.19,4,74,2,4,0,0
2340,23,West,67,1,144.98,20.89,8,44,1,2,0,0
2341,42,East,69,1,113.69,36.82,5,83,3,2,0,0
2342,40,South,57,0,79.4,28.12,2,32,2,1,0,0
2343,49,West,56,0,123.99,28.33,8,33,1,2,0,1
2344,60,North,6,1,89.09,30.99,8,36,2,2,0,0
2345,51,South,41,1,82.08,26.48,9,44,0,2,1,0
2346,32,South,29,0,72.72,37.16,5,87,1,4,0,1
2347,36,South,19,1,104.5,28.15,6,81,2,1,1,0
2348,60,South,5,1,81.44,26.06,7,38,2,2,0,0
2349,29,North,16,1,99.92,35.16,5,41,2,0,0,0
2350,46,North,65,0,68.42,19.09,6,17,2,9,0,0
2351,48,North,65,1,90.99,43.41,5,78,1,2,1,0
2352,60,North,53,1,95.48,32.88,6,11,0,1,0,0
2353,58,West,8,0,59.77,34.44,2,65,0,4,1,0
2354,44,East,49,0,89.51,28.59,5,41,0,0,1,0
2355,35,South,10,0,74.55,21.89,3,79,0,5,0,0
2356,38,South,49,1,141.49,43.91,8,29,0,0,0,0
2357,41,East,3,1,70.42,29.79,9,37,3,1,0,1
2358,30,North,21,0,65.79,22.44,5,41,3,5,0,1
2359,53,North,9,1,73.84,39.23,8,50,1,2,1,0
2360,29,East,67,1,129.69,36.81,8,46,1,0,0,0
2361,54,South,41,0,97.51,19.61,4,42,0,1,0,0
2362,60,East,66,1,106.29,22.71,4,24,0,2,0,0
2363,72,West,2,0,91.99,24.85,1,82,2,2,0,0
2364,24,West,53,0,75.87,19.18,2,45,1,5,0,0
2365,61,North,35,0,92.95,25.24,5,69,1,4,0,0
2366,22,North,34,1,118.82,31.63,7,49,0,0,0,0
2367,37,North,63,1,91.08,29.26,4,53,2,1,0,0
2368,28,West,4,0,70.66,22.85,5,84,3,2,0,0
2369,27,West,68,0,53.12,24.41,3,28,3,2,1,0
2370,27,West,3,1,93.86,40.56,5,48,4,2,0,0
2371,20,South,26,0,56.48,28.39,7,80,2,4,0,1
2372,64,West,10,0,73.51,41.76,6,76,2,0,1,1
2373,21,South,38,0,90.32,26.13,5,20,0,7,0,0
2374,40,West,43,1,118.3,29.62,7,47,0,1,2,0
2375,57,East,46,1,116.35,33.67,4,4,1,5,0,0
2376,74,North,57,1,109.34,39.55,9,68,2,0,0,0
2377,66,North,54,0,81.29,33.03,3,84,0,5,0,0
2378,25,West,68,0,92.88,35.73,7,27,0,0,0,0
2379,74,South,32,1,79.26,26.86,4,38,0,1,0,0
2380,55,South,13,1,83.32,45.25,7,82,0,1,1,0
2381,28,South,12,1,81.64,34.63,7,31,0,1,0,0
2382,43,South,20,1,78.18,27.58,11,9,1,2,0,0
2383,70,West,43,1,75.38,33.37,5,71,0,0,0,0
2384,40,North,4,1,62.85,44.69,13,40,2,0,0,0
2385,28,North,68,0,46.75,28.66,3,43,2,1,0,0
2386,67,West,71,0,90.88,15.3,6,82,0,3,0,1
2387,72,East,12,1,91.41,25.36,10,54,2,2,0,1
2388,73,North,56,0,47.76,15.14,3,53,0,3,0,0
2389,72,North,43,0,85.05,19.15,5,52,1,3,0,0
2390,67,North,35,0,75.66,25.62,3,5,2,2,0,0
2391,43,North,53,1,88.85,25.99,7,3,1,1,0,0
2392,28,North,41,0,74.03,21.57,1,62,0,0,0,0
2393,53,North,23,1,107.26,46.22,9,63,1,1,0,0
2394,30,East,40,0,65.39,37.94,5,47,2,4,1,0
2395,44,West,10,1,86.18,47.4,6,19,2,1,0,0
2396,55,West,19,1,94.7,20.64,3,45,4,4,0,0
2397,71,South,70,0,82.67,38.39,4,91,1,8,0,1
2398,34,South,14,1,102.12,35.73,8,6,2,2,0,0
2399,32,West,43,1,107.56,35.62,13,84,1,1,0,0
2400,59,East,22,1,87.22,43.23,2,36,0,1,0,0
2401,18,South,33,1,131.95,40.63,8,48,1,1,0,0
2402,50,North,18,0,84.19,10.05,3,17,1,4,2,0
2403,60,South,41,0,55.21,20.1,1,84,1,6,0,0
2404,49,South,40,0,74.16,22.07,3,18,0,1,0,0
2405,39,East,44,0,119.0,14.36,5,81,1,6,0,0
2406,65,North,22,1,76.27,42.98,7,53,0,3,0,0
2407,39,West,42,1,102.0,46.51,8,80,1,1,0,0
2408,58,East,52,1,124.46,34.92,10,23,1,2,0,0
2409,44,East,52,0,95.78,27.39,5,77,1,2,1,0
2410,19,North,41,1,112.45,34.91,5,8,0,2,0,0
2411,48,East,22,1,102.06,35.79,8,69,1,2,1,0
2412,20,East,38,1,99.38,43.94,8,46,0,1,0,0
2413,71,North,39,0,67.62,10.88,3,26,1,1,0,0
2414,52,East,68,0,100.52,28.89,2,34,1,4,1,1
2415,39,East,27,1,87.46,35.09,8,0,2,1,0,0
2416,45,West,23,1,84.28,29.29,5,29,2,2,0,0
2417,53,North,54,0,109.24,20.97,5,23,0,5,0,0
2418,32,West,46,1,97.29,49.66,5,5,0,1,0,0
2419,34,South,31,1,121.09,24.38,7,72,0,3,1,0
2420,41,North,1,0,64.35,23.65,5,69,4,3,0,0
2421,32,North,51,1,103.11,48.04,10,78,0,1,0,0
2422,61,North,53,1,79.24,24.84,4,60,0,1,2,1
2423,23,South,67,0,125.3,21.35,3,103,1,3,0,1
2424,65,South,36,0,77.91,25.34,1,31,0,2,0,0
2425,37,East,37,1,64.44,38.3,5,17,1,1,0,0
2426,49,North,15,0,82.32,24.36,5,70,0,3,0,0
2427,26,West,33,0,75.75,17.84,5,47,2,1,1,0
2428,39,North,1,0,46.53,28.58,3,26,1,1,1,1
2429,61,East,36,0,91.97,24.2,7,43,1,3,0,1
2430,33,West,51,1,67.27,40.02,9,48,0,1,0,0
2431,25,West,56,0,77.29,32.39,0,30,2,1,0,0
2432,47,East,48,1,99.51,23.11,7,27,1,1,0,0
2433,27,East,58,0,101.78,33.27,3,84,2,2,0,0
2434,35,North,48,0,117.6,22.96,4,88,1,2,1,0
2435,43,North,56,0,84.33,31.6,3,31,1,2,1,0
2436,50,South,32,1,102.9,38.95,10,20,0,2,0,0
2437,54,North,43,1,142.73,49.83,5,56,2,0,0,0
2438,56,South,46,1,103.07,35.05,5,50,1,1,0,0
2439,66,North,41,0,87.52,21.77,3,31,1,2,0,0
2440,21,West,41,0,61.94,20.9,1,27,0,1,1,0
2441,38,West,56,0,117.39,16.7,3,91,1,6,0,0
2442,18,West,17,0,57.81,31.46,5,7,3,2,0,1
2443,18,East,23,0,75.53,16.19,3,27,1,3,0,0
2444,30,North,37,0,82.1,31.39,2,89,1,4,0,0
2445,52,North,46,0,84.28,23.21,7,57,0,3,0,0
2446,68,East,37,0,71.99,10.89,1,92,1,3,0,1
2447,62,East,15,0,71.12,36.91,1,82,2,3,0,0
2448,54,South,59,1,135.86,7.99,8,5,2,0,0,0
2449,62,South,39,0,113.71,24.35,5,85,0,2,0,0
2450,27,South,31,1,92.87,36.87,6,5,2,0,0,0
2451,65,North,63,1,104.76,16.55,8,22,1,1,0,0
2452,68,South,31,0,63.37,28.53,3,100,1,0,0,1
2453,23,South,12,0,106.29,19.64,3,29,1,1,0,0
2454,44,East,70,1,116.93,33.01,11,64,1,1,0,0
2455,65,West,28,0,90.73,35.74,1,42,0,2,0,1
2456,45,South,64,0,102.45,26.14,2,10,1,5,0,0
2457,65,East,37,1,131.63,32.2,8,79,1,1,0,0
2458,71,West,18,0,65.28,23.64,6,16,3,3,0,1
2459,45,North,27,1,76.89,49.21,7,54,3,3,0,0
2460,21,East,65,0,120.39,28.24,3,44,1,1,0,0
2461,37,South,68,0,107.55,17.93,5,74,1,1,1,0
2462,30,East,10,0,71.84,21.09,3,59,1,2,0,1
2463,45,North,71,1,138.53,25.48,8,44,0,3,0,0
2464,51,West,61,0,98.2,21.39,4,105,0,2,0,0
2465,44,West,46,1,126.55,47.86,4,25,2,2,0,0
2466,29,North,14,0,70.7,23.67,4,80,1,1,0,1
2467,35,North,42,0,94.53,14.3,3,81,1,1,1,1
2468,56,North,31,0,83.4,28.45,3,109,1,4,0,1
2469,19,West,9,1,79.62,31.86,10,44,0,1,0,0
2470,30,East,70,0,91.92,29.49,3,36,0,3,0,0
2471,68,North,43,1,95.61,33.06,8,31,1,1,0,0
2472,23,West,7,1,87.48,46.56,11,25,0,2,0,0
2473,41,South,25,1,85.66,27.71,13,70,1,0,0,0
2474,29,South,60,0,96.54,15.68,1,71,0,1,0,0
2475,23,South,32,0,82.03,32.5,7,71,4,4,0,1
2476,42,South,36,0,81.08,8.97,5,91,2,1,1,0
2477,47,South,11,1,88.84,33.62,10,66,3,0,0,0
2478,28,North,8,0,55.51,31.4,6,79,1,4,0,0
2479,22,South,70,1,110.77,17.44,4,36,1,0,0,0
2480,25,West,68,1,88.94,35.52,10,46,1,1,2,0
2481,55,South,7,0,61.7,13.03,3,51,2,1,0,1
2482,67,West,39,0,64.71,10.24,3,34,3,0,0,0
2483,28,East,49,0,86.0,16.47,4,52,0,3,0,0
2484,36,East,63,1,100.78,33.53,2,12,0,1,0,0
2485,37,South,40,0,49.24,19.35,3,42,0,4,0,0
2486,38,West,62,0,124.79,33.86,4,86,0,0,0,0
2487,31,North,9,0,61.03,25.66,6,68,1,6,1,1
2488,21,North,2,0,82.71,21.09,6,73,3,4,0,1
2489,47,North,34,1,89.1,24.52,10,8,0,0,0,0
2490,38,North,19,1,114.97,36.79,6,60,3,3,0,0
2491,37,West,54,1,89.72,51.47,8,28,0,0,0,0
2492,33,West,24,1,94.64,29.38,13,13,0,0,0,0
2493,70,East,29,0,58.12,20.32,0,90,0,2,1,1
2494,52,North,38,1,138.01,26.51,9,48,0,1,1,0
2495,41,West,69,1,110.76,44.47,10,56,0,1,0,0
2496,29,East,6,0,75.43,32.42,3,98,0,4,0,1
2497,63,South,40,1,106.76,31.43,10,87,0,2,0,1
2498,68,South,28,0,73.62,20.21,2,82,2,3,0,1
2499,19,East,3,0,69.27,17.45,6,6,1,2,0,0
2500,70,North,58,1,129.39,32.69,3,42,3,1,1,0
2501,57,South,65,1,122.52,43.16,8,59,0,0,0,0
2502,23,East,13,0,68.94,25.33,3,72,2,4,0,1
2503,60,North,54,1,114.79,45.3,2,77,1,4,0,0
2504,24,South,50,1,133.73,29.24,7,37,1,1,0,0
2505,20,South,51,1,99.25,16.5,11,77,2,4,0,0
2506,24,East,33,1,68.69,55.84,5,56,1,3,0,0
2507,44,West,23,0,55.05,26.72,0,70,1,3,0,1
2508,53,West,6,0,47.67,31.23,8,66,3,3,0,0
2509,41,East,3,0,48.28,18.7,3,71,1,4,0,1
2510,24,East,13,1,73.8,24.1,4,79,1,1,0,0
2511,29,East,38,0,78.65,26.24,4,18,0,2,1,0
2512,66,East,11,0,69.21,9.07,6,46,3,6,0,0
2513,72,North,49,1,108.05,32.86,3,35,0,1,0,0
2514,60,East,44,0,71.05,33.18,3,65,2,4,1,0
2515,23,East,25,0,87.41,28.59,3,61,0,6,0,1
2516,64,South,7,1,91.52,37.04,5,19,3,2,0,0
2517,57,West,37,1,122.22,48.95,8,43,2,2,0,0
2518,47,East,59,0,102.2,28.0,3,63,0,2,1,0
2519,26,South,28,1,88.76,19.76,11,84,0,2,0,0
2520,74,North,58,0,108.58,23.81,2,64,0,3,0,1
2521,43,North,21,0,74.6,40.4,6,90,0,1,1,0
2522,20,South,6,1,94.97,32.52,7,88,1,3,1,1
2523,29,South,47,0,94.31,39.91,2,76,0,1,0,0
2524,40,North,64,0,90.14,33.19,5,40,0,5,0,0
2525,21,North,63,0,93.05,21.73,3,44,0,5,0,0
2526,36,North,69,0,92.53,16.36,3,52,2,1,0,0
2527,44,West,8,0,51.21,27.72,5,101,0,1,0,1
2528,72,East,4,0,29.83,35.16,6,61,0,2,0,0
2529,22,South,41,1,90.09,22.37,10,73,2,1,0,0
2530,50,North,68,0,96.99,25.96,8,8,1,1,0,0
2531,70,North,71,1,131.78,18.67,8,23,2,2,0,0
2532,63,North,20,0,81.94,22.28,3,32,1,2,0,0
2533,70,South,27,1,89.31,21.76,4,36,0,0,0,0
2534,27,North,48,1,93.8,39.5,2,87,2,1,0,0
2535,63,South,65,1,109.8,29.49,6,60,0,1,0,0
2536,73,West,13,0,51.87,34.26,3,21,5,4,1,1
2537,36,South,70,0,63.27,20.68,3,90,1,0,0,1
2538,46,West,59,1,86.32,29.95,9,54,1,0,0,0
2539,48,North,5,1,103.12,22.08,9,74,2,1,0,0
2540,46,North,60,0,117.86,28.13,2,69,1,4,0,0
2541,34,West,46,0,94.31,28.94,2,43,0,2,0,0
2542,73,South,70,0,94.13,32.52,2,81,0,3,1,0
2543,72,East,15,1,66.61,40.24,6,83,1,1,1,0
2544,39,West,71,1,113.08,38.21,4,41,1,2,0,0
2545,63,East,4,1,91.18,39.77,9,30,1,1,0,0
2546,40,South,6,1,95.45,40.57,8,73,3,1,0,0
2547,63,South,32,0,86.33,32.26,2,68,1,1,0,0
2548,51,North,47,0,101.64,12.78,5,24,3,3,0,0
2549,44,North,12,1,115.14,31.31,8,10,0,3,0,0
2550,25,North,20,0,63.92,12.02,4,99,1,1,0,1
2551,55,West,28,0,116.08,27.66,2,45,0,1,1,0
2552,36,East,9,1,54.2,48.04,4,22,1,1,0,0
2553,30,South,13,0,54.83,32.17,7,18,1,2,0,0
2554,29,North,11,0,68.5,20.14,6,53,1,3,0,1
2555,73,East,68,1,122.24,39.04,1,68,3,0,0,0
2556,23,West,67,0,90.78,27.79,6,16,0,1,0,0
2557,63,South,45,0,75.06,26.87,1,89,0,3,0,1
2558,67,South,49,1,137.54,24.57,9,8,2,3,0,0
2559,19,West,10,0,56.85,35.52,0,95,1,6,0,1
2560,51,West,4,1,66.71,25.58,7,53,3,0,0,1
2561,50,West,27,1,118.86,32.07,6,73,1,3,0,0
2562,38,South,70,1,127.74,42.67,6,10,2,0,0,0
2563,56,North,34,0,93.42,22.01,1,89,1,1,0,0
2564,41,South,58,0,91.94,25.63,1,22,1,3,1,0
2565,43,South,27,0,52.86,25.96,4,86,3,5,0,1
2566,42,West,22,1,92.27,35.53,5,15,1,1,0,0
2567,63,North,58,1,86.29,35.92,4,25,1,2,0,0
2568,54,East,34,0,80.63,26.71,5,70,2,4,0,1
2569,39,West,52,1,115.8,35.6,8,13,2,2,0,0
2570,70,West,52,1,122.13,27.84,4,71,0,2,0,0
2571,63,East,52,1,104.61,22.6,10,16,1,4,0,0
2572,71,West,48,0,95.22,32.99,4,23,1,3,2,0
2573,59,North,58,0,75.44,33.35,7,106,0,4,1,1
2574,40,South,33,1,111.0,37.7,7,64,1,1,0,0
2575,62,North,22,1,101.12,37.63,7,4,0,1,0,0
2576,36,West,37,1,86.5,27.68,8,53,0,2,0,0
2577,33,West,24,0,79.96,5.49,3,77,1,1,0,0
2578,43,North,4,0,78.35,23.01,4,47,2,1,0,1
2579,73,North,26,0,74.18,9.82,1,10,0,0,0,0
2580,50,South,36,1,85.66,36.48,8,77,1,2,0,0
2581,39,North,37,0,81.17,35.43,1,50,1,4,0,1
2582,44,West,25,1,100.79,30.07,5,45,1,2,0,0
2583,34,North,52,0,73.55,20.53,3,82,1,0,0,0
2584,55,West,21,0,55.39,16.95,4,50,0,1,0,0
2585,37,East,46,0,90.82,25.35,3,11,0,2,0,0
2586,49,South,20,0,82.35,24.73,3,56,0,1,0,0
2587,39,North,71,0,127.75,16.85,2,78,0,2,1,1
2588,36,West,47,0,93.49,32.3,7,72,1,2,0,0
2589,73,East,40,0,61.86,46.62,0,70,2,3,0,1
2590,37,South,31,1,126.1,44.52,9,14,0,3,0,0
2591,22,South,54,0,102.82,24.12,4,91,1,1,1,0
2592,39,West,31,1,65.42,34.02,7,8,0,2,0,0
2593,48,West,58,0,73.55,20.89,1,111,1,3,1,0
2594,23,West,12,0,58.63,20.73,1,13,0,5,0,0
2595,35,East,59,1,122.07,42.67,7,7,0,1,0,0
2596,27,West,69,0,58.81,33.01,7,35,1,4,0,1
2597,46,South,18,1,87.21,25.64,6,10,1,3,0,0
2598,59,East,16,1,99.72,37.93,6,89,4,0,0,0
2599,73,South,68,0,51.49,33.89,5,58,0,2,0,0
2600,40,East,29,0,85.7,22.2,0,81,2,2,0,1
2601,67,West,50,1,118.0,33.31,5,32,0,1,1,0
2602,30,West,14,0,54.3,30.57,5,70,2,2,1,1
2603,62,South,31,0,58.2,30.8,4,25,2,1,0,1
2604,50,East,50,0,72.07,28.43,5,51,1,3,0,0
2605,61,West,64,0,51.92,27.03,3,60,2,0,0,0
2606,61,West,31,1,90.61,38.11,4,32,3,1,0,0
2607,48,East,6,1,86.29,32.78,6,53,4,1,0,0
2608,32,North,30,1,76.71,26.06,9,17,0,2,1,0
2609,47,South,46,1,117.58,22.55,6,51,0,5,0,1
2610,65,West,63,1,113.04,39.76,9,4,0,0,0,0
2611,73,East,60,1,113.9,35.87,6,17,4,3,0,0
2612,70,East,54,0,80.97,28.64,1,84,1,2,1,0
2613,28,East,12,0,77.15,18.37,3,106,1,2,1,1
2614,52,South,37,1,117.86,35.82,11,29,2,1,0,0
2615,23,South,41,0,74.39,25.63,5,33,0,4,0,0
2616,56,West,34,0,88.42,35.23,7,64,1,4,0,0
2617,74,South,66,0,104.58,31.81,3,30,0,2,0,0
2618,20,East,69,1,120.77,29.08,9,62,0,4,0,0
2619,55,East,15,0,92.66,29.04,8,39,2,2,0,0
2620,71,West,68,0,83.1,19.02,3,108,0,1,1,1
2621,66,South,61,1,104.18,14.1,11,50,2,2,0,0
2622,40,East,51,1,93.85,48.81,2,17,2,1,0,0
2623,23,North,28,0,84.88,22.0,10,66,1,3,2,1
2624,70,North,54,1,102.91,43.32,8,85,2,1,0,0
2625,70,South,42,1,90.56,29.71,1,6,1,1,0,0
2626,51,North,64,1,136.95,28.54,7,44,0,0,0,0
2627,73,West,51,0,112.64,20.63,6,64,1,3,0,0
2628,18,West,69,0,89.57,27.02,5,78,0,3,0,0
2629,53,North,30,0,54.49,26.41,7,62,1,3,0,0
2630,20,West,6,1,110.95,38.98,4,0,3,0,0,0
2631,71,South,35,0,84.56,21.03,4,43,1,3,0,1
2632,56,East,71,1,121.81,35.32,2,64,0,0,0,0
2633,70,West,47,0,85.08,18.25,2,99,0,2,0,1
2634,50,East,50,0,73.0,36.75,1,38,0,3,1,0
2635,22,North,45,1,96.3,24.49,1,84,0,5,0,0
2636,19,North,43,0,91.67,18.42,1,42,0,2,0,0
2637,37,South,5,1,75.79,31.61,10,87,2,3,0,0
2638,60,West,30,1,101.49,54.11,8,44,0,2,0,0
2639,26,East,7,0,63.7,31.13,3,91,2,2,0,1
2640,66,South,24,1,76.15,28.17,3,33,2,2,0,0
2641,31,North,52,1,130.32,41.58,2,48,0,0,0,0
2642,46,West,58,1,117.91,39.13,7,62,0,5,1,1
2643,29,South,16,0,72.96,27.19,4,14,2,2,0,1
2644,44,East,47,0,91.83,30.57,2,35,3,2,0,0
2645,43,East,17,0,41.61,25.46,2,43,2,3,1,1
2646,18,North,15,1,80.1,36.37,13,55,3,0,0,0
2647,50,North,69,0,71.59,12.58,4,74,0,1,0,0
2648,62,South,44,0,83.87,36.54,9,70,2,0,0,0
2649,71,South,15,0,72.39,21.42,2,113,1,4,2,1
2650,36,East,11,0,67.62,15.1,3,71,0,3,0,0
2651,68,West,4,1,99.68,30.97,4,89,0,1,1,0
2652,68,North,36,1,75.54,31.29,8,57,0,1,0,0
2653,74,South,8,1,72.01,28.59,3,62,1,2,0,0
2654,39,North,42,1,107.22,41.22,9,75,1,0,0,0
2655,66,North,31,1,99.46,42.79,6,35,1,1,0,0
2656,50,East,46,1,83.27,19.33,4,61,0,0,0,0
2657,21,West,15,1,105.45,30.88,8,33,2,2,0,0
2658,33,East,11,1,108.65,31.46,10,26,1,0,0,0
2659,56,North,8,0,70.38,23.62,3,71,0,2,0,1
2660,27,East,7,0,40.86,38.65,3,23,0,3,0,0
2661,42,South,6,1,85.4,28.49,9,56,3,0,0,0
2662,62,West,19,1,94.61,47.5,6,58,1,1,0,0
2663,26,East,57,0,84.42,23.83,6,25,1,1,0,0
2664,46,West,44,0,102.21,37.57,4,47,1,4,0,0
2665,30,North,18,1,87.26,32.51,11,76,2,1,0,0
2666,48,South,67,1,145.07,31.58,9,54,1,2,0,0
2667,31,East,55,1,119.25,34.82,7,65,1,0,0,0
2668,73,South,56,1,112.14,45.34,4,6,1,0,1,0
2669,22,East,64,0,105.81,26.27,2,64,1,2,0,0
2670,72,South,53,1,129.46,36.67,7,14,0,1,0,0
2671,63,West,68,0,107.49,30.09,2,45,2,5,0,0
2672,66,North,24,1,90.86,27.96,8,10,0,1,1,1
2673,66,West,61,1,100.6,37.69,8,22,0,2,0,0
2674,28,South,8,1,67.17,29.97,5,51,0,1,1,0
2675,71,South,22,1,54.39,46.77,7,34,1,1,0,0
2676,51,South,64,0,94.61,28.35,5,101,1,3,0,1
2677,72,North,10,1,79.18,40.54,5,9,0,1,0,0
2678,68,West,36,1,92.99,18.69,4,28,1,1,0,0
2679,51,West,25,0,87.93,30.65,3,55,2,4,0,0
2680,39,West,8,0,62.32,23.58,6,49,1,1,0,0
2681,24,West,17,1,116.93,23.5,5,42,0,4,0,0
2682,23,East,38,1,90.4,35.76,10,59,2,0,0,1
2683,40,South,45,1,87.94,22.85,8,28,1,0,1,0
2684,64,West,48,0,65.14,29.89,3,91,1,2,1,0
2685,46,North,10,1,95.84,46.47,5,84,0,0,0,0
2686,45,West,23,1,108.77,20.68,13,10,1,1,0,0
2687,31,South,8,0,55.08,24.76,8,64,0,1,0,0
2688,50,East,1,1,64.54,33.68,8,19,1,0,0,0
2689,54,South,28,0,96.95,9.08,1,46,1,6,0,1
2690,73,South,45,1,80.74,42.33,3,17,0,0,1,0
2691,59,North,27,1,108.65,40.01,8,23,1,2,1,0
2692,52,South,3,0,52.94,41.21,6,79,0,0,0,0
2693,69,South,16,1,93.96,38.97,10,19,1,0,0,0
2694,42,North,31,1,111.65,27.97,5,86,0,4,0,0
2695,71,North,26,0,80.14,29.11,4,94,2,0,1,1
2696,39,East,59,1,105.07,45.28,3,10,2,2,0,0
2697,25,South,43,0,102.44,21.28,6,34,1,0,0,0
2698,41,West,71,0,99.84,31.82,4,86,0,3,1,0
2699,25,North,13,0,121.74,6.16,1,44,1,2,1,0
2700,24,East,27,0,47.92,36.8,4,33,0,1,0,1
2701,68,North,7,0,37.7,31.4,2,89,0,2,0,0
2702,63,South,2,0,75.91,4.65,1,79,3,3,1,1
2703,30,East,66,1,112.52,38.06,11,64,0,1,0,0
2704,65,East,35,1,109.39,19.11,8,52,0,1,0,0
2705,21,South,47,1,87.02,30.11,5,77,0,1,0,1
2706,34,South,20,1,90.81,40.43,4,76,4,2,1,0
2707,58,North,4,0,68.86,23.91,5,54,2,1,2,0
2708,35,South,64,1,103.84,45.05,8,69,1,1,0,1
2709,59,South,47,0,86.98,25.51,1,42,1,3,0,0
2710,67,East,51,0,65.08,24.7,3,40,2,2,0,0
2711,21,South,38,1,104.92,43.79,9,27,0,3,0,0
2712,19,East,29,0,96.18,22.3,1,74,0,1,0,1
2713,71,South,30,0,56.44,24.8,6,27,1,2,1,0
2714,47,North,55,1,88.03,35.85,5,58,2,1,1,0
2715,46,North,17,0,86.35,24.46,1,96,1,3,1,1
2716,44,North,25,1,72.77,44.28,9,36,0,2,0,0
2717,42,South,22,0,83.61,19.67,2,97,1,4,1,1
2718,57,West,38,0,79.83,18.36,4,27,2,1,0,0
2719,51,East,69,0,88.23,16.51,5,59,0,0,0,0
2720,27,South,66,0,115.0,7.87,1,65,0,2,0,0
2721,53,North,39,0,93.42,36.87,5,42,1,3,1,0
2722,56,West,15,0,71.7,17.79,2,54,3,5,0,0
2723,24,North,67,1,81.21,33.09,4,4,1,2,0,0
2724,39,South,23,1,102.18,47.46,10,19,0,1,0,1
2725,63,West,26,0,56.94,23.86,1,70,0,3,0,0
2726,53,South,63,1,108.18,39.12,5,4,0,2,0,0
2727,25,North,19,0,69.61,13.64,7,42,3,5,0,1
2728,20,North,33,1,124.96,46.19,11,9,0,2,0,0
2729,51,East,66,0,89.2,24.03,5,95,1,1,0,0
2730,44,North,23,1,70.16,26.85,5,15,2,1,0,1
2731,72,East,45,0,104.54,16.85,2,89,0,5,0,0
2732,47,South,3,1,92.39,48.52,11,3,3,0,0,0
2733,71,South,71,1,126.94,30.31,6,20,1,0,0,0
2734,30,North,30,0,97.33,17.03,4,19,0,2,1,0
2735,43,West,48,0,109.85,21.54,5,52,1,4,0,0
2736,25,South,36,0,64.62,25.36,4,53,2,2,0,0
2737,50,East,31,0,54.64,26.21,1,71,1,2,1,1
2738,28,South,29,0,87.14,28.55,2,17,0,1,1,1
2739,46,North,2,1,77.06,36.88,14,89,2,0,0,1
2740,37,South,20,1,87.42,40.18,4,16,2,1,0,0
2741,28,South,28,0,57.17,22.82,5,87,0,0,0,0
2742,23,South,27,1,102.26,51.58,5,31,2,1,0,0
2743,47,West,20,0,76.03,21.09,2,85,1,2,0,0
2744,71,West,46,1,100.67,45.82,7,28,1,3,0,0
2745,29,West,59,1,88.67,30.21,10,61,2,2,0,0
2746,41,East,64,1,130.14,23.58,6,67,0,2,0,0
2747,30,East,70,1,118.84,21.66,8,54,2,0,0,0
2748,64,East,47,0,100.27,27.43,2,22,0,3,0,0
2749,41,South,30,1,63.45,44.3,13,67,1,3,0,1
2750,73,West,46,0,83.85,15.79,5,50,1,1,0,0
2751,31,West,10,0,54.25,17.98,4,82,0,1,0,0
2752,22,North,58,1,109.54,38.09,8,22,1,1,0,0
2753,51,West,38,0,93.15,24.98,4,67,0,2,0,0
2754,55,West,12,1,91.55,30.31,7,62,3,3,1,1
2755,74,South,31,0,75.77,14.77,2,97,2,2,1,1
2756,67,West,22,0,71.19,27.47,4,44,0,3,1,1
2757,68,North,25,1,69.1,40.22,2,85,0,4,0,0
2758,54,North,4,0,48.4,28.93,4,66,1,2,0,0
2759,38,South,2,1,97.82,35.21,7,73,0,2,0,0
2760,42,East,25,1,84.92,26.55,7,88,0,0,0,0
2761,25,South,22,1,108.11,37.52,9,56,0,1,0,0
2762,42,West,71,1,127.9,36.92,5,70,1,0,0,1
2763,38,North,19,1,102.69,24.49,5,15,1,2,0,0
2764,20,South,24,1,96.99,32.58,7,11,2,1,0,0
2765,29,East,65,1,105.96,37.93,7,7,1,0,0,0
2766,48,North,62,0,88.73,24.37,4,35,0,1,0,0
2767,39,East,5,1,92.11,19.32,5,6,3,2,0,0
2768,74,South,7,0,31.62,19.88,3,78,4,4,0,0
2769,45,West,7,0,82.16,19.34,7,31,4,1,0,0
2770,72,East,33,0,69.0,29.47,5,88,0,2,0,1
2771,55,North,41,1,99.21,55.79,5,44,1,2,0,0
2772,20,North,25,0,71.34,26.07,7,54,0,4,0,0
2773,29,North,1,0,59.9,15.42,2,86,1,0,0,0
2774,58,West,15,1,67.8,33.72,8,81,1,1,0,0
2775,49,East,44,0,84.28,25.09,5,53,1,4,0,0
2776,35,South,27,1,102.42,41.05,7,9,0,3,0,0
2777,47,North,9,1,53.83,44.94,6,55,1,4,0,0
2778,69,West,47,1,83.99,46.13,7,17,1,0,0,0
2779,40,North,44,0,95.44,29.3,4,54,1,2,0,0
2780,20,East,35,0,88.15,24.99,4,53,0,3,0,0
2781,35,East,67,1,117.98,46.87,8,22,1,0,0,0
2782,71,South,60,0,79.77,22.22,5,113,1,1,0,0
2783,61,South,3,1,92.23,35.44,4,28,2,1,0,0
2784,65,North,65,1,94.46,33.05,6,78,0,3,0,0
2785,69,South,4,0,59.94,7.95,5,65,2,1,0,1
2786,24,West,35,0,57.9,35.17,6,96,2,5,0,1
2787,34,East,65,0,90.07,30.4,5,63,1,1,1,0
2788,21,West,70,0,79.54,6.04,1,37,1,2,0,0
2789,18,East,2,0,72.34,33.01,5,63,4,2,1,0
2790,65,North,6,0,69.5,22.57,5,70,0,2,0,0
2791,71,East,18,1,80.44,42.91,8,71,1,2,0,0
2792,26,South,20,0,86.35,25.61,5,27,0,2,1,0
2793,59,North,20,1,75.66,24.14,5,81,0,2,1,1
2794,48,South,30,0,74.47,25.21,3,74,0,4,0,0
2795,21,East,23,1,82.28,27.81,7,14,1,1,0,0
2796,70,East,42,0,92.14,15.22,0,89,3,1,0,1
2797,67,North,61,0,100.15,31.94,5,43,0,3,0,0
2798,50,West,39,1,119.03,38.13,2,44,0,5,0,0
2799,58,South,24,1,93.24,46.98,7,84,4,3,0,1
2800,40,North,41,0,36.11,21.84,4,38,0,1,0,0
2801,63,North,45,1,96.04,27.3,10,68,2,1,0,0
2802,43,West,64,1,135.48,40.11,6,41,1,2,0,0
2803,74,South,68,1,109.13,28.33,4,16,1,2,0,0
2804,21,South,20,1,61.24,32.52,5,70,1,3,0,0
2805,27,North,66,1,119.74,39.2,5,77,2,1,0,0
2806,73,East,58,1,116.86,33.99,8,88,1,2,1,0
2807,34,West,10,0,54.09,21.09,2,9,0,2,1,0
2808,35,South,40,1,96.3,23.78,8,75,0,0,0,0
2809,63,West,11,1,72.79,42.5,8,69,2,1,0,0
2810,28,North,35,0,85.34,22.05,8,71,0,0,0,0
2811,47,North,4,0,62.85,29.94,4,65,0,4,0,0
2812,34,East,22,0,53.51,28.89,4,63,3,2,0,1
2813,29,East,42,1,100.86,43.73,7,0,1,3,0,0
2814,72,North,22,1,80.0,33.12,6,66,1,2,0,0
2815,29,East,1,1,102.42,32.22,5,42,1,2,1,0
2816,23,South,28,1,107.41,26.13,5,5,1,1,0,0
2817,56,East,39,1,97.67,30.66,7,10,2,1,0,0
2818,67,East,55,0,88.72,27.73,1,75,2,2,0,0
2819,25,West,10,1,100.21,28.46,9,16,2,1,0,0
2820,58,South,34,0,74.4,27.53,3,33,0,2,0,0
2821,48,East,15,1,98.88,46.74,7,22,2,2,1,0
2822,65,East,11,1,107.66,31.44,5,58,0,2,0,0
2823,25,South,9,0,57.14,14.49,2,44,0,1,1,0
2824,73,North,54,1,131.69,31.69,3,70,0,1,0,0
2825,53,West,66,1,133.33,23.62,8,12,0,2,0,0
2826,66,North,48,1,107.73,45.67,3,0,2,0,0,0
2827,38,West,27,0,66.84,25.68,7,70,2,2,0,0
2828,71,North,68,1,117.54,29.17,6,83,1,2,0,0
2829,53,West,36,0,74.33,20.52,3,100,1,2,0,0
2830,25,North,38,1,87.11,25.54,6,31,2,1,0,0
2831,70,West,46,1,110.98,43.09,12,73,1,2,0,0
2832,63,East,47,1,88.15,49.7,4,34,1,4,0,0
2833,35,North,35,0,72.42,13.05,4,93,1,1,0,0
2834,49,East,35,1,92.62,43.35,15,9,3,0,0,0
2835,40,East,23,0,51.02,23.03,5,40,0,1,1,0
2836,48,South,49,1,114.38,45.14,5,58,1,2,0,0
2837,73,North,48,0,80.57,10.33,3,59,1,2,0,0
2838,69,East,31,0,94.98,26.8,3,45,0,5,0,1
2839,30,East,51,0,81.83,21.74,5,19,1,3,0,0
2840,73,South,10,1,78.9,40.27,13,85,1,4,0,0
2841,42,West,30,0,61.43,25.49,3,58,2,1,0,0
2842,58,North,71,1,116.09,35.18,15,28,0,3,0,0
2843,61,North,53,1,107.17,34.15,5,20,1,0,0,0
2844,45,East,52,1,117.13,47.5,7,0,0,1,1,0
2845,44,North,62,0,92.01,23.6,7,52,1,3,0,0
2846,44,North,44,0,113.41,31.91,2,43,1,1,1,0
2847,67,South,48,0,90.84,30.03,1,31,1,1,1,0
2848,40,South,35,1,82.7,42.11,3,71,2,2,1,0
2849,33,North,59,1,93.43,26.88,6,38,2,1,1,0
2850,38,East,51,0,93.52,30.66,2,36,1,3,0,0
2851,29,East,38,1,83.73,37.69,7,82,1,1,0,0
2852,40,West,10,1,93.92,25.48,8,29,2,4,0,0
2853,24,East,58,1,122.43,33.3,4,28,0,0,0,0
2854,23,South,24,0,85.8,43.35,3,111,2,2,0,0
2855,59,North,26,0,59.96,21.87,2,23,2,1,0,0
2856,22,West,9,1,98.32,32.06,8,15,1,1,0,0
2857,50,North,16,0,72.84,28.61,5,66,0,2,0,1
2858,62,North,9,1,75.38,30.67,1,85,3,4,0,1
2859,59,West,7,1,81.11,36.12,2,29,2,2,0,0
2860,43,East,2,0,68.07,21.41,1,66,2,3,0,0
2861,29,East,21,0,60.41,28.22,4,31,2,2,0,0
2862,71,North,54,1,111.53,34.5,7,64,2,0,0,0
2863,65,North,62,0,112.68,40.62,2,31,0,1,1,0
2864,52,South,17,1,102.96,35.37,5,84,0,0,0,1
2865,22,East,31,0,76.73,23.22,5,74,0,3,0,0
2866,20,South,60,0,93.51,33.24,4,91,2,2,0,0
2867,35,North,51,1,97.43,23.87,6,58,0,1,0,0
2868,26,North,65,0,84.85,38.53,2,21,1,1,0,0
2869,67,East,30,1,71.94,27.09,5,87,0,0,0,0
2870,29,East,12,0,69.77,34.54,8,16,1,2,0,0
2871,34,North,11,0,75.74,36.65,5,43,1,2,1,0
2872,73,North,51,1,104.44,30.79,6,69,0,6,0,0
2873,64,North,2,0,47.84,21.56,2,50,0,4,0,0
2874,30,North,33,0,77.49,24.13,7,59,1,1,1,0
2875,39,East,26,0,93.13,29.97,5,24,1,4,0,0
2876,47,North,66,0,106.47,17.02,2,74,0,0,0,0
2877,55,East,71,0,95.06,24.13,6,108,1,1,0,0
2878,71,East,35,0,108.21,22.49,3,87,0,4,0,0
2879,67,West,42,0,121.48,15.79,3,18,0,1,1,0
2880,73,West,27,0,66.3,16.64,2,98,2,3,0,1
2881,20,North,56,0,84.31,26.03,4,28,1,3,0,0
2882,31,North,21,0,80.9,25.88,2,94,1,2,1,1
2883,50,South,53,0,72.81,18.89,4,78,0,5,0,0
2884,20,East,65,1,125.24,35.63,3,65,1,2,0,0
2885,38,North,13,1,88.02,29.82,7,23,1,2,0,0
2886,26,South,17,0,74.07,35.46,3,110,2,3,1,1
2887,71,South,27,0,64.87,24.18,5,87,1,2,1,1
2888,21,North,59,1,97.68,43.78,7,1,0,3,0,0
2889,26,East,46,1,73.22,21.46,4,81,2,1,0,0
2890,29,East,14,1,109.27,37.58,6,53,0,1,0,0
2891,26,South,27,0,87.62,29.77,5,109,3,4,0,1
2892,50,West,46,1,113.1,33.9,5,6,0,2,0,0
2893,38,North,69,1,119.72,30.69,6,16,1,2,0,0
2894,70,North,33,0,41.94,23.77,4,115,0,4,0,1
2895,32,South,6,0,51.73,30.94,3,31,1,4,0,0
2896,48,East,8,1,80.16,25.32,10,38,3,2,0,0
2897,55,East,3,1,65.28,40.6,8,49,1,2,0,1
2898,53,North,9,1,59.1,37.55,10,35,3,3,0,0
2899,63,West,30,1,80.34,32.91,9,53,1,0,0,0
2900,29,South,20,1,90.74,33.26,8,61,2,2,1,0
2901,46,South,22,1,91.74,35.49,7,67,3,1,1,0
2902,63,East,55,0,101.11,38.27,5,101,0,2,0,0
2903,67,West,34,0,107.95,27.78,5,14,3,3,0,0
2904,53,East,52,0,96.29,17.46,4,9,0,4,0,0
2905,55,West,39,1,96.87,31.52,12,56,0,3,1,0
2906,67,North,15,1,114.5,25.84,9,51,0,1,0,0
2907,53,East,68,1,90.27,19.88,3,44,2,4,0,0
2908,72,West,34,0,45.82,15.7,2,96,1,6,1,0
2909,25,South,60,1,96.7,35.96,7,84,1,0,0,0
2910,37,South,7,1,95.68,45.19,7,59,1,1,0,0
2911,24,West,61,1,113.03,42.97,7,26,0,1,0,0
2912,23,North,51,1,88.58,25.76,13,15,0,3,0,0
2913,44,South,18,1,78.09,28.62,8,69,1,0,0,0
2914,30,West,57,1,89.88,27.49,7,28,0,1,0,0
2915,41,West,53,0,67.88,4.35,3,89,0,2,0,1
2916,42,West,64,1,135.27,33.66,8,8,1,1,0,0
2917,53,West,15,0,65.35,31.43,2,35,3,1,0,0
2918,71,North,63,1,138.04,32.98,5,31,0,1,0,0
2919,66,West,55,1,94.15,24.86,6,36,2,1,1,0
2920,39,South,24,0,79.37,18.24,2,68,2,2,0,0
2921,36,East,25,1,95.91,32.37,9,8,0,2,0,0
2922,61,South,19,0,82.7,31.16,5,62,2,7,0,1
2923,25,West,34,1,100.82,33.54,6,22,0,3,0,0
2924,48,East,64,1,126.78,40.08,5,48,1,2,0,0
2925,42,West,60,0,98.31,24.35,2,29,0,4,0,0
2926,28,North,11,0,49.13,26.89,3,90,0,0,1,0
2927,53,North,10,1,95.99,27.48,11,40,2,2,0,0
2928,36,South,5,1,80.95,29.51,8,9,1,3,0,0
2929,28,North,44,0,70.35,14.95,4,31,1,2,1,0
2930,55,East,23,0,81.91,29.81,3,68,0,1,0,0
2931,27,South,55,0,101.32,22.67,3,32,1,2,0,0
2932,56,East,54,0,79.75,2.0,0,30,1,3,0,0
2933,27,North,15,1,82.24,38.85,9,66,1,1,0,0
2934,42,North,50,1,84.19,42.79,7,11,0,4,0,0
2935,64,East,55,0,60.43,18.51,4,104,1,2,0,1
2936,31,South,71,1,111.87,38.84,7,57,0,2,0,0
2937,61,North,52,1,117.88,33.32,6,54,1,0,0,0
2938,59,North,26,1,84.4,18.06,8,5,0,0,0,0
2939,69,North,71,0,116.92,40.62,3,61,0,2,0,0
2940,27,East,20,0,66.92,23.37,5,43,2,0,0,0
2941,58,North,58,1,105.98,36.61,10,9,1,2,0,0
2942,71,South,27,0,69.16,20.0,2,87,0,1,0,0
2943,61,East,67,0,108.22,22.64,3,65,1,1,1,0
2944,28,South,56,1,93.62,36.29,11,65,0,2,0,0
2945,64,East,43,0,79.57,16.66,5,56,0,0,1,0
2946,24,North,16,1,79.79,48.55,8,79,1,2,0,0
2947,51,West,14,1,78.58,41.71,6,40,1,1,0,0
2948,46,South,68,0,94.53,29.13,4,56,0,3,0,0
2949,48,South,57,1,106.8,33.87,10,88,1,1,1,1
2950,47,West,37,1,114.28,28.91,6,82,1,2,0,0
2951,19,East,63,0,91.34,33.24,0,27,1,3,1,0
2952,46,East,56,0,96.33,29.89,7,84,0,5,0,1
2953,71,West,28,1,96.59,31.8,4,72,2,3,0,0
2954,42,North,59,1,130.56,26.32,7,5,0,0,0,0
2955,33,West,57,1,103.96,22.39,11,88,1,0,0,0
2956,74,East,34,0,72.51,25.23,1,79,1,1,1,1
2957,23,South,2,0,72.18,23.01,6,51,0,2,1,0
2958,45,North,53,1,101.76,44.48,5,2,5,1,0,0
2959,47,North,25,1,99.98,42.94,4,35,0,0,0,0
2960,45,West,26,0,108.07,25.31,3,46,0,0,0,0
2961,70,North,51,1,90.82,34.35,9,55,1,2,0,0
2962,42,North,58,1,131.98,25.78,10,7,1,1,1,0
2963,73,East,7,0,56.12,33.49,3,95,1,7,0,1
2964,21,East,59,1,129.57,34.55,5,1,1,2,0,0
2965,59,North,21,1,100.79,39.84,4,53,2,3,0,0
2966,51,West,41,0,89.5,34.41,4,93,2,3,0,0
2967,31,South,62,1,108.74,30.48,6,69,1,1,0,0
2968,30,West,16,0,64.24,18.38,3,92,1,3,0,0
2969,59,North,16,0,57.17,44.75,4,36,1,1,0,0
2970,54,North,69,1,114.59,39.76,8,21,2,0,0,0
2971,52,East,27,0,70.74,22.77,3,23,2,1,0,0
2972,20,North,68,1,116.87,44.92,8,67,2,0,0,0
2973,52,South,26,1,71.84,32.53,9,88,3,3,0,1
2974,73,North,45,1,102.84,37.6,6,0,0,2,1,0
2975,18,East,37,0,97.44,20.45,6,60,2,1,0,0
2976,44,West,70,1,129.16,34.86,5,86,0,3,0,0
2977,46,West,40,0,80.35,22.81,2,35,0,3,0,0
2978,69,West,36,0,116.44,18.98,4,35,2,3,0,0
2979,34,West,34,0,68.34,26.94,8,80,2,1,0,1
2980,45,South,27,1,92.2,29.89,8,62,2,1,0,0
2981,58,South,32,1,74.24,39.61,10,52,2,1,1,0
2982,21,West,33,0,70.45,22.56,2,59,3,2,0,0
2983,63,West,55,1,134.32,21.24,4,86,2,0,0,0
2984,64,West,4,1,76.52,39.97,5,48,2,1,0,0
2985,59,East,36,0,55.08,30.1,3,85,0,3,0,0
2986,54,North,39,1,112.58,53.03,8,19,0,0,0,0
2987,60,West,54,1,112.84,35.14,8,43,2,0,0,0
2988,62,West,48,1,116.46,36.47,7,82,2,2,0,0
2989,69,East,31,0,71.04,28.83,7,57,2,0,0,0
2990,42,West,8,0,48.89,33.16,8,89,1,0,0,1
2991,43,East,27,1,90.75,42.66,8,60,0,0,0,0
2992,54,West,19,0,77.82,27.55,2,10,1,4,0,0
2993,29,North,15,1,86.42,34.74,10,63,1,2,0,0
2994,66,West,52,1,111.82,41.74,4,19,2,2,0,0
2995,61,North,34,1,88.95,34.4,4,44,0,2,0,0
2996,53,South,57,0,94.88,14.69,4,13,1,3,0,0
2997,35,North,10,1,84.95,22.99,7,28,1,1,0,0
2998,37,South,70,1,104.41,32.65,2,12,3,5,0,0
2999,42,North,34,1,99.1,35.96,5,50,0,1,0,0
3000,55,West,18,1,83.2,54.78,5,5,1,1,0,0
3001,62,East,26,0,82.26,24.04,5,67,1,4,0,0
3002,56,West,60,0,103.1,25.37,4,100,1,1,0,0
3003,71,North,51,1,113.02,31.77,7,53,0,3,0,0
3004,72,North,13,0,41.98,29.95,7,69,3,1,1,0
3005,58,East,71,0,81.03,27.24,2,80,1,2,0,0
3006,39,East,10,1,75.45,29.89,11,50,2,0,0,0
3007,52,East,20,0,58.06,16.91,1,13,0,2,0,0
3008,42,West,52,1,97.86,31.78,10,59,2,1,0,0
3009,53,West,38,1,112.88,28.25,7,88,2,2,1,1
3010,64,East,32,0,86.48,23.15,3,84,0,2,0,0
3011,39,West,66,0,86.64,26.13,4,23,1,1,0,0
3012,46,East,57,0,97.38,20.99,6,67,2,4,0,1
3013,20,East,69,1,119.43,46.64,7,81,1,0,0,0
3014,59,South,21,0,70.01,34.28,4,94,0,2,0,0
3015,45,North,61,1,127.72,33.16,9,43,2,1,1,0
3016,44,North,16,1,78.08,27.29,6,52,0,3,0,0
3017,48,East,58,0,89.79,24.76,7,93,0,4,0,1
3018,30,East,39,1,83.74,33.93,6,12,2,2,0,0
3019,52,South,43,1,86.46,34.5,5,18,0,3,0,0
3020,60,East,9,1,64.09,31.82,5,12,0,1,2,0
3021,37,North,63,1,96.71,26.6,8,79,2,1,1,0
3022,25,North,20,1,91.25,35.28,7,7,0,0,0,0
3023,40,West,43,0,76.96,22.19,6,31,2,2,2,0
3024,29,South,12,1,81.95,32.9,8,17,2,0,0,0
3025,39,North,66,0,88.51,25.75,6,63,0,0,0,0
3026,53,South,23,1,118.09,34.45,8,3,1,0,0,0
3027,24,South,55,1,90.44,35.58,8,2,1,1,1,0
3028,60,East,55,0,68.84,21.82,5,62,0,4,0,0
3029,30,West,40,1,87.32,37.88,10,29,1,1,0,0
3030,68,East,9,1,83.42,29.26,5,17,1,3,0,0
3031,59,East,20,1,97.72,26.3,9,86,3,2,0,1
3032,33,South,44,1,111.28,27.88,9,55,1,1,0,0
3033,50,East,39,1,113.67,29.59,6,66,0,3,0,0
3034,24,South,42,1,99.38,24.7,7,87,0,3,0,0
3035,23,North,18,0,63.06,11.46,2,69,2,2,1,0
3036,72,West,39,1,124.0,39.03,10,25,1,3,1,0
3037,63,South,7,0,21.74,35.19,3,60,3,2,0,1
3038,26,South,35,0,78.44,29.46,3,12,1,1,0,0
3039,34,North,7,0,69.95,21.14,8,91,1,4,0,1
3040,29,West,48,1,132.11,21.27,5,54,0,2,1,0
3041,40,North,41,0,55.59,26.54,3,110,1,2,0,1
3042,34,South,61,1,104.2,22.14,9,27,1,0,0,0
3043,36,West,33,1,76.14,34.31,4,5,2,1,0,0
3044,48,South,12,1,59.03,28.6,4,31,1,2,0,0
3045,28,West,17,1,85.43,16.76,7,26,1,2,0,0
3046,68,North,58,0,101.5,36.84,6,114,0,2,0,0
3047,59,East,69,1,132.59,24.95,3,71,1,0,0,0
3048,61,West,5,1,74.52,32.15,11,31,2,2,1,0
3049,27,East,49,1,114.5,33.97,16,89,1,0,1,0
3050,58,East,35,1,94.53,31.24,8,29,1,5,0,0
3051,65,South,19,1,97.85,38.72,11,65,1,1,0,1
3052,27,East,37,1,115.82,29.07,10,18,1,5,1,0
3053,60,West,67,1,110.59,38.06,4,9,0,2,0,0
3054,38,East,15,0,83.65,27.55,6,96,2,5,0,0
3055,62,West,60,1,91.8,23.98,4,55,1,0,0,0
3056,45,East,7,1,93.35,36.89,7,53,0,6,1,1
3057,63,East,52,0,101.51,16.57,4,20,0,2,0,0
3058,26,South,6,1,96.95,25.67,4,10,4,0,0,0
3059,40,East,5,0,44.72,27.32,6,84,1,0,0,0
3060,33,West,3,1,78.41,31.73,10,71,1,3,0,1
3061,32,East,58,0,93.53,27.98,3,78,0,2,0,0
3062,35,North,41,1,107.15,38.05,7,75,0,3,0,0
3063,39,East,50,1,106.74,23.58,6,12,0,3,0,0
3064,25,East,12,0,87.44,30.92,3,49,1,2,0,1
3065,58,West,66,0,73.57,27.28,4,69,1,1,0,0
3066,49,North,58,1,105.4,30.31,15,13,2,1,0,0
3067,65,North,35,1,72.18,33.91,5,85,1,2,0,0
3068,58,South,64,0,101.32,31.15,1,76,0,1,0,0
3069,26,North,11,1,93.82,32.44,4,32,1,1,0,0
3070,21,West,21,0,120.73,41.92,3,93,1,3,0,0
3071,42,South,4,0,77.4,36.93,3,10,6,0,1,1
3072,45,South,12,0,70.97,25.93,5,90,1,2,0,1
3073,31,North,60,0,93.82,23.18,4,73,2,2,0,1
3074,62,South,30,0,70.25,23.52,2,41,0,2,0,0
3075,51,West,46,0,84.96,20.19,6,52,2,1,0,0
3076,60,South,63,0,95.64,26.0,5,34,0,2,0,0
3077,24,North,55,0,58.03,30.5,5,65,0,3,0,0
3078,64,North,29,0,77.45,14.2,0,59,1,5,0,0
3079,29,West,25,0,74.02,30.14,3,34,1,6,0,0
3080,43,West,8,0,90.31,32.47,3,56,1,3,0,0
3081,43,North,59,0,87.52,29.58,2,22,1,3,0,1
3082,64,East,70,1,103.52,33.96,4,43,0,1,0,0
3083,33,North,36,0,82.03,29.25,8,102,2,5,1,1
3084,31,East,36,0,79.12,35.39,4,76,2,3,0,1
3085,37,North,61,1,108.54,34.53,7,28,0,4,0,0
3086,38,West,25,0,53.32,25.19,1,80,0,2,0,0
3087,28,West,29,1,92.16,52.06,9,5,1,1,0,0
3088,28,North,64,0,83.31,27.46,5,89,2,3,0,0
3089,31,South,27,0,70.25,16.94,5,47,1,2,0,1
3090,44,North,66,0,103.98,31.98,2,25,1,1,0,0
3091,37,South,12,1,75.88,38.22,8,85,2,2,0,1
3092,40,North,36,0,74.68,19.76,8,63,0,3,0,0
3093,58,North,35,0,85.62,16.17,8,25,2,5,0,1
3094,31,West,22,1,86.96,36.91,8,0,2,1,1,0
3095,69,North,69,1,153.64,34.52,15,41,2,0,0,0
3096,60,West,35,1,101.23,25.05,10,73,2,1,0,0
3097,27,North,63,0,72.87,24.29,4,41,0,2,1,0
3098,35,South,16,0,55.41,23.79,3,93,1,1,0,1
3099,28,South,25,1,78.4,34.5,8,16,0,2,0,0
3100,33,West,34,1,84.62,38.93,4,80,0,2,0,0
3101,38,North,41,1,108.55,20.9,5,30,0,1,1,0
3102,25,North,17,0,51.9,16.1,6,65,1,1,0,0
3103,18,East,23,1,86.53,31.1,10,49,3,2,2,0
3104,43,East,45,1,119.64,45.61,8,49,3,2,0,1
3105,57,East,20,0,62.2,43.94,6,37,1,2,0,0
3106,35,North,54,1,117.07,35.04,7,67,1,0,0,0
3107,67,North,34,0,51.76,25.36,4,25,4,1,1,0
3108,39,West,69,0,88.94,5.45,6,60,0,1,0,0
3109,69,East,17,1,75.21,42.24,6,48,3,2,0,1
3110,31,East,60,0,94.5,28.6,2,56,0,1,0,0
3111,48,South,35,0,61.98,27.27,4,35,1,1,0,0
3112,61,North,7,1,114.54,25.03,2,85,1,2,0,0
3113,21,West,51,0,60.91,40.84,7,41,0,5,0,0
3114,71,East,16,0,85.04,37.16,2,37,2,3,0,0
3115,38,North,10,0,78.17,27.35,8,85,1,2,0,0
3116,46,West,38,0,83.65,32.94,3,32,1,2,1,1
3117,53,East,56,1,108.82,35.41,5,59,0,0,1,0
3118,54,South,19,1,117.32,41.57,9,39,2,1,0,0
3119,19,South,45,1,139.56,24.54,10,64,0,0,0,0
3120,67,East,2,1,77.89,16.81,7,6,2,5,0,0
3121,53,South,14,1,89.37,24.84,8,11,2,2,0,0
3122,74,East,54,0,78.71,18.55,2,59,1,2,0,1
3123,44,East,1,1,62.96,29.85,7,12,1,1,0,0
3124,52,North,26,1,99.95,38.58,5,68,1,1,0,1
3125,43,West,37,1,102.24,32.94,6,30,0,2,0,0
3126,68,South,5,0,38.35,24.77,4,55,1,5,0,0
3127,65,South,70,1,121.84,25.52,9,30,1,2,0,0
3128,69,East,37,0,82.75,14.83,5,36,0,3,0,0
3129,46,East,25,0,63.48,25.33,3,107,1,4,0,0
3130,63,South,70,1,105.0,30.66,8,33,1,2,0,0
3131,38,East,40,1,106.36,35.04,5,36,0,0,0,0
3132,44,West,49,1,128.63,39.36,7,49,0,2,0,0
3133,61,West,7,0,69.48,38.12,2,76,0,5,1,0
3134,22,West,12,1,97.71,34.84,10,87,1,2,1,1
3135,58,North,4,1,69.52,49.51,2,8,3,3,0,1
3136,18,South,37,1,92.29,38.25,8,20,0,4,0,0
3137,51,East,60,0,99.12,30.52,3,103,2,2,1,1
3138,45,North,65,1,92.12,43.42,7,56,0,0,0,0
3139,44,East,41,0,83.61,30.76,5,45,0,2,0,0
3140,46,South,4,1,89.4,28.59,6,56,0,0,0,0
3141,46,South,45,1,101.92,43.66,10,61,0,0,0,0
3142,41,North,46,1,107.79,32.01,7,57,1,4,0,0
3143,43,South,43,0,82.37,27.41,3,80,2,1,0,0
3144,50,South,52,0,76.67,26.06,0,96,0,3,0,0
3145,61,East,40,0,62.33,34.15,3,43,1,4,0,0
3146,49,East,50,1,103.65,38.14,14,27,3,3,1,0
3147,54,North,35,1,117.07,23.91,8,5,0,1,0,0
3148,65,North,11,0,80.87,41.73,2,39,3,2,1,0
3149,74,West,6,1,77.82,41.68,3,23,0,2,1,0
3150,24,North,65,1,107.01,30.6,7,42,0,0,0,0
3151,58,South,32,1,89.4,25.9,9,64,0,1,0,0
3152,30,South,23,0,64.91,32.59,5,94,1,6,0,1
3153,29,East,21,0,74.82,16.85,4,30,0,2,0,0
3154,63,West,4,0,77.86,31.41,8,53,1,1,0,1
3155,21,East,68,0,127.94,33.55,5,67,1,8,1,1
3156,66,West,6,1,70.55,29.8,7,44,1,1,0,0
3157,61,West,16,0,77.77,19.09,2,81,2,1,0,1
3158,74,North,33,1,104.64,31.24,7,29,1,3,0,0
3159,56,North,26,0,68.05,17.09,4,56,4,1,0,0
3160,67,South,3,0,46.11,26.84,2,94,3,3,1,1
3161,24,South,24,1,96.13,37.98,1,13,1,3,1,0
3162,68,East,56,0,119.8,30.82,4,49,0,2,1,0
3163,27,North,18,0,73.04,18.33,4,42,1,2,1,0
3164,35,North,62,1,99.19,41.72,12,88,0,2,0,0
3165,25,South,26,0,70.64,17.1,5,84,2,3,0,1
3166,40,East,1,1,63.4,41.72,7,47,1,0,1,0
3167,60,East,8,0,64.28,13.11,1,58,2,0,0,0
3168,33,West,58,0,99.25,37.54,7,88,2,2,0,1
3169,64,North,29,0,64.11,20.83,4,49,3,2,0,0
3170,52,South,70,0,46.17,29.79,3,70,1,6,0,0
3171,53,West,57,0,92.65,30.43,4,102,1,5,1,0
3172,71,East,3,0,53.98,14.84,8,11,0,2,1,1
3173,42,East,23,0,60.24,31.68,5,16,1,1,0,0
3174,37,South,52,0,74.61,20.59,1,61,1,2,0,0
3175,74,North,5,1,88.5,32.55,5,49,0,1,0,0
3176,49,West,71,0,89.38,19.64,3,53,1,3,1,0
3177,53,East,12,0,79.96,37.91,3,75,2,1,0,0
3178,34,East,57,1,122.79,25.64,7,74,1,0,0,0
3179,30,South,60,1,105.94,38.44,13,55,2,1,0,0
3180,27,South,36,1,90.19,30.01,12,76,2,2,1,0
3181,30,North,58,0,90.92,33.73,2,68,0,1,0,0
3182,29,East,63,0,89.32,43.57,9,94,0,5,0,0
3183,60,South,53,1,80.21,29.96,7,26,0,1,0,0
3184,21,North,51,0,114.21,26.12,6,40,1,3,0,0
3185,53,South,28,1,104.72,31.92,8,13,0,1,0,0
3186,72,West,21,0,63.55,33.3,6,83,1,2,0,1
3187,61,South,62,1,82.25,33.01,5,77,1,2,0,0
3188,40,South,16,1,85.29,42.24,8,42,0,1,0,0
3189,21,East,30,0,66.18,21.82,4,91,1,4,1,1
3190,65,West,37,0,77.59,42.95,2,30,0,1,0,0
3191,18,East,28,0,41.54,7.47,4,49,0,6,0,1
3192,56,West,27,0,66.42,28.01,4,59,1,1,2,0
3193,56,North,43,0,75.33,24.92,5,16,1,4,0,0
3194,28,West,24,1,89.12,34.63,4,1,2,1,0,0
3195,60,West,71,1,111.96,37.28,5,30,0,1,0,0
3196,28,South,13,0,67.28,25.47,4,89,2,2,1,1
3197,30,East,28,1,116.82,36.75,7,85,1,0,0,0
3198,64,North,61,1,102.77,38.26,6,70,0,6,0,0
3199,73,South,34,0,63.33,38.99,1,95,0,4,0,0
3200,33,North,51,1,79.59,12.88,10,64,0,1,0,0
3201,70,North,46,1,95.33,49.78,10,59,0,2,0,0
3202,70,West,24,0,50.98,45.48,4,41,0,3,0,0
3203,61,North,53,1,120.9,20.99,11,77,1,3,0,0
3204,25,East,17,0,67.06,25.38,3,64,2,4,0,1
3205,35,South,54,0,101.09,35.97,6,78,0,4,0,1
3206,56,South,10,1,106.99,42.35,4,62,4,0,0,1
3207,74,South,50,0,72.02,38.41,2,66,0,2,0,0
3208,64,South,8,0,58.79,27.98,4,13,2,2,1,1
3209,41,East,62,1,130.98,18.74,8,24,0,3,0,0
3210,31,West,45,0,85.34,35.44,5,46,0,2,0,0
3211,72,South,3,0,69.32,30.08,2,55,1,1,1,0
3212,33,West,8,1,99.49,46.73,10,64,4,0,1,0
3213,37,East,14,0,80.45,12.73,6,94,2,2,0,0
3214,72,East,69,1,120.66,25.27,8,14,2,1,0,0
3215,50,North,42,1,121.95,35.13,7,27,0,2,1,0
3216,33,North,20,1,88.98,45.66,5,52,0,1,0,0
3217,18,West,20,0,77.79,37.89,3,106,2,1,0,0
3218,42,East,2,0,58.35,19.19,4,28,1,0,0,0
3219,74,South,15,1,102.81,31.75,1,0,0,3,0,0
3220,42,West,61,0,79.99,47.98,3,49,1,1,0,0
3221,57,South,43,0,56.26,20.58,1,35,2,1,0,1
3222,32,West,27,0,83.32,30.4,3,52,1,6,0,1
3223,62,South,2,0,45.7,21.39,3,98,1,3,0,1
3224,62,West,25,0,55.71,28.8,2,103,0,0,0,0
3225,52,North,28,0,92.97,18.07,3,86,2,6,0,1
3226,61,North,9,1,98.99,28.3,2,36,1,0,0,0
3227,50,East,44,1,96.86,32.03,7,73,1,0,0,0
3228,39,North,47,0,37.82,20.64,4,57,0,1,1,0
3229,60,West,71,0,103.5,22.57,2,76,1,1,0,0
3230,65,East,26,0,82.94,29.21,2,36,0,6,0,0
3231,65,North,20,0,77.75,40.12,5,64,0,5,0,0
3232,30,North,59,0,96.56,20.28,3,63,2,2,0,0
3233,56,West,25,1,89.78,27.09,9,49,3,2,0,0
3234,18,East,45,0,76.34,25.08,6,49,1,6,0,0
3235,50,West,53,0,69.91,18.19,2,86,1,1,0,0
3236,50,North,63,0,81.04,11.92,7,49,1,3,0,0
3237,38,West,23,0,76.32,33.51,1,74,1,1,0,0
3238,74,South,45,1,107.57,35.64,10,78,0,0,0,0
3239,68,East,10,1,96.85,36.43,7,75,1,2,0,0
3240,20,South,56,0,66.9,9.58,7,100,1,0,0,0
3241,29,North,4,0,37.11,20.32,1,50,2,3,0,1
3242,29,West,50,1,99.3,23.67,8,59,0,3,0,0
3243,69,West,15,0,52.2,24.84,3,35,1,3,1,0
3244,47,South,33,0,79.29,26.07,2,106,2,2,0,1
3245,59,West,6,0,43.35,26.07,1,102,2,2,0,1
3246,64,North,49,0,102.2,19.66,2,66,0,2,0,0
3247,61,North,35,1,85.17,28.18,1,52,2,0,0,0
3248,23,North,48,1,127.89,33.45,7,88,2,1,0,0
3249,25,South,25,1,100.36,37.86,4,56,0,1,1,0
3250,40,North,1,1,64.67,30.37,8,71,0,3,0,0
3251,37,South,42,1,132.42,27.5,6,32,1,0,0,0
3252,60,North,50,0,88.98,17.84,4,87,1,1,0,0
3253,26,East,48,1,106.49,29.73,9,58,1,0,0,0
3254,39,West,19,0,68.52,21.38,8,28,2,0,1,0
3255,31,East,51,1,112.5,26.21,4,48,3,0,0,0
3256,28,North,39,1,107.38,31.44,6,22,1,4,0,0
3257,27,East,15,1,74.53,44.89,6,35,2,0,0,0
3258,29,North,8,1,80.8,32.64,7,73,3,1,0,0
3259,50,East,24,1,93.74,25.09,2,70,2,0,0,0
3260,41,East,2,0,69.74,6.93,0,44,1,0,0,0
3261,42,South,51,1,114.5,49.69,3,60,2,4,0,0
3262,45,North,2,0,63.47,34.11,7,56,1,5,0,0
3263,60,West,4,1,73.75,37.28,3,67,4,1,0,0
3264,67,West,12,0,56.98,34.3,7,60,0,5,0,1
3265,48,East,24,0,54.13,29.22,7,92,1,3,0,1
3266,54,West,2,1,89.89,34.39,6,5,1,3,0,0
3267,60,West,45,0,73.26,15.08,4,24,1,1,0,0
3268,57,North,10,1,82.12,50.27,6,67,3,2,0,0
3269,25,East,58,0,92.57,21.5,2,45,2,4,1,0
3270,74,South,40,0,80.06,21.94,5,29,0,3,0,0
3271,27,South,6,0,62.92,25.3,2,69,3,4,0,1
3272,41,North,29,0,60.93,25.44,5,20,0,4,0,0
3273,55,West,10,0,69.03,29.6,2,91,2,3,1,0
3274,40,East,70,0,90.31,28.68,3,23,0,5,0,0
3275,31,North,43,1,100.2,30.39,6,1,0,1,0,0
3276,70,South,58,1,126.37,35.21,6,87,1,2,0,1
3277,22,South,27,0,81.08,29.34,6,64,1,3,0,0
3278,32,East,11,1,76.94,29.7,2,1,0,2,0,0
3279,74,West,17,0,66.27,36.57,5,94,3,3,0,1
3280,59,South,30,1,118.99,34.84,5,9,1,1,0,0
3281,22,South,55,1,102.89,47.79,7,41,0,0,0,0
3282,61,East,31,1,96.1,23.86,6,23,0,1,0,0
3283,73,South,66,0,102.96,30.24,5,44,2,4,0,0
3284,23,South,26,0,76.23,17.88,4,86,2,2,0,0
3285,41,North,17,0,62.91,19.92,6,62,2,4,0,1
3286,44,North,36,1,86.85,42.24,5,32,1,1,0,0
3287,25,South,8,1,83.85,33.17,4,54,1,1,0,0
3288,29,West,48,0,93.87,45.78,4,100,1,3,0,0
3289,27,South,8,0,83.81,29.14,3,38,1,2,0,0
3290,28,North,46,0,61.02,19.43,3,19,1,1,0,0
3291,41,East,28,1,120.44,39.16,8,44,2,3,0,0
3292,44,West,26,0,68.67,23.1,3,18,1,3,0,0
3293,31,South,44,1,115.87,41.66,5,34,0,1,0,0
3294,34,North,51,1,94.44,32.63,7,4,0,3,0,0
3295,28,East,66,1,88.84,38.25,7,29,1,1,0,0
3296,63,South,21,0,50.81,26.59,3,33,3,2,1,0
3297,30,East,58,1,104.04,35.63,11,25,1,1,0,0
3298,69,North,60,0,97.86,33.33,3,79,2,2,0,0
3299,48,North,71,0,95.97,10.57,3,17,1,1,0,0
3300,63,South,69,1,110.75,35.78,5,38,1,0,0,0
3301,54,East,57,1,125.27,29.39,5,7,0,3,0,0
3302,33,South,21,1,90.53,24.21,5,55,2,0,0,0
3303,52,North,50,1,109.2,28.3,4,52,1,1,0,0
3304,33,South,56,0,134.67,20.04,2,50,0,1,0,0
3305,24,East,21,1,90.38,33.12,7,55,1,3,0,0
3306,32,North,58,0,78.56,27.7,6,43,2,3,0,0
3307,33,East,50,1,112.21,39.34,7,87,0,2,0,1
3308,25,East,35,1,108.51,31.73,7,44,0,3,1,0
3309,19,South,62,0,95.51,37.68,8,75,2,5,0,0
3310,71,West,7,0,65.85,22.03,5,6,0,5,1,0
3311,47,West,49,0,106.73,9.43,5,82,0,3,0,0
3312,40,South,56,0,108.36,22.24,5,85,1,3,0,0
3313,71,North,3,1,79.74,35.38,10,20,0,0,0,0
3314,30,South,29,0,64.85,2.0,9,50,2,2,0,1
3315,40,North,37,0,84.94,34.66,7,89,1,1,0,0
3316,66,East,15,0,57.76,24.21,2,34,2,2,1,0
3317,54,West,63,0,104.78,15.78,2,44,1,4,1,0
3318,40,West,45,1,108.86,27.32,10,0,0,1,0,0
3319,32,South,20,1,130.05,41.09,9,12,0,3,0,0
3320,20,South,32,1,118.1,42.07,4,6,1,0,1,0
3321,22,North,8,0,47.82,19.81,8,38,2,2,0,0
3322,27,East,7,0,55.72,14.16,1,34,2,3,0,0
3323,62,North,53,0,57.79,26.05,5,48,1,4,1,0
3324,54,West,70,1,82.93,37.52,5,15,2,0,0,0
3325,42,West,20,0,71.71,29.52,1,25,0,2,1,0
3326,62,North,18,1,71.11,30.49,8,44,2,0,0,0
3327,27,East,49,1,129.12,34.02,10,85,0,3,0,0
3328,30,East,37,1,115.87,35.16,5,45,0,3,0,0
3329,40,West,10,1,80.93,42.73,7,36,2,2,0,0
3330,70,South,48,0,79.08,35.63,4,39,0,3,0,1
3331,53,North,15,1,109.78,47.81,7,44,1,1,0,0
3332,66,East,9,0,90.22,35.42,4,70,4,5,0,1
3333,32,North,33,1,82.51,49.51,6,48,3,2,0,0
3334,66,East,53,1,90.58,43.11,7,83,2,1,0,0
3335,22,North,38,0,74.48,20.29,2,82,0,5,0,0
3336,30,East,47,1,109.97,47.27,3,57,0,3,0,0
3337,47,West,17,1,80.79,23.99,5,53,0,2,0,0
3338,20,North,36,0,84.78,43.92,6,50,1,3,0,0
3339,66,South,51,0,114.75,17.2,4,81,0,1,1,1
3340,67,East,38,0,57.91,32.1,5,34,0,3,0,0
3341,48,North,18,0,62.31,36.55,7,47,2,1,0,0
3342,35,East,68,0,73.2,28.67,6,71,1,1,0,0
3343,23,East,5,0,49.95,8.6,4,46,3,3,0,0
3344,53,South,65,0,88.08,17.42,0,89,0,4,0,0
3345,48,West,52,0,75.09,27.85,2,73,1,5,0,1
3346,61,South,8,0,71.8,30.08,2,80,2,1,0,0
3347,52,East,19,1,91.76,33.57,14,45,0,2,0,0
3348,25,North,27,0,77.99,25.59,3,63,1,3,0,0
3349,24,North,68,0,89.4,13.25,5,26,0,0,0,0
3350,62,North,37,0,75.28,39.19,4,49,1,2,0,0
3351,27,West,19,0,64.24,21.98,2,82,1,4,1,0
3352,71,West,66,1,109.27,41.31,5,78,0,2,0,0
3353,24,West,9,1,90.79,46.23,2,52,1,1,1,1
3354,59,North,58,1,80.15,25.76,14,11,2,2,0,0
3355,73,South,59,1,113.82,36.02,9,68,0,0,0,0
3356,43,West,28,0,60.97,27.22,4,43,0,6,0,1
3357,21,East,4,1,76.92,32.94,5,62,2,1,0,0
3358,67,North,63,0,68.08,32.42,6,31,1,4,0,0
3359,28,West,69,0,89.12,19.66,5,106,2,2,0,0
3360,48,North,27,0,77.67,25.44,4,71,1,1,1,1
3361,74,North,14,1,93.86,32.03,5,55,2,1,0,0
3362,60,West,20,0,52.21,43.6,9,65,1,1,0,0
3363,20,South,10,0,71.13,19.7,5,56,1,2,0,0
3364,64,South,44,1,119.1,40.96,11,67,2,2,0,0
3365,27,East,37,0,71.09,39.37,5,38,0,3,0,0
3366,60,West,26,0,73.01,17.65,4,76,2,1,0,0
3367,53,North,47,0,52.47,25.76,2,74,1,1,0,0
3368,34,East,45,1,89.04,27.11,5,70,0,3,0,0
3369,42,South,1,1,84.56,18.9,9,65,2,0,0,1
3370,24,North,30,0,89.33,18.72,6,87,1,4,0,0
3371,74,South,62,0,82.01,20.44,2,87,0,4,0,1
3372,31,East,57,1,148.54,30.91,4,77,1,2,1,0
3373,35,North,61,1,115.21,32.6,9,6,2,2,1,0
3374,46,South,68,1,94.9,35.05,9,7,0,0,0,0
3375,56,East,5,0,81.81,15.43,2,90,0,2,1,1
3376,46,East,20,1,71.21,37.81,9,5,1,2,0,0
3377,46,East,33,1,101.43,44.71,14,88,0,1,0,0
3378,51,West,37,1,84.56,45.65,5,44,0,2,0,1
3379,66,South,56,0,67.64,22.92,2,57,1,4,0,0
3380,40,South,52,0,100.43,32.15,4,18,0,2,1,0
3381,65,South,51,1,101.6,29.55,8,50,0,1,0,0
3382,62,East,12,0,91.89,22.25,3,25,0,3,0,0
3383,72,North,49,1,89.23,38.19,3,74,1,3,0,0
3384,70,South,57,0,65.11,22.32,3,63,0,3,0,0
3385,63,North,54,0,79.81,14.89,2,27,1,1,0,0
3386,32,South,42,1,144.36,41.67,8,81,2,1,0,0
3387,62,West,7,0,76.01,18.37,2,19,2,0,0,0
3388,59,East,11,1,93.81,30.84,9,27,1,3,0,0
3389,34,South,53,0,95.3,33.47,0,81,0,4,0,0
3390,56,East,62,0,83.73,29.3,2,95,0,4,1,1
3391,32,East,59,0,130.44,26.41,6,61,0,1,0,0
3392,47,South,31,1,102.37,23.25,6,79,1,2,0,0
3393,63,South,42,0,86.46,15.69,3,41,0,2,0,0
3394,28,East,13,0,81.27,28.18,5,63,0,3,0,0
3395,37,North,43,0,62.4,30.04,3,41,0,1,0,1
3396,63,East,14,0,53.81,27.02,1,68,0,3,0,1
3397,43,East,57,0,84.82,21.21,5,10,0,2,0,0
3398,72,East,56,1,122.87,30.95,5,72,2,1,0,0
3399,18,West,4,1,62.53,36.73,7,31,2,2,0,0
3400,59,West,67,0,92.49,14.99,2,28,0,4,0,0
3401,64,South,57,0,85.37,25.73,1,56,2,6,1,1
3402,70,North,27,0,49.88,13.89,4,28,1,5,0,0
3403,26,East,33,0,68.87,16.58,2,28,2,1,0,0
3404,74,West,6,1,91.13,36.43,7,24,1,1,0,0
3405,40,West,67,1,91.25,39.67,9,34,1,2,0,0
3406,38,West,8,1,105.17,37.73,7,9,1,2,0,0
3407,38,North,66,0,100.02,16.08,5,91,1,2,0,0
3408,54,East,47,1,108.69,20.03,9,4,0,1,0,0
3409,55,West,66,1,113.12,34.93,5,30,0,1,0,0
3410,45,East,27,0,57.12,9.8,1,83,1,2,0,0
3411,22,East,64,0,82.25,32.56,2,79,2,0,0,0
3412,74,South,31,0,80.93,16.35,0,30,1,1,1,1
3413,30,East,25,0,62.73,42.87,4,75,1,1,0,0
3414,23,South,24,1,94.83,27.3,10,43,2,1,1,0
3415,52,North,68,1,100.52,38.7,11,72,1,0,0,0
3416,41,West,34,1,103.77,29.11,11,55,1,1,1,0
3417,53,West,34,0,84.89,23.65,6,89,1,0,0,0
3418,67,West,46,0,58.58,26.47,5,53,4,2,0,0
3419,23,South,40,1,101.01,41.88,3,2,0,1,0,0
3420,34,North,39,1,76.67,43.16,9,67,0,1,0,0
3421,47,South,27,1,65.58,40.82,2,89,1,1,0,1
3422,62,West,12,1,77.09,43.3,7,18,1,0,0,0
3423,52,East,71,1,157.45,30.07,9,27,1,0,0,0
3424,39,West,35,1,109.13,40.19,6,86,0,1,0,0
3425,52,South,70,0,115.88,22.27,3,52,1,6,1,1
3426,73,East,33,1,105.63,42.89,8,11,2,0,2,0
3427,45,West,43,1,104.58,35.92,4,70,1,1,1,1
3428,68,North,39,0,92.93,29.96,1,92,1,5,0,0
3429,62,West,69,1,104.91,37.33,3,70,0,3,0,0
3430,35,East,8,1,91.06,41.08,6,41,1,2,1,0
3431,32,North,37,1,116.16,28.54,9,61,1,0,1,0
3432,61,North,11,0,75.99,12.42,3,43,1,3,0,0
3433,29,West,62,1,129.64,42.91,12,9,0,1,0,0
3434,37,East,38,0,81.74,35.76,2,73,2,5,0,0
3435,31,East,66,0,118.38,24.07,5,51,0,0,0,0
3436,52,West,20,0,66.88,31.49,4,40,2,1,0,0
3437,34,South,12,0,97.77,11.97,8,63,3,3,1,1
3438,55,West,45,0,91.1,20.03,5,36,1,1,0,0
3439,71,West,11,0,59.74,25.66,3,18,2,4,0,0
3440,65,North,27,1,75.81,21.12,9,77,2,3,0,1
3441,72,East,23,0,59.38,12.76,1,97,2,1,0,1
3442,19,South,16,1,73.61,36.26,7,12,3,2,0,0
3443,43,South,10,0,63.67,20.15,2,72,1,3,0,0
3444,30,South,47,0,64.39,22.23,4,93,1,2,0,1
3445,70,West,54,1,126.39,31.75,8,68,2,1,0,0
3446,58,North,28,0,75.66,14.73,5,97,1,4,1,1
3447,36,South,20,1,91.05,33.26,9,78,2,1,0,0
3448,50,East,12,1,68.52,34.89,8,5,1,0,0,0
3449,52,North,49,0,72.96,20.34,3,30,0,1,0,0
3450,46,West,58,0,55.69,20.99,3,73,0,2,0,0
3451,45,West,39,0,103.77,23.37,4,32,1,4,1,0
3452,21,North,31,0,54.23,31.56,2,83,1,4,0,1
3453,43,North,47,0,63.37,24.24,4,30,0,5,1,0
3454,37,West,65,1,133.7,19.59,7,72,1,3,0,0
3455,64,North,71,0,101.31,15.45,4,7,2,2,0,0
3456,67,North,14,1,88.81,42.45,6,73,3,2,0,1
3457,60,West,34,1,102.1,29.52,3,14,2,2,0,0
3458,19,West,63,1,125.81,34.29,13,2,2,1,0,0
3459,65,East,45,1,104.0,50.4,8,12,1,3,0,0
3460,40,East,58,0,65.85,30.05,3,69,1,0,0,0
3461,41,West,71,1,126.5,17.81,10,86,2,1,1,0
3462,71,East,8,1,90.34,46.56,11,0,1,1,1,0
3463,67,East,44,0,99.57,26.2,4,12,2,4,1,0
3464,20,West,38,1,80.26,37.95,4,80,0,2,0,0
3465,38,East,21,1,79.56,37.43,9,68,4,0,0,0
3466,60,South,47,1,109.38,42.31,5,75,0,1,0,0
3467,48,South,8,0,49.83,24.36,3,79,1,5,0,0
3468,32,South,36,0,42.71,13.15,5,51,0,1,0,0
3469,47,South,30,1,97.96,37.59,5,69,1,2,0,1
3470,67,South,28,1,107.43,23.95,5,79,1,0,0,1
3471,30,South,44,1,100.07,49.53,9,51,0,4,0,0
3472,60,West,68,1,122.22,32.1,7,50,2,1,0,0
3473,59,South,68,1,120.05,34.59,5,33,0,1,0,0
3474,68,North,50,0,85.16,19.59,3,103,2,2,1,0
3475,34,South,24,1,94.04,37.71,6,6,1,0,0,0
3476,30,North,69,0,114.74,28.63,1,54,0,0,0,0
3477,49,West,71,1,101.04,29.57,7,68,1,1,0,0
3478,48,South,61,0,102.1,28.62,2,16,1,0,0,0
3479,41,South,62,1,93.29,35.54,11,52,2,1,0,0
3480,62,West,59,1,97.58,34.23,4,44,1,3,0,0
3481,63,North,54,0,104.94,18.99,4,44,3,2,1,0
3482,32,North,52,0,67.85,43.52,1,40,0,5,0,0
3483,63,West,46,0,79.38,34.46,2,68,1,4,1,1
3484,31,East,46,1,138.42,40.83,4,6,3,0,0,0
3485,41,East,28,1,109.38,44.01,6,32,1,0,1,0
3486,19,West,63,0,80.44,27.4,5,87,0,2,1,0
3487,37,West,46,1,94.51,32.21,6,56,2,1,0,0
3488,72,North,44,1,99.45,13.86,5,87,0,1,0,0
3489,43,West,53,0,106.18,15.25,1,72,1,3,1,0
3490,58,East,6,0,47.98,42.32,3,56,2,2,0,0
3491,24,North,66,0,77.07,34.28,3,29,1,1,0,1
3492,54,West,42,1,111.7,36.62,5,31,0,4,0,0
3493,39,South,68,1,88.78,22.38,5,16,0,2,0,0
3494,60,West,8,1,70.33,40.08,7,83,2,1,1,1
3495,70,East,17,1,87.22,32.78,7,23,0,2,0,0
3496,48,South,68,1,113.49,40.58,8,21,0,1,0,0
3497,23,North,50,0,64.53,16.1,3,46,2,1,0,0
3498,45,West,46,1,108.31,31.08,2,89,1,4,0,1
3499,25,East,29,0,82.81,32.08,4,98,1,3,0,0
3500,43,North,40,1,90.06,50.42,8,43,2,1,0,0
3501,21,North,39,1,124.41,29.73,7,58,2,0,0,0
3502,54,East,15,1,92.59,27.0,6,32,3,5,0,0
3503,35,North,41,1,85.43,43.18,6,77,1,2,0,1
3504,29,East,37,0,102.81,14.92,2,84,3,0,0,1
3505,18,East,23,1,83.65,25.5,7,18,0,2,0,0
3506,68,North,25,1,95.18,37.13,6,83,3,1,0,1
3507,65,East,55,1,100.2,51.69,7,1,1,1,0,0
3508,64,North,48,0,93.36,18.21,5,88,1,2,0,0
3509,21,West,34,0,69.78,22.04,2,52,1,3,0,1
3510,37,West,43,1,95.19,35.89,6,64,4,1,0,0
3511,73,South,18,1,86.6,31.22,3,42,0,2,1,0
3512,50,South,36,1,90.47,20.87,3,9,2,1,0,0
3513,25,South,40,0,96.08,31.42,9,23,1,3,0,0
3514,26,West,18,1,70.13,36.49,3,11,2,3,1,0
3515,32,South,13,1,85.94,37.93,11,73,0,0,0,0
3516,73,East,38,0,80.34,23.87,2,91,0,3,0,1
3517,27,West,67,0,91.63,37.11,5,93,2,3,0,0
3518,69,North,33,0,91.02,20.96,5,70,2,2,1,0
3519,56,East,65,1,89.94,26.38,5,46,1,2,0,0
3520,70,North,61,1,119.02,48.31,2,61,0,1,0,0
3521,65,East,53,0,67.83,7.41,1,55,0,0,0,0
3522,36,South,64,0,84.37,23.77,1,73,0,4,1,0
3523,65,West,30,0,54.78,24.4,2,59,0,3,0,1
3524,27,South,54,1,102.02,34.08,8,9,0,2,0,0
3525,34,North,11,0,56.83,12.59,5,67,1,1,0,0
3526,30,West,23,0,96.07,15.52,1,50,0,1,0,0
3527,25,West,41,0,84.12,32.66,4,33,1,3,0,0
3528,23,East,3,0,68.1,36.08,3,94,1,3,1,0
3529,28,East,55,0,70.89,21.66,4,30,0,0,0,0
3530,24,North,66,1,124.1,27.55,6,87,0,1,0,0
3531,39,East,8,0,88.57,10.72,0,25,3,3,0,0
3532,22,North,71,0,108.55,32.52,3,87,0,3,0,0
3533,21,North,7,1,63.82,43.0,5,21,1,5,0,0
3534,74,West,10,0,58.04,2.51,5,37,3,3,0,0
3535,22,East,55,1,109.13,15.61,8,22,0,2,0,0
3536,22,North,49,0,75.84,26.09,3,67,1,4,0,1
3537,19,North,67,0,131.49,27.13,4,75,1,2,1,0
3538,25,West,31,1,88.27,31.18,8,9,1,2,0,0
3539,48,North,41,1,99.85,34.74,6,1,1,0,0,0
3540,65,North,11,1,76.5,33.02,3,52,0,2,0,0
3541,59,North,50,0,88.48,25.21,1,69,1,2,0,1
3542,51,North,71,1,136.24,27.79,4,53,0,1,0,0
3543,22,South,43,0,83.22,24.9,1,17,1,5,0,1
3544,62,West,67,0,90.21,19.61,1,17,2,3,0,0
3545,20,South,28,1,77.89,28.94,3,47,1,0,0,0
3546,53,South,70,0,113.13,10.06,2,114,0,2,1,0
3547,41,East,39,1,97.34,33.6,9,65,0,1,0,0
3548,68,East,11,0,62.7,31.42,2,50,1,1,0,0
3549,35,East,26,0,37.92,22.4,5,21,0,2,1,0
3550,54,East,35,0,75.59,22.17,0,97,2,2,0,1
3551,43,East,5,1,76.48,45.05,3,6,1,3,0,0
3552,47,East,64,0,64.61,33.2,5,102,0,2,0,1
3553,71,West,17,1,103.34,48.88,5,88,1,3,0,0
3554,58,East,48,0,75.97,43.06,3,105,0,0,0,0
3555,41,West,66,1,141.43,35.48,3,23,1,0,0,0
3556,43,North,31,0,96.72,15.74,0,87,2,0,0,0
3557,58,East,44,0,71.2,20.83,4,7,1,1,0,0
3558,37,East,37,1,119.04,39.58,5,69,1,1,0,0
3559,27,South,55,0,111.66,36.52,1,107,1,5,1,0
3560,44,West,3,0,53.11,16.61,4,38,1,6,0,0
3561,21,South,26,1,77.51,37.04,2,40,0,0,0,0
3562,27,North,44,1,69.67,28.66,9,34,0,0,0,0
3563,41,West,7,0,69.21,23.83,4,72,1,2,0,0
3564,63,North,62,0,76.4,23.71,5,97,0,3,0,0
3565,62,South,45,1,108.66,38.05,4,18,0,3,0,0
3566,32,South,1,1,71.98,51.26,8,6,0,0,0,0
3567,42,West,1,1,68.8,38.8,6,46,2,1,0,0
3568,26,South,12,1,77.58,31.56,2,45,1,1,0,1
3569,61,East,48,0,64.5,20.24,3,64,0,3,0,0
3570,32,West,37,1,90.07,33.47,7,22,1,2,0,0
3571,63,East,35,1,86.45,28.03,7,6,0,2,0,0
3572,65,West,40,1,99.79,36.12,4,15,0,2,0,0
3573,57,West,36,1,99.56,15.71,7,12,1,1,0,0
3574,36,South,25,0,56.43,23.31,4,43,0,2,0,0
3575,72,West,1,1,97.01,33.94,12,68,0,1,0,0
3576,57,South,2,0,58.61,15.71,8,84,0,2,0,1
3577,54,North,49,1,127.04,31.94,7,48,0,0,1,0
3578,66,North,53,1,110.12,43.96,10,61,1,4,0,0
3579,68,East,18,0,70.04,34.54,2,69,3,1,0,0
3580,22,North,18,1,81.64,30.73,6,42,0,2,0,0
3581,68,East,29,1,103.72,39.19,3,14,2,1,0,0
3582,61,South,46,1,103.5,23.01,3,39,1,0,0,0
3583,29,South,43,0,94.38,22.63,4,45,0,1,0,0
3584,35,North,40,0,104.07,26.85,1,33,0,5,0,0
3585,60,West,3,1,70.6,47.22,6,2,0,4,0,0
3586,30,South,31,1,104.7,44.54,6,68,0,2,0,0
3587,43,North,54,1,115.78,36.67,6,9,2,4,0,0
3588,57,South,42,1,107.87,27.71,9,12,1,2,0,0
3589,55,South,58,0,82.5,35.87,4,77,1,1,0,1
3590,69,East,50,0,78.81,22.28,3,34,0,3,0,0
3591,24,South,64,1,103.24,38.59,11,88,0,3,0,0
3592,34,North,41,0,71.44,24.02,2,67,2,2,0,0
3593,74,West,41,0,67.9,40.94,6,46,0,4,0,1
3594,50,South,40,1,98.43,30.12,7,15,0,1,1,0
3595,32,North,19,1,78.13,42.33,6,63,0,1,0,0
3596,34,East,31,1,102.03,34.31,5,50,1,0,1,0
3597,37,East,12,0,66.85,29.55,4,33,3,0,0,0
3598,49,East,31,0,78.04,37.96,5,43,0,5,0,1
3599,34,South,11,0,61.4,8.96,4,93,2,2,0,1
3600,53,South,35,0,78.53,24.48,4,67,1,2,1,0
3601,43,South,68,0,90.29,17.85,0,96,0,3,0,0
3602,52,North,33,1,108.19,38.57,6,0,1,1,1,0
3603,26,South,53,1,99.86,40.53,3,5,0,1,1,0
3604,53,West,32,1,101.63,31.24,4,46,3,1,1,1
3605,70,East,65,0,72.9,20.82,3,32,1,3,0,0
3606,25,South,15,1,98.18,36.63,5,88,3,3,0,1
3607,36,North,60,0,81.61,14.81,6,70,1,2,0,0
3608,57,East,52,0,72.32,27.67,2,75,1,2,0,1
3609,53,North,64,0,74.92,18.46,1,82,3,0,0,0
3610,56,North,10,0,46.73,30.87,0,11,2,3,1,0
3611,49,North,64,1,104.78,24.46,10,44,0,0,0,0
3612,56,East,65,1,134.98,30.46,5,29,0,1,0,0
3613,52,East,22,1,81.35,28.99,12,58,0,3,0,0
3614,22,North,45,0,49.36,22.61,5,105,0,2,1,0
3615,60,North,42,0,86.48,36.01,5,50,1,2,0,0
3616,43,East,4,0,45.29,31.77,4,27,1,3,0,1
3617,20,East,38,1,111.22,31.16,6,2,0,1,0,0
3618,41,East,47,1,97.18,31.16,7,63,0,2,0,0
3619,42,North,15,1,83.39,42.08,11,14,3,2,0,0
3620,22,East,26,0,90.96,15.69,4,8,4,3,0,0
3621,74,West,42,0,90.27,25.18,3,59,1,2,0,0
3622,30,East,67,1,94.8,30.15,9,22,1,3,0,0
3623,36,North,5,1,66.01,33.63,11,49,2,0,0,0
3624,43,East,67,0,66.75,31.47,2,106,0,1,0,0
3625,65,South,58,1,148.05,29.65,6,33,0,1,1,0
3626,60,North,61,1,97.56,42.79,5,79,1,2,0,0
3627,61,South,4,0,79.55,42.6,6,28,1,4,0,0
3628,31,West,41,1,92.52,39.83,3,35,1,2,0,0
3629,66,South,27,0,57.3,24.33,1,42,0,3,0,1
3630,65,West,66,1,113.32,44.26,12,60,1,1,2,0
3631,44,South,53,1,101.6,26.13,4,19,0,1,0,0
3632,49,South,47,1,115.53,47.17,12,41,0,4,0,0
3633,20,North,2,0,73.22,18.98,4,37,3,3,0,0
3634,61,East,63,0,82.65,42.34,2,7,0,4,0,0
3635,72,North,35,0,55.9,19.26,4,98,1,1,0,0
3636,44,South,12,1,68.04,40.29,8,75,1,4,0,1
3637,48,North,63,1,77.26,22.52,8,62,0,5,0,0
3638,46,South,65,0,88.38,23.29,2,90,0,0,0,0
3639,22,South,36,0,77.82,16.36,1,36,0,2,1,0
3640,53,North,47,1,86.36,23.47,4,86,0,0,0,0
3641,59,South,44,0,63.05,34.64,3,82,1,1,0,0
3642,70,West,22,0,70.76,15.18,6,15,2,5,0,0
3643,70,North,54,0,77.52,19.12,2,100,1,1,0,0
3644,46,South,71,1,112.31,28.19,1,18,3,1,0,0
3645,72,South,67,0,87.99,34.12,1,28,0,3,0,0
3646,48,South,49,0,88.23,33.14,3,55,1,3,0,0
3647,54,East,26,0,64.52,35.16,4,32,1,2,0,0
3648,52,North,65,0,85.17,18.71,3,60,1,1,0,0
3649,74,South,66,1,84.77,45.8,7,58,1,0,0,0
3650,60,East,1,0,59.75,18.64,5,104,3,0,0,1
3651,24,South,25,1,93.83,28.96,6,69,2,1,0,0
3652,22,West,40,0,77.33,19.41,3,77,0,3,0,0
3653,41,West,42,1,129.68,29.7,8,27,0,3,1,0
3654,47,North,51,0,87.94,24.27,5,102,2,3,0,0
3655,56,South,37,0,76.15,18.29,3,92,0,4,0,1
3656,45,North,1,0,67.99,26.85,3,103,0,4,0,1
3657,47,North,12,1,117.69,14.12,4,15,0,0,0,0
3658,70,South,55,1,111.29,36.83,9,66,0,0,0,0
3659,37,East,50,0,51.65,16.28,1,93,0,1,1,0
3660,46,South,47,0,89.98,19.64,5,54,0,2,0,0
3661,49,North,32,0,62.81,19.84,5,68,1,2,0,0
3662,44,North,20,0,41.16,32.55,2,43,0,4,0,0
3663,73,West,22,0,96.46,29.04,5,82,2,3,0,1
3664,72,West,49,1,126.72,33.68,5,28,2,2,1,0
3665,47,North,36,1,84.42,29.28,5,89,2,1,0,1
3666,43,East,10,1,71.52,41.26,5,55,2,2,0,0
3667,51,South,29,0,76.9,39.36,3,27,0,2,0,0
3668,28,East,59,0,76.22,24.78,1,99,0,1,0,0
3669,42,East,43,1,99.47,22.21,8,23,1,0,0,0
3670,30,West,62,0,80.3,19.38,2,57,2,2,0,0
3671,26,North,37,0,72.49,29.47,2,75,0,3,0,0
3672,23,South,35,0,56.43,21.46,2,49,0,0,0,1
3673,51,West,68,1,126.4,28.13,4,41,0,2,0,1
3674,18,North,37,1,116.56,27.78,8,47,2,1,0,0
3675,54,North,10,1,83.5,35.73,6,31,1,2,0,0
3676,42,East,29,1,93.96,22.73,6,74,2,0,0,0
3677,38,East,46,0,92.44,24.72,1,70,3,3,0,1
3678,61,East,25,1,92.53,35.71,9,58,0,0,0,1
3679,48,East,30,1,120.94,31.4,3,83,2,0,0,0
3680,59,East,62,1,91.25,26.66,6,45,2,2,1,0
3681,58,North,31,1,108.41,43.15,7,2,2,1,1,0
3682,19,East,22,1,89.29,24.34,9,54,2,1,1,0
3683,30,East,8,0,47.18,26.38,5,41,1,1,0,0
3684,50,West,29,1,128.21,40.82,4,13,0,3,0,0
3685,73,North,55,0,123.28,26.28,0,89,1,2,1,1
3686,26,North,22,1,87.88,44.85,5,2,2,3,0,0
3687,24,West,34,0,83.67,15.92,5,79,1,3,0,0
3688,71,North,47,1,96.43,28.67,7,30,1,2,0,0
3689,73,North,66,1,108.35,31.31,4,79,1,3,0,0
3690,27,West,58,1,92.01,61.33,11,88,0,1,0,0
3691,40,South,21,0,51.3,29.06,4,22,1,6,1,0
3692,53,South,12,1,113.66,40.56,11,59,1,2,0,0
3693,29,North,48,1,103.42,40.23,7,9,5,2,0,0
3694,36,North,19,0,70.26,25.63,6,25,3,2,0,0
3695,40,West,28,1,81.84,43.4,4,68,3,4,1,1
3696,54,South,8,0,66.85,10.04,6,63,4,4,0,0
3697,35,North,55,1,84.94,37.22,4,33,0,2,0,0
3698,41,South,12,0,54.39,28.43,3,30,1,1,0,0
3699,34,North,28,0,56.0,33.15,5,52,3,3,0,0
3700,61,North,29,0,93.89,15.75,3,79,0,1,0,1
3701,26,North,4,1,57.22,26.34,7,84,3,3,0,1
3702,31,East,56,1,90.31,26.85,9,52,1,0,0,0
3703,32,North,44,1,71.29,39.18,4,85,2,1,1,0
3704,69,South,39,1,86.15,39.29,7,61,0,3,0,0
3705,71,South,13,0,59.61,17.4,3,56,0,3,0,0
3706,46,South,4,0,76.67,40.31,1,89,1,2,0,1
3707,26,North,4,1,78.67,37.29,8,49,1,3,1,0
3708,61,North,45,0,76.34,25.99,4,53,1,1,2,0
3709,46,North,54,0,91.5,23.34,2,14,0,3,0,0
3710,66,South,57,0,81.86,32.44,3,36,0,1,1,0
3711,38,East,57,0,124.65,28.12,0,62,0,3,0,0
3712,74,North,28,1,85.13,50.12,6,7,1,2,0,0
3713,63,West,1,0,66.71,15.29,3,72,0,2,0,0
3714,30,East,18,1,101.4,22.64,5,84,2,3,0,1
3715,59,North,56,1,98.7,29.08,6,75,0,0,0,0
3716,34,North,55,0,89.98,29.43,5,1,1,4,0,0
3717,37,North,37,0,70.99,21.58,2,52,1,4,1,1
3718,32,North,2,0,65.11,35.17,4,92,2,2,0,1
3719,56,South,56,0,89.51,21.85,6,72,1,7,0,0
3720,32,North,58,1,106.9,43.66,5,81,0,6,0,0
3721,54,West,17,1,71.17,28.35,8,50,1,1,0,0
3722,51,South,58,1,136.96,44.46,7,43,0,1,0,0
3723,60,East,46,0,91.8,35.95,4,101,0,6,0,1
3724,74,East,64,1,88.17,30.48,4,0,3,0,0,0
3725,18,South,45,1,96.19,38.92,7,63,2,2,1,0
3726,74,West,7,0,39.96,27.14,3,90,1,1,0,1
3727,24,West,46,1,114.43,39.13,13,11,1,0,0,0
3728,48,South,8,0,63.67,35.28,4,28,2,5,1,0
3729,37,North,19,1,89.56,42.79,13,76,1,4,0,0
3730,54,South,62,1,98.36,39.11,2,26,2,1,1,0
3731,59,North,69,1,109.77,40.3,10,36,1,2,1,0
3732,67,South,34,0,88.81,14.85,10,76,1,1,0,1
3733,40,South,21,0,86.34,24.67,5,57,0,2,0,1
3734,71,South,28,1,106.7,26.19,5,14,2,2,0,0
3735,36,East,18,0,45.72,24.85,5,11,2,3,0,0
3736,29,North,41,1,97.71,43.93,11,30,1,0,0,0
3737,39,South,30,1,98.8,34.94,6,30,2,0,0,0
3738,48,South,5,0,51.48,4.96,5,86,2,2,0,0
3739,56,West,44,0,57.11,16.63,2,96,0,3,0,0
3740,65,East,46,0,63.7,29.65,1,80,1,1,1,0
3741,30,North,48,0,106.5,20.69,2,25,0,3,0,0
3742,35,East,68,1,96.13,41.27,10,81,0,0,0,0
3743,71,North,50,0,85.71,15.34,3,69,0,3,0,0
3744,43,East,48,1,101.65,38.05,8,59,0,0,0,0
3745,31,East,16,1,85.69,38.46,6,59,0,0,0,0
3746,74,South,33,0,71.7,31.32,4,24,0,5,0,0
3747,43,East,31,0,87.34,19.76,4,57,2,3,0,1
3748,74,West,69,1,115.03,41.24,9,9,0,0,0,0
3749,70,East,34,0,67.62,37.05,1,117,2,1,0,0
3750,69,East,49,0,85.27,6.82,1,76,1,6,0,0
3751,51,East,39,0,60.34,25.41,7,72,0,0,0,1
3752,63,South,5,1,89.64,20.55,3,49,2,2,0,0
3753,72,West,67,1,103.29,28.12,11,87,1,2,0,0
3754,33,West,48,1,94.65,28.77,10,13,1,3,0,0
3755,20,North,17,1,96.2,34.47,4,62,1,1,0,0
3756,36,North,5,0,56.39,28.02,3,62,5,4,0,1
3757,54,North,67,1,108.23,42.24,7,13,0,4,1,0
3758,49,North,22,1,108.51,37.11,11,20,2,1,0,0
3759,22,South,2,1,66.4,40.39,9,52,1,1,0,1
3760,49,North,44,1,109.48,26.37,5,5,0,2,0,0
3761,27,East,2,0,75.24,33.45,4,58,2,4,0,0
3762,46,North,16,1,105.5,8.63,3,24,1,0,0,0
3763,50,North,64,1,144.65,47.21,10,13,0,2,1,0
3764,54,East,3,0,51.87,35.78,5,31,2,0,0,0
3765,41,South,54,0,73.98,31.0,2,73,0,0,1,1
3766,41,South,44,1,114.26,52.83,10,40,1,1,0,0
3767,56,West,22,1,105.1,20.57,10,12,0,1,0,0
3768,60,West,21,1,78.64,41.24,7,86,2,1,0,0
3769,64,East,34,1,104.27,36.08,7,77,0,2,1,0
3770,37,North,38,0,119.86,26.95,6,71,2,1,1,0
3771,42,North,64,1,113.57,25.69,5,27,2,0,0,0
3772,36,West,19,0,83.35,28.16,9,91,2,4,1,0
3773,48,East,42,1,124.65,37.78,7,48,2,2,0,0
3774,25,East,49,1,142.06,29.48,7,43,2,1,1,0
3775,42,East,1,1,84.19,34.45,6,44,2,1,0,0
3776,28,North,64,1,130.8,24.48,10,55,2,3,0,0
3777,48,South,71,1,103.67,31.84,9,64,0,2,0,0
3778,66,West,7,0,63.87,32.69,8,65,3,1,0,0
3779,74,West,19,1,82.8,42.85,4,72,1,1,0,0
3780,43,North,56,1,79.72,41.15,8,21,0,2,0,0
3781,21,East,58,0,64.95,32.68,1,65,0,4,0,0
3782,30,North,12,0,72.45,32.79,2,94,0,4,0,1
3783,23,West,66,1,119.75,29.85,10,16,0,3,0,0
3784,61,North,24,1,76.38,37.72,10,0,5,1,0,0
3785,74,East,21,0,93.86,33.69,6,15,2,1,0,0
3786,49,North,26,0,56.35,13.96,5,72,3,0,0,0
3787,28,East,48,1,107.86,23.92,5,35,1,1,0,0
3788,19,East,15,0,61.27,13.47,3,79,1,4,0,1
3789,73,South,39,1,101.1,20.72,7,30,1,1,0,0
3790,36,West,6,1,96.48,26.59,8,70,1,1,0,0
3791,24,West,11,0,76.86,20.8,6,53,0,1,0,0
3792,28,West,55,1,118.12,47.1,7,85,0,2,0,0
3793,32,South,28,0,82.7,21.5,4,56,3,1,0,0
3794,55,East,57,0,69.41,12.87,7,66,0,1,2,1
3795,68,East,53,1,123.52,36.33,4,40,0,5,0,0
3796,33,East,71,1,99.6,33.49,10,28,0,3,0,0
3797,57,South,10,1,83.41,28.74,6,14,1,2,1,0
3798,21,East,67,1,108.23,30.29,13,84,1,2,1,1
3799,18,North,64,1,117.25,43.54,12,56,1,1,0,0
3800,21,South,31,1,88.23,23.72,6,14,2,1,0,0
3801,70,North,10,0,62.62,11.67,3,14,1,2,0,0
3802,51,South,10,0,89.28,28.73,4,46,1,0,1,1
3803,63,North,37,1,79.07,30.09,8,64,1,1,0,0
3804,19,North,1,0,60.46,37.42,3,9,1,1,0,0
3805,19,West,7,1,66.79,33.77,8,35,3,2,0,0
3806,66,East,38,1,109.12,34.2,6,45,1,2,0,0
3807,23,North,40,0,69.1,31.29,4,33,0,3,0,0
3808,26,West,62,1,111.58,21.62,6,56,0,3,0,0
3809,47,West,70,0,75.13,27.7,5,91,1,1,0,1
3810,52,West,20,0,89.37,22.08,3,83,4,2,0,1
3811,31,West,24,0,73.09,33.21,4,64,0,3,0,0
3812,43,West,15,0,69.57,19.83,4,33,0,1,0,0
3813,56,East,16,0,80.44,26.41,4,87,3,4,0,1
3814,43,West,32,0,57.23,22.13,4,107,0,5,0,0
3815,39,West,71,0,86.27,28.3,3,34,1,2,0,0
3816,22,South,64,0,94.55,22.99,1,31,0,4,0,0
3817,43,West,65,0,66.07,27.1,3,53,2,2,0,0
3818,63,West,33,1,71.68,49.03,10,48,0,2,1,0
3819,53,East,47,1,91.18,32.71,8,80,0,1,0,0
3820,68,West,52,0,68.89,28.22,3,83,0,1,0,0
3821,25,South,18,0,63.84,43.29,5,38,1,5,0,0
3822,18,South,33,1,104.34,38.12,3,50,0,1,0,0
3823,49,East,40,0,91.25,5.53,6,48,1,1,0,0
3824,28,East,27,1,120.64,29.67,7,26,0,1,0,0
3825,51,West,34,0,76.66,15.37,6,46,0,3,0,0
3826,69,West,32,0,78.32,32.38,2,38,0,2,0,0
3827,37,East,5,1,82.13,34.25,2,84,5,1,0,0
3828,49,West,55,1,112.3,43.51,4,22,0,2,0,0
3829,56,North,64,0,97.98,29.89,5,93,0,0,0,0
3830,26,West,54,0,100.83,29.86,1,8,0,1,1,0
3831,69,North,67,1,127.27,25.21,6,60,5,2,0,0
3832,29,East,31,0,83.29,29.04,4,47,1,2,0,0
3833,64,North,4,0,84.65,35.93,6,61,1,3,1,1
3834,55,East,20,0,70.4,13.42,7,67,2,2,0,1
3835,26,South,61,0,81.33,22.46,3,51,2,1,0,0
3836,59,North,10,1,78.28,37.84,7,5,0,1,1,0
3837,29,East,39,0,77.91,25.78,3,35,0,1,0,0
3838,52,East,1,0,44.25,36.49,5,94,1,2,0,1
3839,72,North,23,0,62.3,30.83,0,67,1,4,0,0
3840,72,East,9,1,67.4,38.25,8,59,1,3,0,0
3841,67,North,9,1,89.66,41.54,1,23,4,3,0,1
3842,46,North,12,0,71.31,31.11,2,75,1,2,1,0
3843,49,North,39,0,52.97,25.33,5,40,1,1,0,1
3844,35,East,49,0,74.69,22.16,1,52,1,1,0,0
3845,70,East,21,1,117.88,42.92,4,87,1,1,0,0
3846,45,East,59,1,118.95,29.06,3,52,2,2,0,0
3847,61,West,28,1,100.82,34.42,7,86,1,3,0,0
3848,38,East,53,1,96.54,25.75,3,78,0,0,1,0
3849,60,West,38,0,83.31,30.85,2,47,1,6,1,0
3850,30,West,52,1,105.78,44.86,3,39,1,2,0,0
3851,59,South,70,1,103.05,27.52,6,48,1,2,0,0
3852,20,North,71,0,88.09,23.77,7,71,1,7,0,0
3853,23,North,42,0,73.93,21.16,5,52,1,6,1,1
3854,38,East,69,0,72.17,33.6,6,78,0,3,1,0
3855,45,East,50,0,65.15,36.34,7,59,1,0,0,0
3856,58,North,20,0,67.01,21.17,5,82,1,2,1,0
3857,38,West,67,1,100.78,10.27,9,11,0,1,0,0
3858,19,West,11,1,80.99,44.22,2,53,0,3,0,0
3859,36,North,34,0,52.92,25.36,2,79,0,0,0,0
3860,43,North,11,1,97.52,35.39,13,8,0,1,0,0
3861,48,North,56,1,139.21,42.71,15,6,2,3,0,0
3862,54,South,64,0,107.41,22.09,2,67,1,5,0,0
3863,32,West,59,0,106.46,19.96,8,102,0,4,0,0
3864,52,East,8,1,93.39,32.15,6,50,0,0,0,1
3865,54,North,20,1,93.98,38.91,10,72,0,1,0,0
3866,62,South,25,1,93.8,42.03,6,23,4,3,1,0
3867,47,North,9,0,50.78,38.07,3,30,1,1,1,0
3868,64,South,38,0,89.35,28.23,4,66,1,1,0,1
3869,30,South,3,0,70.96,23.84,4,53,0,2,1,0
3870,58,East,44,0,75.05,32.09,2,74,1,3,0,0
3871,20,East,41,0,88.39,17.23,3,102,1,3,0,0
3872,23,West,43,1,91.09,46.36,6,31,4,3,0,0
3873,67,North,65,1,103.05,36.69,13,78,1,1,0,0
3874,45,East,56,0,99.63,23.17,2,23,3,4,1,0
3875,53,North,19,1,95.96,27.26,8,13,2,2,1,0
3876,52,South,41,0,77.02,30.02,2,83,1,3,0,0
3877,57,West,57,1,103.29,32.76,8,18,0,0,0,0
3878,31,East,61,0,93.12,24.25,5,51,2,3,1,0
3879,28,North,46,1,75.47,21.63,7,10,1,3,0,0
3880,20,South,7,1,72.13,31.52,5,65,1,4,0,0
3881,67,East,31,1,76.52,30.45,6,35,2,0,0,0
3882,30,West,61,1,110.68,38.35,7,57,0,0,1,0
3883,50,East,6,0,79.33,22.86,3,62,2,3,0,1
3884,43,North,42,1,108.16,13.81,11,7,1,3,0,0
3885,27,South,39,1,91.83,31.68,7,5,1,0,0,0
3886,41,North,16,0,57.4,13.36,3,112,1,2,0,0
3887,22,North,25,1,81.19,26.66,8,82,3,2,0,1
3888,28,East,70,1,144.99,43.03,10,32,0,1,0,0
3889,25,East,43,1,102.52,21.49,10,32,1,1,0,0
3890,64,North,67,0,96.5,27.36,2,64,0,3,0,0
3891,50,West,34,1,65.33,30.94,11,9,1,2,0,0
3892,70,East,61,1,92.79,29.4,5,28,1,0,0,0
3893,42,East,45,1,101.84,27.17,9,57,2,3,0,0
3894,29,North,65,1,105.03,37.56,11,44,1,2,0,0
3895,52,South,24,0,74.0,28.45,2,64,3,7,0,1
3896,70,North,28,1,95.8,21.2,4,71,1,2,0,0
3897,48,North,3,0,70.51,34.2,4,54,2,8,1,1
3898,19,South,17,0,40.46,15.51,4,90,0,1,0,0
3899,35,South,10,0,48.42,28.11,5,109,1,2,0,1
3900,70,North,13,1,85.01,25.55,6,42,1,0,0,0
3901,47,North,22,1,81.29,31.33,6,78,0,2,0,0
3902,72,West,63,0,86.85,14.77,2,85,0,3,0,0
3903,47,West,27,1,95.14,30.77,4,38,0,0,0,0
3904,18,South,59,0,78.33,23.39,4,66,0,2,0,0
3905,67,West,58,1,111.88,25.81,8,58,0,1,0,0
3906,61,North,70,1,123.16,37.52,6,45,1,2,0,0
3907,58,South,37,1,99.48,38.56,2,21,0,3,0,0
3908,73,West,61,0,101.31,46.65,2,43,1,2,0,0
3909,29,South,30,0,42.41,32.43,4,20,1,6,0,0
3910,69,North,45,0,73.71,34.41,6,52,1,6,0,1
3911,31,South,58,1,122.38,20.85,5,44,0,3,0,0
3912,73,South,11,1,72.53,19.33,6,79,1,2,0,0
3913,28,East,5,0,47.5,22.62,6,91,2,2,0,1
3914,49,South,12,1,84.11,49.29,10,1,0,3,1,0
3915,62,South,52,1,105.74,54.79,8,22,0,3,0,0
3916,22,North,34,1,88.98,29.5,11,6,1,0,0,0
3917,21,South,20,1,117.65,30.31,11,39,2,3,0,1
3918,66,North,55,0,91.8,29.35,2,18,2,7,1,0
3919,21,West,2,0,47.46,23.42,7,12,0,2,0,0
3920,52,East,13,1,64.91,33.62,10,89,1,2,0,1
3921,71,South,34,1,103.08,40.08,6,72,0,2,0,0
3922,53,East,66,0,79.1,46.72,5,45,1,2,0,0
3923,45,North,54,1,139.29,45.44,7,79,1,2,0,0
3924,41,South,49,1,110.92,49.95,7,87,1,1,0,0
3925,54,South,51,1,113.9,20.25,6,1,1,2,0,0
3926,50,South,23,0,75.23,33.6,4,111,0,1,0,0
3927,46,East,32,1,112.82,27.4,3,41,0,4,0,1
3928,26,West,63,0,55.57,38.41,2,91,1,3,0,0
3929,55,South,52,0,67.95,35.86,5,43,5,3,0,0
3930,60,South,43,1,117.01,39.83,8,41,0,1,0,0
3931,58,East,6,0,85.51,19.06,7,95,1,2,1,1
3932,22,South,53,0,67.97,21.13,1,84,0,3,0,0
3933,58,North,26,1,65.72,31.78,3,30,1,1,0,0
3934,59,West,28,1,96.51,41.1,8,17,0,0,0,0
3935,28,West,48,0,91.28,28.23,6,24,0,8,1,0
3936,66,West,28,0,76.21,36.36,1,57,0,2,0,0
3937,47,North,41,0,79.61,37.89,6,30,2,2,0,0
3938,44,North,1,0,32.72,18.24,6,60,1,2,0,1
3939,59,South,14,1,81.37,38.8,5,24,0,1,0,0
3940,47,West,39,0,76.11,28.7,2,22,0,1,1,0
3941,49,North,68,1,105.78,34.24,1,77,1,1,0,1
3942,35,North,55,0,58.72,32.53,4,72,0,4,0,0
3943,70,North,30,0,83.77,28.93,3,84,1,4,1,1
3944,73,East,69,0,107.49,20.4,0,49,1,2,0,0
3945,25,West,20,1,78.08,33.86,7,22,1,0,0,0
3946,59,East,64,0,89.21,22.21,4,64,0,1,0,0
3947,19,North,29,0,67.05,19.18,4,51,1,3,0,0
3948,39,East,7,0,56.19,24.32,4,104,2,0,0,0
3949,73,South,1,1,87.9,24.62,7,2,0,3,0,0
3950,27,North,70,1,122.76,38.79,10,47,1,1,0,0
3951,39,South,46,0,99.12,36.23,3,39,1,2,1,0
3952,30,South,11,1,101.31,35.4,4,14,2,2,0,0
3953,59,South,71,0,92.92,32.57,5,52,1,2,1,0
3954,44,West,3,0,104.13,26.24,2,26,1,4,0,1
3955,51,South,24,1,115.25,26.82,7,30,1,0,0,0
3956,71,South,54,0,77.13,41.06,2,100,0,2,0,0
3957,47,East,4,1,83.9,15.62,5,46,0,0,0,0
3958,59,East,65,0,62.71,25.08,3,21,0,4,1,0
3959,23,North,49,0,84.91,18.85,4,95,1,2,0,0
3960,30,East,68,0,119.11,37.65,3,37,2,1,0,0
3961,71,North,60,0,131.72,26.73,4,88,1,2,0,0
3962,66,South,59,0,87.68,45.44,4,54,1,3,0,0
3963,55,East,17,1,93.52,35.29,6,9,2,0,0,0
3964,39,East,15,0,76.58,18.91,3,101,1,4,0,1
3965,29,South,18,1,118.7,21.32,7,7,1,2,0,0
3966,66,North,11,1,70.76,43.85,5,64,0,1,0,0
3967,62,South,48,0,123.83,18.32,4,82,1,5,1,0
3968,31,South,5,1,77.74,31.64,8,14,1,0,1,0
3969,51,West,31,0,57.95,34.82,7,45,1,2,0,0
3970,53,South,42,0,76.27,33.43,5,108,0,1,0,0
3971,45,West,39,0,67.36,20.12,4,31,2,4,0,0
3972,70,South,35,0,83.79,21.37,1,50,1,1,1,0
3973,25,West,16,1,63.21,20.95,2,80,0,2,0,0
3974,32,North,8,0,66.12,8.56,5,82,1,3,0,1
3975,23,South,71,1,125.46,41.11,6,43,1,1,0,0
3976,57,North,34,0,99.24,31.99,2,85,4,2,1,0
3977,54,North,43,0,91.71,27.86,4,81,1,0,0,0
3978,74,West,41,1,121.82,36.5,7,50,0,0,0,0
3979,48,East,27,0,64.41,19.35,7,28,0,2,0,0
3980,26,East,52,0,91.91,36.75,4,104,1,3,0,1
3981,43,South,27,1,60.06,20.73,6,30,1,1,1,0
3982,23,East,30,0,73.29,21.25,3,42,0,4,0,0
3983,56,East,58,1,114.8,36.29,11,25,0,1,1,0
3984,56,West,23,0,78.66,25.0,2,15,0,3,1,0
3985,66,East,50,0,61.39,24.98,6,17,1,0,0,0
3986,37,East,48,1,98.15,30.85,6,21,1,2,1,0
3987,35,South,3,0,57.74,29.33,2,83,1,4,0,1
3988,22,West,49,0,78.06,15.28,3,49,0,2,2,0
3989,41,North,57,1,119.38,33.85,8,76,0,5,0,0
3990,45,South,20,1,86.75,38.46,7,64,2,0,0,0
3991,61,West,65,1,113.99,32.34,1,53,0,1,0,0
3992,60,North,2,0,53.66,25.04,5,104,0,3,0,1
3993,25,North,13,1,102.47,36.72,7,16,1,2,0,0
3994,34,South,68,0,111.09,10.91,7,35,1,0,0,0
3995,47,South,61,1,105.87,21.66,12,29,0,2,0,0
3996,37,West,54,0,129.76,26.07,1,56,3,1,0,0
3997,19,West,43,1,90.0,30.13,8,79,1,0,0,0
3998,66,South,15,1,102.61,30.62,9,78,2,0,1,0
3999,59,West,35,0,63.23,29.55,6,54,0,2,0,0
4000,47,East,41,0,92.1,17.09,3,93,1,2,0,0
4001,36,West,7,0,73.93,5.69,6,64,2,3,0,0
4002,66,North,43,0,66.32,38.26,4,76,0,1,1,0
4003,20,South,7,0,61.54,34.68,6,78,2,1,1,1
4004,43,North,9,0,92.52,34.58,5,26,3,2,0,0
4005,63,North,13,0,54.29,16.03,4,76,2,3,1,1
4006,72,East,14,0,73.03,24.38,0,62,1,2,0,1
4007,32,North,6,0,68.03,14.85,5,16,1,0,0,0
4008,55,East,68,0,93.37,24.52,7,48,0,2,0,0
4009,28,East,57,0,62.53,22.22,3,77,3,3,0,1
4010,24,North,37,1,110.93,26.38,3,38,1,2,0,0
4011,38,South,27,1,93.67,39.03,7,87,0,3,0,1
4012,68,East,14,1,103.56,32.93,9,14,1,1,0,0
4013,57,West,68,1,117.48,48.78,6,42,1,1,0,0
4014,45,South,57,1,109.47,35.69,12,48,1,3,0,0
4015,34,West,54,1,112.59,14.62,4,67,0,1,0,0
4016,26,West,34,1,82.19,20.5,5,45,0,1,0,0
4017,33,East,2,0,84.37,41.77,2,78,2,3,0,0
4018,26,South,46,0,77.37,22.13,6,32,0,3,1,0
4019,28,East,35,1,92.06,36.92,8,2,0,5,0,0
4020,57,West,22,1,110.38,35.08,5,1,1,1,0,0
4021,25,South,23,1,95.21,46.33,8,48,1,3,0,0
4022,20,West,5,0,58.95,9.74,6,53,4,2,0,0
4023,48,West,62,0,97.21,35.63,3,19,0,7,1,0
4024,34,South,12,0,75.39,35.08,3,36,1,2,0,0
4025,43,East,58,1,107.22,35.05,4,9,2,2,0,0
4026,25,South,70,1,128.83,38.31,6,29,0,3,0,0
4027,29,East,4,1,62.94,32.04,6,32,1,3,0,1
4028,43,West,45,0,86.43,11.52,6,90,1,0,1,0
4029,57,North,5,1,94.5,39.64,12,16,1,2,0,0
4030,41,North,60,0,99.33,26.97,6,33,0,3,0,0
4031,48,South,37,0,44.88,27.14,6,27,3,2,0,1
4032,47,West,2,1,79.1,38.86,11,15,2,1,0,0
4033,33,South,55,0,69.29,20.17,6,45,0,3,0,0
4034,33,West,55,0,106.79,36.95,3,61,1,2,0,0
4035,42,South,66,1,107.14,35.07,3,85,2,2,0,0
4036,19,South,35,0,95.12,29.33,8,94,0,4,0,0
4037,57,West,67,1,95.24,32.82,11,70,0,2,0,0
4038,53,East,48,1,109.86,43.4,8,51,0,1,0,0
4039,35,South,38,0,79.12,25.83,2,91,0,3,0,0
4040,39,North,26,0,114.46,24.32,0,97,0,4,0,1
4041,36,North,21,1,108.17,44.66,6,80,2,1,0,0
4042,55,North,45,0,99.21,11.22,3,89,3,4,0,0
4043,61,South,53,0,116.92,22.76,4,100,1,2,0,0
4044,24,East,3,0,65.76,20.1,2,62,1,4,0,1
4045,41,South,30,0,73.51,27.99,4,92,0,4,0,0
4046,18,North,4,1,78.8,37.53,8,31,2,1,1,0
4047,43,North,29,0,79.42,24.91,4,32,1,4,1,0
4048,32,South,57,1,66.95,29.29,7,79,0,0,0,0
4049,37,West,50,1,105.03,34.81,8,80,1,1,0,0
4050,44,South,9,1,87.9,37.59,3,88,2,0,1,1
4051,36,North,51,1,103.16,33.57,8,9,1,0,0,0
4052,40,East,1,0,37.54,33.86,2,67,2,3,0,0
4053,61,West,1,0,58.25,29.9,6,60,3,3,0,0
4054,64,West,65,0,69.49,25.15,2,90,0,2,0,0
4055,18,West,3,1,108.11,16.23,6,29,0,1,0,0
4056,39,West,19,0,65.64,23.25,2,55,1,5,0,1
4057,66,East,10,0,34.06,30.04,3,111,3,4,1,1
4058,48,West,42,1,97.9,32.77,9,53,1,1,0,0
4059,29,North,38,1,112.43,37.43,5,36,1,4,0,0
4060,51,West,60,1,112.64,33.2,5,59,2,0,0,0
4061,26,West,71,0,81.79,26.86,7,75,1,6,0,0
4062,19,West,53,1,96.33,46.21,8,89,1,2,1,0
4063,54,South,34,1,92.7,41.29,10,87,2,1,1,1
4064,47,West,4,0,55.41,14.64,5,61,1,3,0,0
4065,61,North,66,0,74.11,11.74,4,69,1,2,1,0
4066,37,East,40,1,98.99,38.54,7,52,0,3,1,0
4067,66,South,16,0,47.99,34.34,3,52,0,2,0,0
4068,42,East,39,0,93.74,11.71,7,29,0,4,0,0
4069,60,East,28,1,110.07,33.32,7,20,7,1,1,0
4070,23,South,25,0,57.45,43.99,2,105,1,1,0,1
4071,23,North,33,1,85.75,32.85,5,19,2,0,0,0
4072,62,South,54,0,80.65,45.21,3,95,0,2,0,0
4073,65,East,12,1,85.53,28.41,4,52,2,2,0,0
4074,71,East,69,1,118.35,29.82,7,52,0,2,0,0
4075,36,East,5,0,69.45,19.38,1,30,2,1,0,0
4076,19,North,11,1,92.1,24.77,13,36,2,2,0,1
4077,73,West,49,0,107.81,11.47,2,65,0,6,0,0
4078,52,East,11,0,66.41,23.23,1,80,3,2,0,1
4079,32,North,56,1,88.46,36.16,8,81,0,2,0,0
4080,61,South,53,1,82.36,29.27,11,5,1,0,0,0
4081,69,South,31,1,120.04,31.19,7,81,0,3,0,0
4082,34,South,33,0,84.14,36.57,4,65,0,3,0,1
4083,61,North,71,0,98.6,32.77,2,19,1,7,0,0
4084,62,North,57,0,95.24,22.93,1,52,1,1,1,0
4085,46,North,45,0,84.9,28.44,7,90,0,1,1,0
4086,54,North,11,0,72.0,11.91,3,25,1,2,0,0
4087,33,North,42,0,75.41,27.16,3,56,4,4,0,0
4088,70,West,3,0,77.33,24.5,4,33,4,4,0,1
4089,74,South,18,1,81.13,32.01,12,84,2,3,0,0
4090,73,South,50,1,91.45,35.26,10,67,0,3,0,1
4091,60,East,29,0,49.14,23.97,5,15,3,3,0,0
4092,20,East,71,0,91.93,14.49,2,75,0,2,0,0
4093,38,North,67,0,112.51,38.44,3,74,1,2,0,0
4094,43,North,7,0,56.64,32.61,7,89,1,3,0,1
4095,72,North,63,1,90.82,31.9,7,6,1,2,0,0
4096,49,East,62,0,95.27,10.92,3,57,0,3,1,0
4097,48,South,8,0,54.23,5.35,4,38,3,1,0,1
4098,26,South,28,1,117.22,51.04,9,10,1,4,0,0
4099,63,East,68,0,110.12,23.61,6,31,1,3,0,0
4100,37,West,2,1,61.94,41.1,10,32,2,2,0,0
4101,23,South,5,0,59.89,17.41,5,43,1,3,0,1
4102,74,South,37,1,87.17,32.54,3,30,0,2,1,0
4103,28,South,68,0,76.59,22.95,5,78,0,2,0,1
4104,18,East,20,0,69.16,26.93,6,53,1,5,1,1
4105,22,East,55,0,99.77,25.72,2,17,1,3,1,0
4106,43,East,50,0,83.77,17.62,6,61,1,4,0,0
4107,23,North,11,0,57.76,17.54,2,20,2,3,0,0
4108,66,South,21,0,37.41,24.35,2,9,1,1,0,0
4109,47,West,45,1,92.51,20.97,10,29,1,0,0,0
4110,36,South,35,1,105.78,28.42,9,43,0,1,0,0
4111,18,West,17,0,48.37,23.77,3,77,2,5,0,1
4112,45,South,15,0,86.74,28.18,4,59,1,1,0,1
4113,26,South,40,0,71.25,37.03,2,59,1,1,1,0
4114,73,South,59,1,112.41,31.19,9,1,2,4,1,0
4115,34,South,30,1,89.01,35.29,9,63,0,0,0,0
4116,45,West,66,1,95.36,20.06,6,2,0,3,0,0
4117,19,North,48,1,110.6,37.68,7,24,2,3,0,0
4118,25,East,29,1,85.53,27.73,8,55,1,0,0,0
4119,29,East,51,1,93.0,32.53,9,81,0,2,0,0
4120,20,West,32,1,60.36,38.81,8,51,1,1,0,0
4121,59,East,54,1,126.54,39.14,9,67,0,2,1,0
4122,71,West,70,0,95.09,13.37,1,64,0,2,1,0
4123,74,West,56,1,124.6,41.42,10,5,0,2,0,0
4124,33,South,11,0,74.8,24.69,8,65,3,2,0,0
4125,62,West,6,1,99.6,45.14,4,30,3,0,0,0
4126,46,West,58,0,80.54,36.69,7,87,0,3,0,0
4127,20,North,61,0,69.91,37.85,5,81,1,3,1,1
4128,23,East,41,0,91.94,13.6,3,55,2,0,0,0
4129,49,South,18,1,90.95,38.22,10,80,0,1,0,0
4130,42,East,63,1,104.5,22.38,9,66,1,1,0,0
4131,18,North,32,0,87.14,35.41,3,65,1,3,0,1
4132,71,East,21,0,75.12,36.55,1,33,3,3,0,0
4133,59,South,27,0,83.08,32.82,4,11,1,3,0,0
4134,46,East,22,1,75.66,31.6,9,0,3,2,0,0
4135,74,North,21,1,105.16,39.35,4,33,0,0,0,0
4136,73,East,24,1,91.93,30.58,7,15,1,1,0,0
4137,73,South,48,0,100.27,25.11,3,30,0,1,0,0
4138,32,East,2,0,75.52,24.26,5,67,2,1,0,0
4139,68,South,26,1,103.29,19.01,5,66,2,0,1,0
4140,46,North,13,0,64.83,18.52,2,97,2,0,1,0
4141,59,South,47,1,114.14,53.17,5,36,1,3,0,0
4142,66,West,71,0,112.16,24.31,4,10,2,1,0,0
4143,27,North,56,0,97.1,26.28,4,10,1,0,0,0
4144,43,East,18,0,72.04,24.93,3,47,2,2,0,1
4145,25,North,37,1,109.18,31.72,6,70,3,1,0,0
4146,33,East,2,1,73.11,35.29,3,51,2,2,0,0
4147,41,North,30,0,97.71,21.74,5,27,1,1,0,0
4148,66,South,20,1,64.77,16.74,9,80,3,0,0,0
4149,67,South,36,1,98.52,41.29,4,78,0,1,0,0
4150,40,North,29,1,88.41,47.9,0,19,1,3,0,0
4151,36,South,49,1,94.89,25.69,6,76,0,1,1,0
4152,48,South,39,0,84.08,21.7,4,75,0,2,1,0
4153,69,South,67,0,76.62,37.0,2,24,0,2,0,0
4154,73,West,5,1,114.78,28.83,4,75,3,3,0,0
4155,30,South,68,1,93.72,38.1,3,59,1,0,0,0
4156,28,West,57,1,94.23,69.62,9,5,1,0,0,0
4157,58,South,51,1,89.81,40.06,8,34,2,2,0,0
4158,35,North,59,1,112.48,35.55,7,19,1,0,0,0
4159,29,North,4,1,97.22,42.05,7,44,2,1,0,0
4160,19,South,16,1,95.89,41.21,6,12,1,3,1,0
4161,40,South,1,0,82.59,19.7,5,57,2,3,0,1
4162,40,West,57,1,96.09,21.11,4,63,0,0,0,0
4163,50,East,26,0,82.88,29.75,5,40,2,2,0,0
4164,29,East,26,0,68.45,30.95,4,28,2,7,0,0
4165,58,South,44,0,85.42,22.62,3,55,0,2,0,0
4166,56,South,31,1,112.13,48.16,5,6,0,3,0,0
4167,44,East,46,1,77.62,46.56,5,61,0,2,1,0
4168,28,North,67,0,123.37,31.2,4,35,0,6,0,0
4169,46,North,24,0,69.82,22.77,3,116,2,3,0,1
4170,56,South,64,0,67.9,8.27,5,69,0,1,0,0
4171,39,North,38,0,68.61,23.61,5,47,1,8,0,1
4172,33,East,27,0,75.03,10.31,4,67,1,4,0,1
4173,46,North,66,1,102.6,16.14,4,27,0,1,0,0
4174,38,North,35,0,46.78,30.18,5,51,0,2,0,0
4175,40,West,10,0,66.45,34.38,3,98,4,3,0,1
4176,37,West,21,0,59.67,9.4,5,85,0,1,0,0
4177,35,South,61,1,120.27,32.95,8,14,1,1,0,0
4178,58,South,37,0,62.47,24.86,7,21,0,1,0,0
4179,44,East,40,0,113.92,22.66,4,37,1,2,0,1
4180,44,North,49,1,112.2,23.97,7,20,0,4,0,0
4181,55,South,14,0,69.95,35.65,5,93,1,1,0,1
4182,38,North,7,1,92.85,24.19,6,49,2,1,1,1
4183,23,South,32,0,48.68,9.41,8,45,1,1,0,1
4184,66,West,66,1,105.55,24.0,4,85,2,2,0,0
4185,21,East,10,1,111.75,38.85,8,14,0,5,0,1
4186,50,West,52,1,101.2,32.86,9,79,0,2,0,0
4187,33,East,70,1,114.06,28.84,6,71,3,2,1,0
4188,30,East,7,0,56.5,29.22,3,94,1,0,0,0
4189,20,East,10,1,106.97,37.66,10,85,5,3,0,1
4190,69,East,62,1,107.33,16.54,10,43,2,2,0,0
4191,42,South,8,0,45.22,29.14,3,56,0,2,1,1
4192,37,South,53,1,145.18,44.45,7,39,1,2,0,0
4193,60,South,57,1,87.87,34.01,6,23,1,0,0,0
4194,20,North,23,0,70.04,23.12,3,75,1,2,0,1
4195,50,South,21,0,57.87,40.15,3,50,2,2,0,0
4196,46,North,38,1,88.48,29.32,3,61,2,1,0,0
4197,49,East,36,0,62.1,23.67,3,25,1,2,0,0
4198,25,North,62,1,102.9,37.65,8,35,1,2,0,0
4199,72,South,43,1,116.26,35.39,4,66,0,1,0,0
4200,31,South,69,0,65.97,22.82,2,90,0,1,0,0
4201,56,North,18,0,87.91,25.71,5,94,0,3,0,0
4202,60,West,20,1,106.33,47.55,6,72,0,2,0,1
4203,37,South,18,1,96.64,41.46,7,8,0,3,0,0
4204,25,South,47,0,85.39,24.4,3,88,0,2,0,0
4205,34,North,3,0,65.65,18.09,3,54,1,5,0,1
4206,63,West,62,1,132.35,29.15,7,35,2,1,0,0
4207,69,East,55,0,61.31,32.6,1,83,0,3,0,0
4208,71,South,71,1,126.41,22.25,4,19,0,4,0,0
4209,30,North,69,1,103.31,54.23,5,11,0,0,0,0
4210,52,East,6,0,75.39,24.75,2,31,0,0,1,0
4211,26,West,54,0,77.8,13.97,3,105,1,2,0,0
4212,58,South,36,1,108.6,36.46,4,57,0,1,0,0
4213,41,North,53,1,83.27,28.59,5,67,0,4,0,0
4214,58,North,63,1,86.11,31.65,6,18,0,0,0,0
4215,57,North,42,0,79.3,12.91,7,115,0,3,0,1
4216,74,East,1,0,82.03,23.09,1,75,1,3,0,0
4217,45,West,62,1,119.04,18.02,6,42,0,1,0,0
4218,37,West,32,1,103.94,30.2,4,85,1,1,1,0
4219,48,West,33,1,109.4,28.38,6,48,0,0,0,0
4220,27,North,42,1,95.05,30.98,7,2,0,3,0,0
4221,24,West,65,0,101.66,18.89,8,56,0,2,0,0
4222,47,South,38,0,70.3,25.27,7,98,3,3,0,0
4223,65,South,15,0,62.79,32.1,9,90,2,5,0,1
4224,48,East,53,1,103.65,37.88,16,20,0,2,0,0
4225,62,North,45,0,74.32,35.39,4,36,1,3,0,0
4226,28,West,5,0,61.51,21.01,3,67,0,1,0,0
4227,43,West,38,1,95.18,37.6,6,66,2,3,0,1
4228,52,East,56,0,77.39,27.91,6,35,2,3,0,0
4229,37,West,63,0,89.39,34.21,4,89,2,5,0,0
4230,18,South,21,1,92.83,29.16,13,27,1,2,1,0
4231,22,North,38,0,62.5,31.31,8,44,1,4,0,0
4232,70,West,59,0,95.76,18.14,2,102,1,4,0,1
4233,52,East,42,0,73.59,20.44,3,10,3,3,0,0
4234,33,West,30,0,77.97,22.13,1,28,3,3,0,0
4235,32,North,14,1,77.02,38.63,11,82,1,1,1,1
4236,20,South,4,1,97.76,26.3,16,75,2,1,0,0
4237,71,South,49,1,118.84,27.42,5,88,0,1,0,0
4238,24,East,69,1,98.76,29.84,9,28,0,0,1,0
4239,61,West,43,0,89.37,25.39,5,90,0,1,1,1
4240,31,West,56,1,129.69,27.51,7,20,1,4,0,0
4241,37,South,49,0,70.28,27.11,4,101,1,3,0,0
4242,33,South,25,1,79.47,32.14,2,68,2,1,0,0
4243,64,North,38,1,110.03,40.26,4,71,2,1,1,0
4244,19,North,20,1,70.39,35.5,7,26,2,2,0,0
4245,38,South,16,0,56.34,39.02,10,35,0,3,0,0
4246,33,East,42,1,85.78,35.97,4,2,1,0,1,0
4247,33,South,46,1,114.21,25.25,6,5,3,3,0,0
4248,28,South,71,0,85.11,23.3,2,41,4,2,0,0
4249,70,East,17,1,84.23,35.17,8,19,0,1,0,0
4250,39,West,21,0,59.28,17.73,3,81,1,0,0,0
4251,41,North,12,0,83.23,37.14,5,52,1,1,0,0
4252,39,South,68,0,81.11,22.52,2,64,1,5,1,0
4253,73,East,56,0,66.89,19.84,4,80,1,1,0,0
4254,37,East,24,0,50.3,26.45,9,56,1,2,1,0
4255,37,West,69,0,104.9,17.75,3,65,1,1,0,0
4256,36,North,50,0,96.49,32.73,4,47,1,2,0,0
4257,36,South,34,0,95.73,31.12,4,45,0,1,1,1
4258,23,West,28,1,75.09,36.04,5,16,0,2,0,0
4259,52,South,41,1,97.03,39.73,8,72,1,1,0,0
4260,19,South,7,1,119.91,31.0,6,23,0,0,0,0
4261,30,West,13,0,61.97,12.98,2,39,1,5,0,0
4262,29,North,67,1,105.05,32.4,4,7,1,3,0,0
4263,34,East,15,1,87.18,30.99,6,58,0,0,0,0
4264,61,West,12,0,73.95,8.71,0,50,1,3,0,0
4265,52,North,62,0,98.7,16.54,3,57,1,1,0,0
4266,74,East,68,0,84.78,15.16,3,40,1,4,0,0
4267,38,South,59,0,80.72,16.57,10,82,2,1,0,0
4268,70,West,8,0,59.55,35.67,1,52,0,3,0,0
4269,20,West,60,1,99.05,39.1,9,72,1,2,0,0
4270,46,West,19,0,50.98,32.72,5,68,1,1,0,1
4271,63,North,1,1,107.62,39.08,6,37,3,0,0,0
4272,48,East,66,0,86.9,33.66,3,56,0,3,0,0
4273,71,West,20,1,84.75,35.22,6,32,0,2,0,0
4274,35,East,47,1,98.71,47.13,5,68,5,0,0,0
4275,19,East,6,0,61.79,15.15,3,90,0,2,0,0
4276,62,North,14,0,73.52,24.46,1,44,0,0,1,0
4277,21,West,63,0,84.52,16.8,3,27,1,2,0,0
4278,61,North,43,1,118.59,44.93,7,15,1,0,0,0
4279,59,South,71,0,104.47,28.36,0,24,0,3,1,0
4280,66,West,13,0,63.64,34.49,3,84,2,2,0,1
4281,45,West,64,1,102.01,23.77,4,31,0,0,0,0
4282,69,West,63,1,127.77,30.18,15,6,4,1,1,0
4283,27,South,66,1,110.57,20.73,4,78,2,1,0,0
4284,42,North,4,1,63.36,37.89,6,8,1,4,0,0
4285,24,South,8,1,99.32,31.57,4,63,1,4,0,0
4286,61,North,38,1,88.11,41.04,4,66,1,0,1,0
4287,58,West,9,0,77.53,25.25,1,30,2,4,0,1
4288,63,East,5,0,24.79,7.96,4,76,2,2,0,1
4289,61,South,58,0,83.47,11.72,2,40,2,0,0,0
4290,35,North,50,1,122.4,35.66,8,4,0,2,0,0
4291,21,South,60,1,110.08,38.73,13,66,1,1,0,0
4292,70,West,67,0,102.47,7.27,2,36,1,4,0,0
4293,46,East,11,0,51.97,24.33,3,73,0,4,0,1
4294,23,North,60,1,115.22,26.86,7,35,1,3,0,0
4295,70,North,4,1,82.06,26.12,6,88,1,0,0,0
4296,74,South,27,0,77.15,19.76,2,37,2,0,0,0
4297,43,North,22,0,101.59,25.99,2,36,1,1,0,0
4298,61,West,17,1,108.07,29.35,6,81,1,1,1,0
4299,20,East,52,0,97.88,9.11,4,84,0,1,1,0
4300,23,North,9,1,96.57,35.93,10,23,0,0,0,0
4301,33,West,58,1,95.36,32.19,11,9,0,2,0,0
4302,55,South,63,1,104.43,27.49,6,88,1,1,0,0
4303,25,North,48,1,81.01,32.54,5,15,1,3,0,0
4304,19,East,6,1,63.96,32.22,10,27,0,3,0,0
4305,56,North,43,0,68.2,25.35,2,98,2,1,0,0
4306,61,South,45,0,82.06,23.02,3,6,0,2,0,0
4307,60,West,27,0,55.12,26.32,6,44,2,4,0,0
4308,63,West,27,1,92.91,34.61,5,30,1,1,0,0
4309,63,South,34,1,94.69,41.56,7,13,0,2,1,0
4310,52,East,71,0,78.49,37.68,5,59,1,3,0,0
4311,47,North,1,1,103.38,34.88,6,72,0,0,0,0
4312,66,East,37,0,58.63,20.03,2,72,0,6,0,0
4313,37,North,23,0,88.26,13.51,5,30,2,1,0,0
4314,23,East,39,0,45.69,30.17,4,76,0,4,0,0
4315,60,North,1,1,78.37,27.78,1,74,2,1,0,0
4316,33,West,66,0,75.04,43.78,5,49,1,2,0,0
4317,73,West,33,1,86.68,57.23,3,72,2,2,0,0
4318,41,South,69,0,121.65,23.3,6,88,0,2,0,1
4319,66,East,11,0,60.3,11.68,1,38,1,3,1,0
4320,20,North,42,1,84.43,40.23,10,4,0,0,0,0
4321,55,East,49,0,91.81,41.79,1,24,1,0,0,0
4322,43,South,57,0,83.16,14.5,1,61,1,0,0,0
4323,44,North,1,0,62.76,40.18,5,74,3,2,0,1
4324,33,East,46,1,89.28,20.21,7,55,2,3,0,0
4325,73,South,11,0,52.52,13.37,1,71,0,2,0,1
4326,40,South,31,0,63.68,27.47,4,31,0,4,0,0
4327,66,South,4,0,73.98,33.13,0,34,0,5,0,0
4328,42,North,5,1,79.1,34.47,10,68,0,3,0,0
4329,20,North,55,0,71.78,28.6,6,57,0,4,0,0
4330,68,East,51,0,87.93,33.84,3,34,0,2,0,0
4331,28,East,64,0,93.19,34.76,4,86,1,1,0,0
4332,33,North,50,0,93.6,20.02,6,48,0,4,1,0
4333,67,South,43,0,74.27,18.09,6,84,0,2,0,0
4334,68,East,9,1,83.34,43.43,6,59,3,1,0,0
4335,70,East,55,0,93.83,28.63,6,37,0,2,0,0
4336,42,West,17,1,73.36,39.71,7,51,1,0,0,0
4337,61,South,8,0,77.29,19.71,4,64,1,0,0,0
4338,36,East,52,1,106.25,40.1,4,66,0,2,0,0
4339,60,East,42,1,84.48,26.24,9,35,1,2,1,0
4340,46,South,11,0,48.87,26.98,2,73,1,2,2,1
4341,20,North,39,0,78.01,25.89,3,40,1,4,0,0
4342,41,North,50,1,96.75,35.95,7,3,1,0,0,0
4343,44,West,36,1,109.32,41.25,7,88,2,3,0,0
4344,32,North,51,1,101.2,26.84,5,33,0,2,0,0
4345,39,East,36,0,82.55,30.42,2,84,2,2,1,1
4346,46,East,26,1,80.27,35.17,4,46,0,3,0,0
4347,20,South,16,0,67.66,18.67,4,87,2,2,0,1
4348,26,West,19,0,89.23,14.43,6,84,1,2,1,1
4349,61,East,58,1,106.78,50.11,9,24,0,2,1,0
4350,38,North,27,0,65.21,24.44,5,65,0,3,0,0
4351,52,East,51,0,72.54,22.16,2,56,2,1,0,0
4352,50,South,26,0,72.72,15.85,3,7,0,2,0,0
4353,49,South,38,0,100.14,33.71,5,87,0,3,1,1
4354,41,East,44,1,81.55,43.09,3,82,0,0,0,0
4355,45,East,34,0,76.25,31.55,5,12,0,3,0,0
4356,64,South,53,0,60.79,24.51,3,78,3,3,1,1
4357,73,West,66,1,106.84,41.01,9,37,0,4,0,0
4358,32,East,62,0,94.94,18.41,3,61,0,2,0,0
4359,56,East,66,0,69.29,26.74,7,62,0,2,0,0
4360,73,North,3,1,74.83,34.57,11,52,1,1,0,0
4361,18,North,54,0,91.36,27.14,0,16,0,2,0,0
4362,62,South,52,1,107.97,20.49,8,86,0,1,1,0
4363,46,East,30,0,80.08,39.96,6,52,1,3,0,0
4364,73,South,23,1,76.88,47.95,11,13,2,1,0,0
4365,50,East,4,1,86.35,25.8,8,41,1,1,1,0
4366,65,North,60,1,101.0,39.62,6,64,1,2,1,0
4367,27,East,60,0,100.71,13.1,2,40,0,3,0,0
4368,26,West,6,0,28.34,25.67,3,23,2,4,1,0
4369,70,East,42,0,76.66,7.43,1,8,0,2,0,0
4370,48,East,40,1,101.48,32.66,4,2,1,3,0,0
4371,49,West,13,0,86.74,21.1,5,29,0,5,0,0
4372,27,North,39,0,80.8,34.25,5,12,1,3,0,0
4373,30,East,58,0,91.82,38.35,5,77,1,3,0,0
4374,64,West,24,0,77.63,38.53,1,24,2,2,0,0
4375,35,East,52,0,104.8,34.27,4,70,1,4,0,0
4376,51,North,69,0,88.77,25.66,2,11,1,3,1,0
4377,36,West,33,1,75.45,38.11,8,54,0,1,0,0
4378,33,North,8,0,40.08,28.07,4,69,3,1,0,1
4379,27,South,22,1,100.96,25.56,8,47,1,1,0,0
4380,70,North,10,1,88.35,44.17,5,63,2,1,0,0
4381,71,South,26,0,69.15,30.52,7,87,0,4,0,0
4382,24,South,46,1,94.21,40.89,11,71,0,3,0,0
4383,38,South,15,0,70.21,6.75,5,39,0,5,0,0
4384,50,West,37,0,81.65,28.62,7,46,0,2,0,0
4385,39,South,71,0,102.7,33.05,3,13,0,5,0,0
4386,59,South,19,0,52.87,24.88,6,45,3,0,0,1
4387,32,West,63,1,85.04,30.99,9,7,1,1,0,0
4388,21,West,22,0,57.3,14.1,9,30,0,3,0,0
4389,37,North,44,0,61.73,13.53,7,53,1,3,0,0
4390,52,North,12,0,44.96,26.23,5,51,2,2,0,0
4391,28,East,20,0,93.55,23.12,7,20,1,3,0,0
4392,64,West,62,1,76.99,33.01,11,86,1,0,0,0
4393,18,East,42,0,88.05,37.23,7,68,1,4,0,0
4394,21,North,41,1,114.1,24.95,10,36,1,2,0,0
4395,47,East,37,0,93.31,22.23,7,87,1,2,0,1
4396,47,East,18,0,73.16,38.55,1,61,2,5,1,0
4397,34,East,66,0,112.8,22.5,2,25,1,1,0,0
4398,32,West,28,0,100.75,25.53,4,77,0,0,0,0
4399,21,West,1,0,55.97,23.6,7,41,0,3,0,0
4400,55,East,65,1,119.21,40.65,10,46,0,2,0,0
4401,39,East,4,1,101.14,18.56,3,52,2,0,0,1
4402,24,East,63,1,98.57,33.37,4,38,0,2,0,0
4403,40,South,19,1,85.83,35.44,3,44,1,1,1,0
4404,71,South,5,1,73.11,27.01,6,14,2,4,0,0
4405,32,East,16,0,74.91,27.75,6,37,1,2,1,0
4406,68,East,47,0,55.03,31.29,3,87,0,4,0,0
4407,32,South,39,0,101.05,28.62,8,41,3,2,0,0
4408,28,North,11,1,93.51,49.23,6,61,2,2,0,0
4409,32,East,22,1,99.85,31.53,6,54,2,1,1,0
4410,36,East,15,0,32.05,28.99,3,89,3,3,1,1
4411,24,South,47,0,67.9,28.81,2,12,1,4,0,0
4412,51,South,62,1,133.36,33.12,10,50,0,2,0,0
4413,37,North,19,1,86.84,44.07,10,55,0,1,0,0
4414,58,West,64,0,66.14,27.31,3,32,1,1,1,0
4415,45,West,29,0,77.82,15.39,4,72,0,3,0,0
4416,43,East,6,1,93.19,41.0,4,75,2,3,0,0
4417,44,South,23,1,99.47,31.01,8,86,1,1,0,0
4418,26,East,63,0,89.24,22.42,2,13,1,3,0,0
4419,58,South,58,0,106.03,23.01,2,20,0,3,0,0
4420,23,West,52,1,95.47,40.88,9,28,2,3,1,0
4421,59,North,29,1,102.6,43.63,3,79,2,2,0,1
4422,74,North,56,0,90.03,23.72,0,63,1,0,1,0
4423,61,East,51,1,103.5,33.27,4,5,0,0,0,0
4424,43,North,57,1,102.82,18.62,5,46,2,2,0,0
4425,35,East,40,0,74.85,19.32,5,81,2,3,0,1
4426,67,West,37,0,78.98,17.43,5,80,1,5,0,0
4427,32,North,69,0,90.11,27.49,1,48,0,2,0,0
4428,45,South,68,1,125.0,34.14,10,52,0,0,0,0
4429,61,East,39,1,91.46,27.73,7,82,1,2,0,0
4430,70,West,15,0,91.02,26.22,2,62,0,0,0,0
4431,70,South,30,0,66.29,24.46,3,25,0,2,0,0
4432,23,North,36,1,111.8,14.68,12,52,0,1,0,0
4433,69,East,49,1,118.95,43.86,12,41,1,1,0,0
4434,24,South,23,1,93.99,43.09,7,29,1,1,0,0
4435,51,East,4,0,63.15,23.1,3,107,1,1,1,0
4436,70,East,59,0,78.57,27.82,3,89,5,5,0,1
4437,55,North,68,0,86.24,22.4,2,18,0,1,1,0
4438,72,East,6,0,66.3,12.16,5,38,2,1,0,0
4439,37,South,23,1,90.82,52.31,7,40,1,1,0,0
4440,35,North,31,0,93.25,31.0,1,69,1,1,0,1
4441,36,East,54,1,100.18,42.52,10,25,1,1,0,0
4442,38,West,55,0,81.59,22.72,2,97,0,2,0,0
4443,56,East,25,1,67.53,44.01,7,68,0,1,1,0
4444,43,South,23,1,101.15,24.04,10,8,3,2,0,0
4445,60,East,29,0,82.8,23.04,1,44,2,1,0,0
4446,41,South,18,0,83.66,30.92,4,65,1,4,0,0
4447,35,East,31,0,91.0,19.99,2,72,1,5,0,0
4448,28,South,19,0,81.33,32.29,3,40,5,6,0,0
4449,49,North,5,0,74.97,27.43,2,28,1,7,1,1
4450,69,South,51,0,94.65,26.68,4,80,2,3,0,1
4451,66,West,56,0,99.46,19.24,2,40,2,2,0,0
4452,32,North,21,0,42.87,28.24,5,64,0,0,0,0
4453,45,West,29,0,58.0,40.46,4,40,1,3,0,0
4454,58,East,29,0,55.55,26.4,3,89,2,1,0,1
4455,52,South,2,1,100.05,39.45,10,56,2,0,0,0
4456,21,North,39,1,87.76,40.63,9,33,0,0,0,0
4457,51,North,33,0,67.16,15.84,6,20,0,2,1,1
4458,20,North,67,0,93.6,23.94,7,100,1,3,0,0
4459,24,East,27,0,54.84,23.7,1,78,1,4,0,0
4460,55,West,57,1,114.21,18.0,7,38,0,3,0,0
4461,23,West,28,1,62.04,41.31,7,13,1,0,0,0
4462,37,North,14,1,69.34,27.55,4,89,1,3,1,0
4463,51,North,25,0,75.48,30.44,1,112,1,3,0,0
4464,55,North,63,0,72.88,18.94,3,32,0,4,0,0
4465,43,West,19,0,88.99,41.34,4,19,0,4,1,0
4466,23,North,60,1,110.69,32.77,7,46,1,2,1,0
4467,63,North,48,0,100.98,40.37,1,80,0,1,1,0
4468,72,East,53,1,111.87,33.62,5,53,1,3,0,0
4469,68,East,54,0,86.82,24.57,4,70,2,1,0,0
4470,60,North,37,1,83.55,47.53,3,70,0,2,0,0
4471,40,East,43,1,115.44,27.66,9,66,0,1,1,0
4472,67,North,5,0,69.12,25.4,6,28,0,3,2,0
4473,45,North,50,0,116.27,29.32,7,96,1,2,0,0
4474,25,North,51,1,117.93,38.23,4,64,1,3,1,0
4475,66,South,8,1,78.04,35.34,6,65,0,2,0,0
4476,36,West,37,0,82.84,24.25,7,53,0,6,0,0
4477,71,East,37,0,84.83,31.77,4,60,1,2,0,0
4478,38,East,22,1,108.44,36.41,8,34,0,0,1,0
4479,67,South,5,1,102.33,42.73,3,25,2,1,1,0
4480,48,East,1,0,58.07,28.14,4,35,2,7,0,1
4481,44,West,15,1,69.27,40.2,9,6,0,0,0,0
4482,34,South,17,0,40.69,34.07,8,23,1,6,0,0
4483,65,West,16,0,50.91,22.52,4,51,2,3,0,0
4484,21,East,44,1,93.12,43.85,3,56,0,1,0,0
4485,44,East,30,1,117.57,33.75,8,72,0,1,1,0
4486,39,North,8,0,86.79,13.79,4,9,0,2,1,1
4487,48,East,6,1,97.4,32.37,7,43,0,1,0,0
4488,32,South,47,0,101.96,19.22,4,15,1,4,0,1
4489,55,West,67,1,102.89,38.0,10,16,0,1,0,0
4490,39,West,59,1,86.77,32.71,11,82,0,1,0,0
4491,28,South,54,1,91.9,36.02,4,62,0,1,0,0
4492,29,West,23,0,40.98,33.11,5,15,2,3,0,0
4493,57,West,50,0,68.29,36.89,8,60,0,7,0,0
4494,32,East,6,0,55.41,27.34,1,26,1,0,0,0
4495,35,North,13,1,89.0,43.69,4,6,0,1,0,0
4496,53,North,10,0,67.03,23.58,1,56,2,2,0,1
4497,36,North,14,1,76.66,22.49,9,82,1,1,0,0
4498,40,North,26,1,101.53,25.57,11,19,0,2,0,0
4499,31,West,4,0,51.94,23.43,6,10,1,1,0,0
4500,37,North,58,1,109.15,41.36,7,36,0,1,0,0
4501,57,East,51,0,68.85,23.46,3,76,0,0,0,0
4502,48,East,46,1,119.33,44.49,7,56,0,0,0,0
4503,74,East,13,0,66.81,39.65,5,24,1,3,0,0
4504,61,North,62,1,121.18,27.89,6,24,3,2,0,0
4505,18,East,1,0,42.26,42.0,3,94,2,4,0,1
4506,39,East,71,1,118.12,21.92,5,9,0,3,0,0
4507,34,East,52,1,114.59,49.79,6,85,1,3,0,0
4508,51,North,15,1,56.84,34.73,5,14,4,0,0,0
4509,33,East,14,1,104.52,33.14,5,70,3,0,0,0
4510,73,North,50,1,86.26,34.94,3,10,1,0,1,0
4511,35,East,58,1,112.16,28.6,10,43,1,4,0,0
4512,47,South,34,1,123.82,47.01,7,45,1,0,0,0
4513,25,North,5,0,76.82,19.46,5,108,0,3,0,0
4514,69,West,36,1,75.65,30.48,4,8,1,3,0,0
4515,69,North,35,0,74.83,13.97,4,40,1,3,0,0
4516,63,West,24,0,90.5,19.15,4,53,1,3,0,0
4517,38,West,65,1,100.25,29.4,9,22,2,0,0,0
4518,21,South,25,0,67.1,18.86,2,42,1,1,0,0
4519,58,South,18,0,63.18,23.59,4,47,1,2,0,0
4520,42,North,49,0,93.05,16.08,6,99,0,1,0,0
4521,74,West,44,0,58.95,37.76,4,58,1,1,0,0
4522,57,East,45,1,111.89,33.78,2,76,3,2,0,0
4523,48,North,36,1,88.66,37.99,7,20,0,1,1,0
4524,74,South,23,1,91.33,41.89,3,71,0,3,0,0
4525,63,North,19,1,86.13,51.2,11,87,1,1,0,0
4526,44,East,9,1,93.5,42.28,10,64,2,6,0,1
4527,19,South,14,0,66.68,23.02,1,55,2,1,0,1
4528,23,North,42,1,122.61,26.42,6,85,1,2,0,0
4529,43,West,29,0,89.34,27.7,4,86,0,1,0,0
4530,50,North,53,1,94.57,43.5,6,22,0,4,0,0
4531,19,East,58,0,109.48,26.14,1,47,0,1,1,0
4532,25,East,40,1,104.79,35.52,6,82,1,1,0,0
4533,58,West,8,1,86.55,36.71,5,0,1,0,1,0
4534,60,South,1,1,93.22,20.04,7,41,2,0,0,0
4535,19,West,17,0,52.88,26.17,2,17,2,1,0,0
4536,46,South,21,0,49.81,30.86,8,29,5,4,0,1
4537,22,West,6,1,83.37,34.63,5,89,1,1,0,0
4538,59,North,56,0,78.91,33.99,3,57,0,5,0,1
4539,65,East,27,1,124.61,44.26,11,68,2,1,0,0
4540,67,North,53,0,75.04,20.97,4,78,0,1,2,0
4541,52,West,15,1,88.1,38.53,7,85,1,1,0,0
4542,53,West,1,0,63.38,25.34,2,69,1,0,0,0
4543,70,South,10,0,83.47,8.77,5,85,4,1,0,1
4544,52,South,34,0,62.08,23.5,6,59,0,4,1,0
4545,43,East,35,1,73.32,26.75,7,7,1,0,0,0
4546,61,North,32,0,96.92,26.07,7,49,0,2,0,0
4547,51,East,69,0,95.71,30.46,6,51,0,2,1,0
4548,66,East,47,0,95.65,23.26,3,78,0,0,1,0
4549,47,South,52,1,118.85,27.8,8,66,1,4,1,0
4550,67,North,9,0,79.95,26.87,4,55,1,2,1,0
4551,20,West,34,1,91.33,54.55,6,23,1,1,0,0
4552,20,North,45,1,92.77,17.62,4,73,0,1,0,0
4553,23,East,42,1,71.06,36.86,5,76,0,1,0,0
4554,49,North,68,0,79.08,20.65,4,40,0,4,0,0
4555,58,North,34,1,97.93,31.59,12,71,0,0,0,0
4556,30,North,27,1,82.98,34.16,12,18,1,0,0,0
4557,26,South,68,0,76.89,22.25,7,85,1,3,0,0
4558,67,East,24,0,72.76,29.81,4,19,0,2,0,0
4559,60,South,41,0,100.64,23.07,3,26,0,2,0,0
4560,54,East,3,1,80.66,17.7,0,14,2,2,0,0
4561,45,East,12,0,49.01,35.24,4,82,0,3,0,0
4562,41,North,5,1,101.59,44.03,6,51,1,0,0,0
4563,19,North,30,1,83.39,30.15,4,14,0,1,0,0
4564,28,East,67,1,135.69,35.4,6,11,0,2,1,0
4565,69,East,6,1,79.05,44.74,6,11,1,3,0,0
4566,37,East,70,1,116.55,43.27,3,34,0,0,0,0
4567,58,North,62,1,134.41,45.86,8,1,1,3,0,0
4568,58,West,1,1,60.23,38.0,7,40,0,2,0,0
4569,35,North,2,1,65.25,41.16,4,80,3,0,0,0
4570,29,East,64,0,87.1,36.27,4,38,3,2,0,1
4571,57,North,42,1,98.9,32.25,7,9,0,1,0,0
4572,23,East,13,0,106.13,28.52,3,50,1,3,1,0
4573,46,South,68,0,80.68,7.83,2,106,1,3,0,1
4574,68,East,40,1,80.44,22.36,4,67,2,1,0,0
4575,58,North,46,1,88.96,39.0,10,49,1,1,0,0
4576,61,East,49,0,87.98,30.22,2,66,1,2,0,0
4577,22,North,15,0,74.88,21.9,5,67,1,1,0,0
4578,29,East,26,0,62.39,20.15,4,27,1,1,0,0
4579,33,North,10,1,85.32,32.16,3,33,1,3,0,0
4580,34,North,38,1,128.18,36.53,6,35,2,1,0,0
4581,29,East,71,0,96.03,6.49,1,55,1,1,1,0
4582,73,North,45,0,87.31,28.72,4,23,0,0,1,0
4583,27,North,50,1,133.33,35.26,11,13,2,0,0,0
4584,58,West,14,1,76.53,36.98,3,2,0,1,0,0
4585,51,West,39,1,88.05,34.01,7,41,0,2,0,0
4586,52,West,71,0,88.45,13.94,3,84,1,0,0,0
4587,30,South,7,1,75.58,26.21,12,32,1,0,0,0
4588,35,South,15,0,40.18,37.19,3,102,2,4,0,1
4589,52,East,52,0,88.07,19.86,5,47,1,3,0,1
4590,35,North,1,0,63.75,31.46,2,46,1,4,0,1
4591,57,East,15,0,64.71,16.34,6,47,2,5,0,0
4592,20,North,68,0,97.71,24.88,4,30,3,0,0,0
4593,22,West,2,1,84.87,31.47,13,21,1,1,0,0
4594,59,East,31,1,75.76,32.7,3,27,0,1,0,0
4595,53,South,24,1,96.33,32.28,12,85,0,0,1,0
4596,20,South,29,1,102.88,46.55,4,59,1,0,0,0
4597,69,North,19,1,65.54,50.42,7,49,0,1,0,0
4598,18,South,20,0,91.95,26.9,8,86,4,3,0,0
4599,72,East,55,0,68.96,21.7,2,48,0,1,0,0
4600,59,East,2,0,43.93,14.37,5,67,1,1,0,0
4601,74,South,10,1,88.03,23.82,3,54,3,0,0,0
4602,72,North,19,1,97.52,46.59,9,89,0,1,0,0
4603,35,East,59,1,121.17,23.25,6,83,1,0,0,0
4604,61,South,28,0,82.41,21.48,5,57,4,3,0,0
4605,30,North,3,1,73.7,36.24,6,61,1,2,0,0
4606,44,West,37,0,80.13,4.19,4,8,1,0,1,0
4607,31,South,45,0,77.75,15.0,4,46,2,3,2,1
4608,45,South,33,0,79.11,14.29,10,65,1,4,0,1
4609,67,West,7,1,84.53,29.67,11,29,0,1,0,0
4610,42,South,63,1,103.93,37.07,12,27,0,2,0,0
4611,23,West,61,1,105.29,43.22,10,68,0,2,0,0
4612,36,East,65,0,64.72,19.69,4,88,2,2,0,1
4613,62,East,69,1,126.95,31.31,6,32,0,1,0,0
4614,47,North,23,0,75.96,24.04,1,35,2,1,0,0
4615,49,North,30,0,40.4,18.56,5,108,2,3,0,1
4616,42,South,69,1,126.4,38.34,8,44,1,1,1,0
4617,34,North,32,1,95.2,38.59,7,9,1,2,0,0
4618,52,North,62,1,96.95,13.23,7,37,2,4,0,0
4619,54,East,46,0,67.62,30.12,3,61,0,2,0,0
4620,69,East,66,1,102.68,36.02,4,67,0,0,0,0
4621,53,North,1,0,46.53,27.07,1,92,1,4,0,0
4622,74,East,51,1,93.54,44.44,4,79,1,1,0,1
4623,65,West,57,0,114.01,10.71,2,51,1,6,0,0
4624,22,East,15,1,93.07,24.96,15,14,2,3,0,1
4625,40,West,53,0,117.04,24.44,3,27,1,4,1,0
4626,39,East,14,1,90.39,16.43,6,89,0,1,0,1
4627,18,North,65,1,121.19,33.31,2,24,0,3,0,0
4628,28,South,65,1,99.29,41.77,13,58,1,1,0,0
4629,61,West,1,0,57.98,28.17,3,116,1,3,0,0
4630,38,East,37,0,77.27,25.63,3,87,1,2,0,1
4631,26,West,28,0,83.3,23.14,1,37,1,2,0,1
4632,34,West,64,0,91.26,21.58,10,21,1,3,1,0
4633,33,North,23,1,96.77,31.12,10,1,1,1,0,0
4634,27,South,52,1,110.73,36.83,5,26,1,2,0,0
4635,23,East,9,0,59.96,12.59,3,37,2,1,1,0
4636,61,North,16,1,81.91,46.7,7,89,0,2,0,0
4637,64,East,70,1,104.97,29.1,8,78,1,2,0,0
4638,46,West,28,0,90.23,29.46,4,39,0,3,1,0
4639,53,East,55,1,102.96,35.64,8,19,0,0,0,0
4640,70,South,69,1,119.43,25.77,10,11,0,1,0,0
4641,66,East,69,0,92.15,35.34,2,54,1,3,0,0
4642,19,North,2,1,96.94,43.65,3,27,1,1,0,0
4643,72,West,17,1,58.68,22.43,8,9,2,0,0,0
4644,21,North,51,0,90.04,24.41,5,96,2,6,0,1
4645,19,West,66,0,74.18,26.66,3,18,0,1,1,0
4646,40,South,70,1,120.86,18.43,11,16,1,1,0,0
4647,60,South,52,1,103.8,18.04,6,36,0,2,0,0
4648,22,South,8,0,41.82,18.33,4,70,0,1,0,1
4649,34,North,53,0,91.56,14.49,3,58,0,3,0,0
4650,32,South,20,1,93.36,26.65,11,57,1,1,0,0
4651,40,West,58,0,85.53,14.5,3,64,0,2,0,0
4652,74,West,39,1,97.93,34.02,11,35,2,1,0,0
4653,36,North,14,0,69.42,17.86,6,109,1,0,0,1
4654,29,East,60,1,127.67,43.91,7,55,0,3,1,0
4655,24,West,71,0,90.79,26.44,7,37,0,1,1,0
4656,29,West,36,1,113.2,41.35,4,45,1,0,0,0
4657,25,South,58,0,88.44,11.49,3,26,2,4,0,1
4658,50,North,5,1,101.94,29.97,5,86,2,2,0,1
4659,41,West,20,0,66.47,26.09,2,79,1,6,0,0
4660,46,South,10,0,55.01,28.62,3,97,3,2,0,1
4661,65,South,21,0,54.03,19.82,4,19,1,3,0,1
4662,51,East,27,1,92.99,30.99,6,76,1,1,0,1
4663,26,North,31,1,83.6,31.87,5,9,1,2,0,0
4664,39,West,23,0,92.57,22.62,4,33,2,1,0,0
4665,35,North,39,0,66.43,42.31,5,109,1,1,0,0
4666,65,East,16,1,77.65,37.51,3,37,0,1,0,0
4667,35,West,25,1,101.22,35.32,6,39,2,3,0,0
4668,25,West,60,1,127.79,24.93,6,48,0,2,0,0
4669,59,West,40,0,90.97,15.12,5,114,0,1,0,1
4670,42,West,2,1,96.88,33.29,9,42,1,1,0,0
4671,23,North,24,0,70.8,34.04,4,6,0,3,0,0
4672,57,West,59,0,88.51,23.41,3,55,3,2,0,1
4673,29,West,13,0,96.68,23.75,12,62,1,2,0,0
4674,67,South,66,0,118.35,19.05,1,91,0,2,0,0
4675,65,South,22,0,81.71,11.07,2,33,2,4,0,0
4676,39,North,45,0,99.1,28.5,2,85,2,4,2,0
4677,49,East,34,1,109.88,32.97,6,82,0,1,1,0
4678,50,East,45,0,64.41,28.57,1,88,0,6,0,0
4679,55,South,57,1,107.91,36.24,9,3,3,2,0,0
4680,21,South,11,0,87.95,17.29,6,68,1,2,1,1
4681,36,East,26,1,103.81,36.8,5,49,3,1,0,0
4682,27,North,41,0,79.55,14.67,2,75,1,0,0,0
4683,57,West,19,0,92.13,26.74,3,86,1,3,0,0
4684,21,South,27,1,99.04,34.5,5,81,3,2,0,0
4685,47,North,63,1,122.83,47.32,4,71,1,1,0,0
4686,59,North,17,0,74.12,18.06,4,80,0,6,0,0
4687,72,West,14,1,95.12,24.38,9,81,1,1,0,0
4688,34,West,42,1,110.19,31.69,2,14,1,1,0,0
4689,18,North,8,0,83.5,29.87,5,54,1,1,0,0
4690,59,North,1,0,81.95,2.62,3,62,1,2,1,1
4691,18,South,62,0,84.23,32.0,1,67,0,3,0,0
4692,21,North,20,1,95.33,33.33,10,61,0,0,0,0
4693,74,East,9,1,103.57,25.86,3,70,2,3,0,0
4694,67,North,47,1,101.53,32.06,7,3,1,1,0,0
4695,58,East,35,0,57.87,19.07,5,55,1,3,0,0
4696,65,South,33,1,82.87,25.2,8,54,0,2,0,1
4697,22,South,32,1,83.41,19.49,4,5,1,1,0,0
4698,23,South,11,1,78.63,40.84,6,74,3,1,0,1
4699,35,North,61,0,79.31,20.52,8,98,0,4,0,0
4700,19,North,1,1,95.94,31.87,6,21,4,1,0,0
4701,68,North,35,1,93.35,41.76,4,69,0,2,0,0
4702,21,North,20,0,88.92,25.45,4,51,0,2,0,0
4703,49,West,46,1,86.05,22.52,8,86,0,0,1,0
4704,66,North,39,1,94.2,40.38,9,77,0,1,0,0
4705,59,South,28,1,95.56,46.87,7,34,0,1,1,0
4706,31,North,38,0,91.16,29.02,4,83,0,4,0,0
4707,44,East,17,1,105.65,28.08,8,59,0,0,0,0
4708,49,West,10,1,76.93,23.22,11,86,0,1,0,1
4709,61,West,65,1,127.4,27.79,7,74,0,1,0,0
4710,42,East,44,1,76.77,35.82,7,82,1,0,0,1
4711,34,West,47,1,116.57,46.41,9,68,1,1,2,0
4712,63,South,71,0,75.38,18.93,3,30,1,5,0,0
4713,68,West,65,1,119.2,29.81,5,71,2,3,0,0
4714,45,West,42,1,117.94,43.17,8,25,1,0,0,0
4715,19,North,57,1,121.81,31.53,6,53,1,3,0,0
4716,46,South,38,0,54.41,38.71,2,33,1,4,0,0
4717,68,North,17,0,61.79,23.82,4,90,2,1,0,1
4718,74,North,45,1,113.25,44.34,6,18,0,1,1,1
4719,40,West,65,1,122.82,38.06,2,59,2,0,1,0
4720,26,North,63,1,115.64,40.66,4,65,0,3,0,0
4721,50,East,36,1,64.98,33.58,8,1,0,1,0,0
4722,65,West,68,1,131.97,34.11,8,56,1,0,0,0
4723,71,South,15,0,88.14,28.35,2,70,1,4,0,0
4724,20,South,3,1,83.96,41.39,13,59,2,1,0,1
4725,34,East,29,0,77.93,29.21,6,57,1,3,2,1
4726,45,West,15,0,75.05,10.86,7,77,2,1,0,0
4727,23,North,68,1,135.91,37.06,6,31,0,3,0,0
4728,68,North,9,1,88.26,29.75,6,11,0,0,0,0
4729,24,East,38,1,96.13,30.63,6,61,1,1,0,0
4730,55,West,55,1,113.22,38.66,7,30,1,2,0,0
4731,70,South,8,0,63.83,38.58,1,58,4,2,0,1
4732,57,South,4,0,62.0,23.14,5,36,2,3,0,0
4733,61,West,40,0,53.51,40.78,5,72,1,4,1,0
4734,33,North,65,0,100.34,16.22,6,19,0,1,0,0
4735,65,North,2,0,78.57,34.85,5,46,1,2,0,0
4736,41,East,2,0,76.31,28.45,4,75,1,0,0,0
4737,21,North,66,1,127.26,36.67,5,64,0,0,0,0
4738,38,North,43,1,100.7,46.07,2,75,0,2,0,1
4739,37,East,50,0,87.19,19.91,2,32,1,1,0,0
4740,47,East,20,1,107.87,45.22,3,70,2,0,0,0
4741,33,South,23,0,84.51,23.33,4,111,1,3,0,1
4742,44,South,34,0,99.3,19.86,2,25,0,3,0,0
4743,42,East,16,1,77.91,24.39,10,75,0,3,0,1
4744,36,East,32,0,65.82,37.68,9,27,3,2,0,0
4745,57,West,68,0,89.01,34.13,3,44,0,4,0,0
4746,35,West,54,0,72.85,21.18,5,33,0,4,0,0
4747,61,East,62,1,91.18,39.36,4,17,1,0,0,0
4748,32,West,36,0,85.03,26.01,2,101,0,2,0,0
4749,67,West,56,1,114.01,32.18,3,66,2,2,0,0
4750,38,North,30,0,78.69,32.72,6,64,0,2,1,0
4751,20,West,44,1,107.31,30.0,8,46,1,0,0,0
4752,26,West,52,1,84.04,17.47,4,15,1,1,1,0
4753,63,South,59,0,82.3,27.08,2,83,1,2,0,0
4754,67,North,66,0,88.6,25.53,2,20,0,3,1,0
4755,30,East,8,0,64.73,20.25,5,92,2,2,0,1
4756,52,South,57,1,86.6,27.86,7,24,0,0,1,0
4757,50,East,51,1,91.58,22.52,5,64,2,2,0,0
4758,25,South,53,0,79.95,22.1,5,68,1,3,0,0
4759,43,North,2,1,96.87,28.0,10,41,1,2,0,0
4760,57,North,35,1,101.43,42.72,6,47,1,2,0,0
4761,73,West,69,1,129.82,39.13,8,87,0,2,0,0
4762,66,North,64,0,90.16,21.12,8,81,0,2,0,0
4763,23,East,17,0,68.51,29.18,5,101,1,2,1,1
4764,31,South,35,0,84.99,24.14,4,66,0,0,0,0
4765,42,South,62,1,108.34,32.84,6,45,1,2,0,0
4766,26,South,67,0,84.13,24.56,7,47,1,1,0,0
4767,50,North,24,0,49.65,39.17,6,63,0,4,1,1
4768,18,East,58,1,100.03,40.15,2,51,0,1,0,0
4769,24,East,60,1,122.54,32.61,5,32,1,1,0,0
4770,20,North,11,1,104.41,42.15,11,74,1,1,0,0
4771,34,South,3,0,49.9,31.86,3,49,5,0,0,1
4772,61,East,4,0,35.99,27.08,3,70,0,4,0,1
4773,28,East,11,0,79.4,22.37,6,99,2,1,0,1
4774,74,East,53,1,107.54,31.84,7,44,0,2,0,0
4775,33,East,28,1,73.79,26.4,5,72,2,1,0,0
4776,20,North,49,1,57.84,36.44,3,70,0,2,0,0
4777,37,North,7,1,69.05,30.12,8,66,0,2,0,0
4778,60,East,43,0,74.56,21.51,6,11,0,1,0,0
4779,24,East,53,1,89.23,39.99,9,81,0,2,0,0
4780,22,West,70,1,125.38,48.5,6,0,0,3,0,0
4781,66,North,23,1,79.31,37.99,5,88,1,1,0,0
4782,51,South,39,0,79.69,24.16,2,76,0,4,0,1
4783,37,East,35,1,133.1,34.85,8,38,3,0,0,0
4784,61,North,25,1,94.26,44.1,5,82,0,0,0,1
4785,66,South,46,0,81.27,28.1,3,43,0,0,1,0
4786,38,East,41,1,99.11,36.55,5,20,0,2,0,0
4787,49,North,60,1,120.04,37.12,7,87,0,3,0,0
4788,18,South,3,0,69.68,13.57,4,46,1,2,0,1
4789,35,North,16,0,52.95,28.12,2,49,1,2,0,0
4790,51,West,42,1,94.83,28.0,10,80,0,1,0,0
4791,29,North,41,1,90.49,38.16,3,52,1,2,0,0
4792,74,North,65,0,88.26,19.12,7,71,1,0,0,0
4793,73,North,48,1,131.4,39.73,1,17,5,3,0,0
4794,32,North,1,1,89.76,33.78,6,65,0,2,0,0
4795,40,North,35,1,96.3,25.84,8,33,0,0,1,0
4796,28,East,61,1,129.17,32.67,13,43,2,0,0,0
4797,46,North,62,0,93.83,42.65,4,45,1,0,0,0
4798,25,South,57,1,83.93,16.82,5,86,1,1,0,0
4799,40,North,34,1,121.96,36.33,7,12,0,1,0,0
4800,49,South,8,0,61.65,16.92,3,75,2,6,0,1
4801,52,North,16,0,34.16,36.02,5,17,1,1,0,0
4802,51,East,61,0,66.51,31.53,4,23,0,1,0,0
4803,30,East,25,1,109.42,36.49,5,14,1,0,0,0
4804,63,East,55,1,83.75,42.34,6,5,0,2,0,0
4805,57,North,3,1,101.74,36.96,3,58,1,0,0,0
4806,60,West,35,1,98.72,35.05,4,56,1,1,0,0
4807,44,East,68,1,124.71,30.21,4,82,0,1,0,0
4808,68,North,18,1,85.15,32.11,10,32,2,1,0,0
4809,40,South,3,0,69.35,21.29,3,78,2,2,0,0
4810,63,East,21,0,75.25,25.08,4,19,1,0,1,0
4811,29,South,5,0,61.92,9.86,8,46,0,2,0,0
4812,32,South,44,1,86.02,43.24,8,29,2,5,1,0
4813,48,East,14,1,92.38,50.57,8,84,1,2,0,0
4814,49,North,18,1,61.74,31.54,15,87,1,3,0,1
4815,60,West,42,0,94.97,34.4,5,74,2,5,0,0
4816,34,North,24,1,94.95,33.93,5,24,2,2,0,0
4817,67,North,47,0,90.46,20.18,2,66,0,3,0,0
4818,36,North,67,0,54.25,21.95,8,77,0,1,0,0
4819,48,South,67,0,76.61,25.69,5,100,0,2,0,0
4820,71,West,52,0,78.41,19.23,4,58,0,6,0,1
4821,48,West,69,0,104.61,29.85,3,5,0,1,0,0
4822,56,West,53,0,72.36,20.85,2,22,1,2,0,0
4823,69,South,5,0,100.72,16.41,4,74,0,7,0,0
4824,73,South,68,1,110.05,34.84,8,23,0,1,2,0
4825,46,South,41,0,65.26,19.45,2,98,1,1,0,0
4826,41,North,1,1,77.7,32.38,7,23,1,4,0,0
4827,29,West,45,0,68.24,24.57,3,92,0,2,0,0
4828,48,South,18,1,71.23,24.28,6,84,2,0,0,0
4829,70,South,38,1,114.16,46.67,3,25,0,3,0,0
4830,45,South,47,0,91.2,31.5,8,36,0,6,0,0
4831,37,West,2,1,88.74,29.96,6,75,1,0,0,0
4832,24,North,32,1,115.15,34.85,6,25,0,2,0,0
4833,40,East,4,1,89.3,40.09,1,10,1,1,0,0
4834,31,East,9,1,68.49,36.67,10,47,2,3,0,1
4835,73,West,16,1,98.63,50.04,7,45,1,1,0,0
4836,48,North,56,0,71.1,23.09,8,30,1,7,1,0
4837,25,North,30,0,67.83,34.51,2,23,1,5,0,0
4838,21,South,4,0,61.31,14.32,7,54,2,4,0,0
4839,66,West,54,0,84.79,15.55,4,29,0,4,0,1
4840,71,West,39,0,52.63,38.48,6,16,0,6,1,0
4841,61,East,11,1,70.99,31.54,7,85,3,2,0,0
4842,25,North,40,1,99.66,25.66,1,53,0,1,1,0
4843,23,North,18,0,59.84,24.62,3,44,3,7,1,1
4844,29,East,46,0,99.89,35.11,4,54,0,2,0,0
4845,60,North,68,0,113.46,18.89,4,45,0,3,0,0
4846,61,East,23,0,54.69,24.67,5,69,1,2,0,0
4847,65,West,53,0,87.4,10.16,6,46,0,2,0,0
4848,23,South,2,1,104.74,31.25,5,14,2,0,0,0
4849,26,South,29,0,72.49,32.98,1,73,1,1,0,0
4850,69,North,64,1,105.9,28.73,6,74,1,3,0,0
4851,70,North,6,1,95.9,24.82,1,30,1,2,0,0
4852,59,East,66,1,108.89,28.79,3,53,0,0,0,0
4853,24,South,7,1,102.56,30.12,9,43,5,1,0,0
4854,21,North,35,1,88.58,41.12,11,9,2,3,0,0
4855,21,North,13,1,79.38,38.04,8,69,1,2,0,0
4856,57,North,2,1,92.85,39.58,6,40,2,0,0,1
4857,66,East,25,0,74.01,25.23,4,62,3,0,0,0
4858,54,East,42,1,102.63,30.04,14,84,1,0,0,0
4859,32,South,52,0,57.36,18.79,1,44,1,2,0,0
4860,61,South,23,1,86.2,38.46,6,35,0,1,0,0
4861,21,North,35,0,90.46,37.71,1,54,0,4,0,0
4862,65,South,13,0,54.74,17.47,1,90,1,1,0,1
4863,68,North,52,0,96.51,16.86,4,54,1,3,0,0
4864,58,West,12,1,90.02,25.91,10,28,0,1,0,0
4865,68,North,62,0,88.0,31.65,2,41,0,5,0,0
4866,51,South,13,1,106.87,34.66,7,10,1,1,0,0
4867,44,North,48,0,78.9,29.44,7,76,0,3,0,0
4868,36,West,24,1,87.95,30.94,9,75,0,1,0,0
4869,70,North,71,1,112.33,39.95,8,76,0,4,0,0
4870,57,West,20,0,71.21,22.7,5,17,1,3,0,0
4871,28,North,68,0,105.5,12.64,3,57,0,1,0,0
4872,72,West,60,0,67.91,32.38,2,100,0,4,0,0
4873,21,East,34,1,110.02,34.71,6,19,1,2,0,0
4874,51,North,36,0,79.02,22.52,6,81,0,2,0,0
4875,28,North,26,1,101.31,37.25,7,70,0,1,0,0
4876,55,South,31,0,111.38,13.45,3,98,0,3,0,1
4877,41,West,34,0,69.33,28.45,5,62,2,0,0,0
4878,42,West,11,0,47.13,20.23,5,23,3,3,0,1
4879,56,North,23,1,94.41,33.75,6,1,1,1,0,0
4880,61,South,63,0,96.78,34.11,6,92,1,3,1,0
4881,39,North,70,0,108.07,30.14,4,107,0,5,0,0
4882,74,North,4,0,53.92,23.59,3,100,1,2,0,1
4883,46,East,52,1,93.55,34.19,10,13,1,0,0,0
4884,27,South,18,1,66.01,14.52,12,4,0,2,0,0
4885,18,North,47,0,62.99,18.42,1,39,2,1,0,0
4886,29,West,45,1,96.26,36.34,7,77,2,3,0,0
4887,57,East,63,0,89.75,18.89,4,80,1,0,0,0
4888,48,East,50,1,135.98,24.39,6,79,2,1,0,0
4889,37,North,59,1,84.11,38.84,4,9,0,2,0,0
4890,45,West,57,0,93.53,35.45,3,24,0,1,1,0
4891,65,East,46,1,92.11,29.23,6,11,1,0,0,0
4892,50,South,30,0,78.34,32.0,3,70,2,5,0,0
4893,21,North,24,1,83.7,40.8,7,82,1,2,0,0
4894,20,West,25,0,88.03,17.19,3,83,0,0,0,0
4895,45,East,26,1,108.44,29.18,8,27,5,3,1,0
4896,41,West,21,1,88.8,49.42,6,1,1,1,0,0
4897,66,East,23,1,113.09,26.06,8,56,0,1,0,0
4898,51,West,41,0,91.9,20.13,4,31,2,2,0,0
4899,61,East,20,1,110.89,50.73,8,78,1,0,0,0
4900,51,West,25,1,91.85,30.45,3,88,1,3,1,0
4901,37,North,51,1,119.78,45.82,13,23,0,4,0,0
4902,55,North,24,0,60.48,16.82,8,42,0,1,0,0
4903,53,East,8,0,50.96,26.11,4,92,0,1,1,0
4904,59,South,2,0,93.7,33.69,3,30,0,0,0,0
4905,28,East,55,0,71.21,21.26,3,41,2,4,0,0
4906,54,East,68,0,87.46,25.8,1,102,0,2,1,1
4907,34,East,49,0,56.03,30.96,9,92,1,6,0,0
4908,63,West,5,0,49.81,17.78,2,45,3,2,0,1
4909,63,South,40,1,85.09,52.92,5,20,2,1,0,0
4910,53,West,20,0,59.95,33.3,4,78,3,0,2,1
4911,71,North,23,0,76.0,22.14,2,80,1,0,0,0
4912,48,East,66,1,121.12,33.12,4,69,2,1,0,0
4913,19,West,59,0,74.4,40.29,1,61,0,2,1,1
4914,52,North,53,0,74.66,22.16,3,4,1,1,0,0
4915,62,South,36,1,114.25,31.22,6,7,1,2,0,0
4916,23,South,42,0,106.58,34.17,6,75,0,1,0,0
4917,23,East,66,0,111.84,13.8,4,9,1,2,0,0
4918,33,South,47,0,58.81,24.37,4,11,1,2,0,0
4919,66,North,42,0,98.84,25.67,2,41,1,2,0,0
4920,48,West,7,1,111.31,29.37,8,80,1,1,0,0
4921,73,North,71,1,90.06,22.48,12,56,1,2,1,0
4922,67,South,58,1,125.24,35.55,5,17,0,2,0,0
4923,49,East,26,1,96.38,40.51,9,81,0,1,0,0
4924,56,North,18,1,84.09,29.57,5,72,1,2,0,0
4925,36,North,69,1,116.09,25.56,9,75,1,2,0,0
4926,23,West,68,1,120.65,45.05,4,1,1,0,0,0
4927,40,East,30,0,92.36,29.23,4,32,0,3,1,1
4928,51,North,17,1,105.09,32.11,10,35,2,2,0,1
4929,28,West,57,1,85.9,42.37,6,22,0,2,0,0
4930,30,South,45,0,72.77,26.93,4,85,2,3,0,0
4931,18,North,64,0,93.4,39.31,5,63,1,3,1,0
4932,59,East,39,1,123.08,40.31,5,84,2,8,0,0
4933,69,South,40,0,39.09,13.88,2,45,1,2,1,0
4934,65,North,11,1,76.34,29.73,12,75,3,2,0,0
4935,39,West,43,1,78.58,30.11,7,69,2,1,0,0
4936,51,South,26,0,52.46,27.48,5,88,0,0,0,1
4937,72,South,15,1,102.29,32.57,7,8,2,1,0,0
4938,51,North,56,0,80.02,15.98,5,37,1,1,0,1
4939,34,East,25,0,37.49,29.71,6,82,1,3,0,1
4940,37,East,16,1,85.62,43.0,3,63,3,1,0,1
4941,59,West,69,1,145.04,34.18,8,56,0,2,0,0
4942,43,North,69,0,67.4,26.68,6,46,2,3,0,0
4943,65,West,36,0,85.99,17.26,6,24,1,1,0,0
4944,67,East,21,0,94.02,20.82,3,86,3,0,0,0
4945,20,South,12,1,85.26,31.15,5,25,0,6,0,0
4946,59,North,45,0,111.42,29.47,3,18,1,2,0,0
4947,39,West,44,0,72.1,27.05,1,41,0,1,0,0
4948,47,North,44,0,103.69,22.36,3,83,1,2,0,0
4949,33,East,55,1,125.65,32.04,7,68,0,3,0,0
4950,38,East,34,1,96.51,19.26,13,30,0,2,0,0
4951,36,North,49,1,82.19,47.85,11,57,0,0,0,0
4952,20,West,47,0,68.47,8.32,6,37,0,2,0,0
4953,62,West,57,1,73.34,38.38,7,3,1,1,0,0
4954,26,South,53,1,115.41,35.3,10,63,0,2,0,0
4955,39,East,3,1,88.61,32.87,8,1,2,1,0,0
4956,29,South,44,0,83.19,24.93,2,18,0,2,0,0
4957,27,East,70,1,113.16,29.7,4,58,1,4,0,0
4958,39,North,40,0,100.36,30.22,4,36,1,1,1,0
4959,70,South,38,1,103.47,24.49,4,74,1,1,0,0
4960,71,South,44,0,73.68,27.62,4,25,0,1,0,0
4961,39,South,40,1,102.21,29.58,11,48,1,2,1,0
4962,46,South,29,1,125.21,31.58,6,87,2,2,1,0
4963,74,North,71,0,104.83,21.8,3,45,1,1,1,0
4964,31,West,6,0,57.15,23.68,7,72,0,2,1,0
4965,71,North,58,1,108.33,39.02,6,81,0,0,1,0
4966,24,North,12,1,92.95,34.71,9,13,1,2,0,0
4967,30,South,15,0,61.18,32.46,6,53,1,2,2,0
4968,37,East,44,1,94.36,43.36,3,83,0,1,0,1
4969,20,North,46,1,102.83,37.47,9,70,0,1,0,0
4970,64,South,66,1,135.79,40.46,3,37,2,2,0,0
4971,66,East,21,1,102.36,51.2,5,59,0,1,0,0
4972,39,North,2,0,54.86,13.69,3,68,2,1,0,0
4973,65,West,19,1,102.54,43.61,3,56,1,2,0,0
4974,62,South,39,0,79.63,37.36,3,38,0,3,0,0
4975,63,East,26,1,98.17,38.47,5,56,1,1,0,0
4976,63,North,18,1,92.8,50.23,6,58,0,1,0,0
4977,50,East,65,1,80.85,49.19,5,65,0,2,0,0
4978,24,West,40,1,54.29,32.3,5,84,0,3,0,0
4979,70,North,48,0,87.4,22.92,4,93,3,2,0,0
4980,52,North,54,1,94.21,39.24,5,20,1,2,0,0
4981,69,South,30,0,50.41,20.01,0,61,1,3,0,0
4982,72,North,53,1,94.17,56.69,3,2,1,0,0,0
4983,28,West,69,1,128.37,41.31,7,24,0,1,0,0
4984,40,East,52,0,91.37,25.37,8,72,2,3,0,0
4985,28,East,22,1,102.58,23.72,9,37,1,3,0,0
4986,20,West,56,1,114.8,37.02,10,52,0,0,0,0
4987,73,West,17,1,74.72,25.51,8,67,2,0,0,0
4988,70,West,6,1,94.65,41.08,5,60,3,0,0,0
4989,71,South,32,0,84.79,4.98,4,43,1,2,0,0
4990,68,South,37,1,96.74,46.07,6,46,1,2,0,0
4991,54,South,34,1,97.88,31.61,10,56,0,4,0,1
4992,47,South,19,1,101.39,21.47,6,45,1,2,0,0
4993,74,South,20,0,58.76,24.87,5,76,0,3,1,1
4994,49,North,66,0,109.32,25.13,5,71,0,3,0,0
4995,54,South,21,1,98.98,34.49,8,25,2,3,0,1
4996,30,South,56,1,108.03,46.04,11,38,1,0,0,0
4997,60,South,19,1,112.47,38.05,8,76,0,0,0,0
4998,64,North,8,1,64.59,41.37,3,49,3,2,0,0
4999,56,South,5,1,75.6,33.01,4,58,0,6,1,1
5000,46,South,18,0,58.77,28.42,0,53,0,2,1,0
5001,29,East,60,1,115.37,24.53,8,48,0,2,0,0
5002,19,East,33,1,114.24,37.06,6,67,2,1,0,0
5003,53,North,50,1,90.25,28.93,8,25,2,1,0,0
5004,56,North,69,0,144.08,35.56,2,63,0,1,0,0
5005,62,South,4,0,52.06,25.6,2,103,1,1,0,1
5006,72,North,8,0,69.41,30.3,3,87,0,4,0,1
5007,46,South,66,1,113.04,37.1,8,1,1,1,0,0
5008,65,West,41,1,101.19,49.45,8,5,1,4,0,1
5009,58,North,44,0,70.11,12.52,4,41,1,1,0,1
5010,33,South,25,0,88.51,24.09,5,52,1,5,0,1
5011,66,East,59,1,96.69,27.32,5,42,0,2,1,0
5012,21,South,46,1,76.47,18.6,8,69,2,2,0,0
5013,52,North,19,0,52.67,16.8,5,28,1,1,0,0
5014,71,North,47,0,105.18,34.38,3,38,0,2,1,0
5015,55,West,1,0,79.26,24.76,3,62,1,1,1,0
5016,71,North,18,1,58.89,33.24,6,15,1,1,1,0
5017,21,East,15,1,99.71,41.19,8,52,2,1,0,0
5018,48,West,56,1,78.27,35.92,6,82,2,4,0,0
5019,62,North,53,1,106.09,39.91,6,61,0,1,0,0
5020,54,East,7,1,65.38,37.58,5,65,2,1,0,0
5021,68,North,65,1,125.86,39.34,6,34,1,0,0,0
5022,44,South,59,0,97.82,21.4,7,45,0,2,0,0
5023,56,South,31,0,90.19,33.38,6,73,0,7,0,0
5024,41,West,16,1,83.57,25.3,8,55,2,2,0,0
5025,67,North,30,0,72.13,24.31,4,77,0,2,0,0
5026,24,North,42,0,58.51,33.78,4,81,1,3,0,0
5027,32,West,45,1,87.04,33.77,7,56,2,1,0,0
5028,23,North,25,1,106.73,31.55,6,24,1,3,0,0
5029,58,West,8,1,89.51,53.31,7,6,0,2,0,0
5030,31,East,44,0,83.57,36.35,6,41,0,2,0,0
5031,36,East,51,1,124.43,36.13,7,25,1,0,0,0
5032,65,East,19,0,50.0,17.24,2,71,0,3,0,0
5033,38,East,46,0,93.8,8.72,6,54,0,3,0,0
5034,26,North,41,1,82.81,40.67,6,22,0,2,0,0
5035,19,West,36,0,100.17,35.13,8,106,1,2,0,1
5036,30,West,1,0,68.67,28.17,5,34,3,3,1,1
5037,70,West,22,0,85.47,11.31,1,36,0,2,0,0
5038,49,East,27,0,62.98,26.28,2,106,1,3,1,1
5039,74,South,60,1,142.73,31.11,4,5,0,1,0,0
5040,30,South,59,0,119.48,26.29,3,16,3,3,0,0
5041,38,North,63,1,117.96,50.55,1,32,0,1,0,0
5042,27,South,33,0,94.13,31.32,3,51,3,0,1,0
5043,40,East,24,1,87.47,39.61,6,61,3,3,0,1
5044,50,East,36,1,78.97,34.64,3,33,0,0,0,0
5045,64,South,57,0,100.44,28.32,4,58,0,4,1,0
5046,38,South,45,1,88.71,29.22,4,55,0,1,0,0
5047,61,East,43,1,121.15,39.44,6,60,0,1,0,0
5048,53,South,31,0,91.22,23.45,3,43,1,3,1,0
5049,34,West,50,1,108.53,28.42,8,83,1,1,0,1
5050,69,East,62,1,113.69,41.52,5,52,1,0,0,0
5051,42,North,48,1,118.84,17.15,8,35,1,2,0,0
5052,26,North,29,1,98.62,30.64,10,66,2,4,0,0
5053,72,East,60,1,103.93,39.91,6,43,0,0,0,0
5054,70,South,67,1,90.78,44.8,9,35,2,1,0,0
5055,20,West,57,1,122.88,38.77,7,26,1,2,0,0
5056,69,North,63,1,117.0,29.62,8,20,0,0,0,0
5057,72,North,19,1,130.83,34.59,9,25,1,1,0,0
5058,65,South,30,0,73.56,27.33,2,66,1,4,0,0
5059,32,East,18,1,93.53,47.48,10,12,0,1,0,0
5060,53,West,26,0,77.88,32.36,1,94,1,2,0,0
5061,48,West,53,0,96.26,32.42,6,86,1,4,0,0
5062,53,South,49,1,90.0,35.52,3,89,1,4,0,1
5063,53,West,1,0,59.34,16.43,10,40,0,4,0,0
5064,54,North,54,1,119.41,23.75,6,10,3,3,0,0
5065,47,East,14,0,62.01,22.59,5,44,1,0,0,0
5066,57,West,14,1,98.85,40.6,6,1,1,2,0,0
5067,48,South,39,1,100.95,30.98,7,24,0,1,0,0
5068,18,West,18,0,75.03,29.58,4,72,1,6,0,0
5069,20,North,69,0,111.77,18.64,6,26,0,3,0,0
5070,72,North,11,1,82.09,29.88,3,26,3,6,0,0
5071,69,South,11,0,43.72,36.26,3,44,0,3,0,0
5072,51,West,55,0,83.5,31.13,2,95,0,3,0,0
5073,27,South,21,0,58.12,22.55,5,100,1,1,0,1
5074,62,West,51,1,73.61,28.36,6,76,1,1,0,0
5075,26,North,49,0,82.9,32.59,1,78,0,1,0,1
5076,39,East,14,0,69.99,32.01,4,32,3,1,0,0
5077,36,East,42,0,96.31,30.11,3,90,2,3,0,1
5078,18,North,39,1,82.41,33.58,4,87,1,1,0,0
5079,63,East,7,0,64.83,16.24,6,63,1,1,1,0
5080,47,East,55,1,124.42,34.88,7,28,0,1,0,0
5081,36,South,61,1,101.88,46.26,4,66,0,1,1,0
5082,46,North,68,0,102.04,17.73,7,22,0,2,0,0
5083,18,North,7,0,87.47,25.38,5,29,3,0,0,0
5084,42,West,13,1,58.56,48.09,4,32,2,1,0,0
5085,47,East,59,0,93.59,22.57,2,63,0,2,0,1
5086,37,West,22,1,108.44,33.98,13,71,0,0,0,0
5087,65,East,45,0,77.24,14.2,5,69,3,1,0,0
5088,32,West,25,0,93.3,29.99,3,98,2,0,0,0
5089,25,North,16,1,97.51,29.08,5,39,1,2,0,0
5090,48,South,45,0,109.04,12.56,2,85,0,1,1,0
5091,68,East,15,1,96.24,27.37,4,55,3,2,1,0
5092,39,North,10,1,112.79,36.67,9,79,0,1,0,0
5093,20,North,38,1,103.5,22.36,10,7,3,1,0,0
5094,73,East,14,0,46.48,13.91,5,52,2,1,0,0
5095,43,West,14,0,57.53,29.47,6,85,1,4,1,0
5096,27,East,56,0,103.28,24.42,1,94,2,4,0,1
5097,53,North,38,1,113.98,27.69,8,7,0,1,0,0
5098,36,West,39,1,94.84,32.43,7,75,0,2,0,0
5099,71,North,11,1,112.56,48.91,6,44,0,2,0,0
5100,34,North,12,1,80.69,45.25,7,63,0,3,0,0
5101,49,West,28,0,80.93,24.14,5,36,1,1,0,0
5102,48,East,28,1,100.51,41.53,5,80,0,3,0,0
5103,31,West,33,1,76.54,35.97,13,55,0,0,0,0
5104,46,West,10,1,83.34,20.81,10,29,1,2,0,0
5105,24,East,64,0,127.7,9.37,4,62,0,2,0,0
5106,54,South,26,1,79.17,27.73,7,40,2,1,0,0
5107,61,South,58,1,118.38,22.39,5,49,1,1,0,0
5108,72,West,29,1,77.18,37.17,5,21,0,2,0,0
5109,36,West,34,0,63.01,20.6,5,17,2,2,0,0
5110,34,South,8,0,42.79,28.4,3,55,2,3,1,1
5111,49,South,49,1,118.62,38.53,8,36,0,3,0,0
5112,57,South,5,0,49.43,30.52,0,14,0,4,2,0
5113,74,South,54,0,106.01,17.56,5,95,0,0,0,0
5114,19,West,63,1,103.53,39.13,11,2,0,2,0,0
5115,31,North,26,0,74.92,17.36,3,81,1,4,1,0
5116,32,South,64,1,118.17,40.69,6,7,1,0,0,0
5117,32,West,50,1,80.75,44.78,3,83,0,1,0,0
5118,44,East,1,0,63.55,30.79,6,47,0,3,0,0
5119,67,South,15,0,72.75,23.58,6,64,0,6,0,0
5120,19,South,46,1,120.1,39.53,8,14,1,1,0,0
5121,64,North,50,1,90.61,22.73,5,15,1,7,0,0
5122,53,North,7,1,71.24,20.93,5,77,1,3,0,1
5123,53,North,49,0,94.39,28.73,2,102,0,2,0,0
5124,56,North,58,0,110.19,35.46,4,90,2,3,0,1
5125,24,North,7,0,54.61,15.15,6,62,2,3,0,1
5126,60,South,63,0,72.97,25.12,3,73,3,2,0,0
5127,32,North,38,1,94.25,38.51,10,59,0,1,0,0
5128,47,West,44,0,66.8,20.08,1,57,1,4,1,0
5129,56,North,4,1,87.97,32.28,7,52,0,5,0,0
5130,52,South,44,1,85.8,39.91,6,23,1,1,0,0
5131,36,West,33,1,111.09,35.87,5,86,1,2,0,0
5132,40,North,27,0,76.69,25.9,3,45,0,4,0,0
5133,45,South,56,0,103.06,17.14,6,75,1,1,0,0
5134,20,West,18,0,32.65,24.75,4,92,1,3,0,1
5135,59,East,5,1,56.13,31.82,4,26,1,0,0,0
5136,23,North,36,0,97.39,22.24,2,69,0,3,0,0
5137,44,East,53,1,95.71,30.67,2,33,1,2,0,0
5138,55,East,10,1,63.0,34.78,5,80,1,1,0,0
5139,22,South,70,0,91.96,18.05,7,14,0,3,0,0
5140,74,North,48,0,87.64,25.1,3,71,0,3,1,0
5141,39,North,67,0,91.13,22.08,3,57,0,2,0,0
5142,18,West,34,0,84.02,17.54,3,37,2,2,0,0
5143,55,South,9,1,89.49,19.41,8,76,1,0,0,0
5144,49,North,13,0,70.7,32.58,7,35,3,2,1,1
5145,54,South,36,1,118.23,40.97,10,1,2,0,0,0
5146,60,West,42,0,80.79,18.56,6,63,3,2,0,0
5147,45,North,53,1,105.85,40.45,6,78,0,2,0,0
5148,65,North,57,0,100.54,16.8,1,53,0,4,0,0
5149,39,South,55,1,115.79,32.54,6,77,0,2,1,0
5150,49,East,42,1,87.46,30.76,7,30,1,1,0,0
5151,27,South,2,0,59.62,22.78,3,53,2,2,0,0
5152,53,West,38,1,105.57,40.17,3,24,4,2,0,0
5153,32,North,59,0,80.7,21.79,0,39,2,3,0,0
5154,57,South,61,0,82.41,22.28,5,94,1,2,0,1
5155,63,South,60,0,69.13,30.95,5,100,0,1,1,1
5156,66,South,1,1,37.26,35.49,8,54,3,0,0,1
5157,70,South,31,0,69.89,20.27,3,30,1,2,0,0
5158,24,West,44,0,83.91,26.93,5,91,1,4,0,1
5159,25,South,18,0,52.57,32.94,4,104,2,3,0,1
5160,70,East,30,1,115.67,43.45,5,45,0,1,0,0
5161,39,North,7,0,47.8,14.4,5,77,1,3,1,1
5162,19,East,14,0,80.69,14.8,2,74,0,1,0,0
5163,34,South,1,0,66.78,32.99,4,15,0,1,0,0
5164,65,South,70,1,147.65,32.7,5,59,0,2,0,0
5165,38,North,62,1,119.1,17.4,5,30,0,4,0,0
5166,22,West,29,1,72.81,29.16,12,67,1,0,0,0
5167,59,West,1,1,96.32,31.49,9,45,3,2,0,0
5168,29,West,24,1,117.46,32.5,10,85,0,0,0,0
5169,38,West,31,1,68.92,41.12,5,10,2,1,0,0
5170,18,North,12,0,75.59,17.57,6,24,2,2,0,0
5171,52,South,47,0,96.4,32.48,5,43,3,2,0,1
5172,43,South,71,1,112.31,37.28,8,18,1,0,1,0
5173,67,West,60,0,53.67,14.71,2,41,1,2,0,0
5174,37,North,61,1,106.06,32.44,7,34,2,2,0,0
5175,29,North,59,1,100.78,38.96,6,64,0,1,0,0
5176,27,East,5,1,105.45,35.32,4,54,0,0,0,0
5177,29,North,40,0,78.67,28.03,3,62,2,1,0,0
5178,43,East,41,0,74.32,20.3,5,17,1,5,0,0
5179,22,North,8,0,55.2,29.44,4,95,1,1,0,0
5180,40,East,11,0,70.39,21.81,3,82,2,2,1,1
5181,66,West,41,0,81.35,45.37,3,39,1,1,1,0
5182,61,East,51,0,73.65,14.44,6,66,0,3,0,0
5183,54,North,15,0,71.46,46.58,4,61,1,2,0,0
5184,68,North,35,0,69.14,17.39,2,70,0,0,1,0
5185,62,North,6,0,24.12,35.17,4,34,0,4,0,0
5186,55,North,8,0,74.02,31.62,2,74,4,1,0,0
5187,67,East,42,0,89.6,17.72,9,61,0,3,0,1
5188,25,South,40,1,103.0,39.8,5,30,3,2,0,0
5189,64,North,54,1,100.36,31.03,7,7,1,2,0,0
5190,34,North,65,0,91.42,27.2,3,91,2,2,0,1
5191,59,West,14,1,99.29,36.18,8,79,2,1,0,0
5192,70,North,25,0,63.02,22.21,7,40,2,2,0,0
5193,46,South,61,1,123.39,31.54,14,10,2,3,0,0
5194,23,South,4,0,39.88,27.73,3,40,1,2,0,1
5195,39,North,59,0,92.02,17.77,5,38,2,1,0,1
5196,41,West,68,1,114.39,28.07,13,77,0,1,0,0
5197,71,North,8,0,79.04,32.64,3,101,0,2,0,1
5198,71,East,11,1,71.72,38.43,4,17,0,2,0,0
5199,50,East,49,0,72.35,14.55,3,109,0,0,0,1
5200,72,West,34,1,76.08,26.97,3,76,2,2,0,0
5201,42,East,71,1,107.0,17.91,9,72,0,1,0,0
5202,41,East,39,1,103.33,42.28,8,44,2,1,0,0
5203,65,South,47,0,56.53,30.51,0,25,0,2,0,0
5204,56,South,17,1,81.86,26.29,10,6,2,1,1,0
5205,47,East,24,1,101.16,40.2,10,89,0,1,0,0
5206,44,East,13,0,64.96,40.88,3,34,0,2,0,1
5207,58,South,11,0,66.63,12.69,7,44,2,2,0,0
5208,60,North,9,1,61.91,30.08,4,26,2,0,0,0
5209,45,North,64,1,110.5,22.51,10,75,2,3,0,0
5210,19,South,5,0,62.93,32.59,2,66,1,1,0,1
5211,23,North,37,1,96.04,34.23,4,8,1,1,1,0
5212,26,South,37,1,100.79,31.82,6,47,1,2,0,0
5213,44,North,4,1,77.36,36.82,7,6,3,1,0,0
5214,53,East,60,0,83.16,20.54,5,109,2,1,0,0
5215,63,East,36,1,82.4,31.79,5,50,2,0,0,0
5216,31,East,9,1,99.12,37.2,11,89,2,0,0,0
5217,62,East,10,1,66.6,30.12,6,56,1,1,1,0
5218,55,North,50,1,107.37,31.25,10,27,1,1,0,0
5219,20,North,44,1,129.2,33.75,6,28,0,0,1,0
5220,38,East,30,0,91.52,25.73,3,37,1,0,0,0
5221,35,West,29,0,82.14,29.81,8,48,0,0,0,1
5222,68,East,3,1,85.25,39.67,6,1,1,2,0,0
5223,70,East,3,0,59.58,13.0,1,60,1,3,0,1
5224,64,East,39,0,65.98,36.26,2,72,1,5,0,1
5225,48,East,26,1,89.19,35.47,8,59,1,4,0,0
5226,46,East,18,0,77.62,22.35,4,36,1,5,0,0
5227,35,East,27,1,99.35,27.77,8,59,1,2,0,0
5228,62,North,43,1,113.33,50.91,6,36,2,2,0,0
5229,22,North,21,0,88.8,43.88,3,27,2,0,0,0
5230,33,South,25,1,90.12,49.93,8,25,1,0,1,0
5231,25,South,21,0,73.38,25.97,6,22,2,2,0,0
5232,46,East,48,1,75.51,37.75,7,53,0,1,1,0
5233,35,South,4,0,95.84,36.93,4,64,1,3,1,0
5234,29,North,66,0,86.79,23.07,4,38,2,0,0,0
5235,39,West,40,1,109.78,39.33,9,7,0,1,0,0
5236,67,North,18,0,62.78,26.82,0,55,2,4,1,0
5237,49,West,54,1,100.43,50.35,6,50,0,2,1,0
5238,64,North,67,0,89.94,36.49,3,58,0,2,0,0
5239,70,South,5,0,43.82,23.9,3,41,1,0,0,1
5240,69,South,15,1,50.3,47.2,7,41,0,2,0,0
5241,38,South,11,0,82.9,24.97,1,31,0,2,0,0
5242,68,North,6,1,91.19,30.63,6,40,2,2,0,0
5243,69,North,53,0,72.76,22.72,5,49,0,2,0,0
5244,72,South,14,0,73.78,26.18,4,47,0,3,0,0
5245,38,South,28,1,106.36,28.72,7,21,0,1,0,0
5246,31,West,58,0,78.6,20.86,6,51,1,2,0,1
5247,51,North,44,1,108.18,23.45,4,66,2,2,0,0
5248,71,South,49,0,99.6,18.42,3,52,1,3,0,1
5249,69,North,7,1,61.92,36.88,11,24,4,0,0,0
5250,50,West,69,0,102.5,33.34,5,59,1,6,0,1
5251,26,West,6,1,88.47,42.31,4,85,3,2,0,0
5252,42,West,51,0,113.71,28.44,1,57,1,0,2,0
5253,58,West,46,0,91.36,12.77,6,93,1,4,0,0
5254,49,South,30,0,68.84,18.11,5,66,3,3,0,1
5255,37,East,60,0,85.57,23.42,2,30,0,0,0,0
5256,37,South,64,0,122.35,32.7,6,91,1,0,0,0
5257,21,West,5,0,57.18,20.55,2,51,2,4,0,1
5258,34,South,69,0,103.29,15.24,3,37,1,2,0,0
5259,56,South,18,0,65.42,36.59,3,81,2,3,0,1
5260,31,West,57,0,104.72,19.12,5,10,1,2,0,0
5261,74,West,59,1,126.46,25.98,8,55,0,3,0,0
5262,22,West,40,1,99.66,36.82,3,65,2,1,0,0
5263,51,North,62,1,104.9,34.6,8,66,2,0,2,0
5264,46,North,59,1,103.04,31.0,5,32,1,2,0,0
5265,65,South,38,0,53.09,25.0,5,68,0,2,0,0
5266,68,South,13,0,68.01,17.59,1,47,0,3,0,0
5267,48,South,31,1,96.71,30.91,6,26,2,0,0,0
5268,53,South,64,0,79.76,24.71,2,14,0,0,0,0
5269,57,West,15,0,39.98,8.71,3,62,1,1,1,1
5270,47,North,71,1,118.59,42.64,5,3,0,1,0,0
5271,28,East,13,1,91.49,24.02,9,89,3,2,0,1
5272,42,West,48,0,89.92,17.49,2,34,1,8,0,0
5273,31,East,46,1,88.15,43.0,8,17,1,0,0,0
5274,44,South,14,0,72.95,29.55,8,34,2,7,0,0
5275,53,North,34,0,74.32,25.7,3,49,3,3,0,0
5276,29,North,11,0,78.47,11.33,6,87,3,3,0,1
5277,32,East,26,0,58.38,20.15,2,65,1,3,0,1
5278,64,South,69,0,111.75,23.27,5,23,1,4,0,0
5279,39,North,4,0,84.65,23.85,4,58,3,3,0,0
5280,29,West,62,1,112.74,44.13,8,33,1,0,0,0
5281,58,East,49,0,90.56,40.95,2,70,1,3,0,0
5282,58,West,54,1,118.76,39.92,4,54,0,2,1,0
5283,65,South,21,0,55.11,20.72,2,102,2,5,0,1
5284,61,West,68,0,86.71,34.72,0,82,0,2,0,1
5285,74,North,18,0,71.76,20.28,2,50,1,4,0,0
5286,50,North,36,0,108.4,4.01,4,44,0,2,0,0
5287,34,West,3,1,63.56,25.0,9,56,0,2,0,0
5288,67,West,64,1,136.57,16.02,4,19,1,2,0,0
5289,33,South,51,1,102.6,31.93,9,22,1,1,1,0
5290,34,North,12,1,85.48,33.57,3,89,1,5,0,1
5291,65,South,48,1,122.27,22.26,9,42,1,0,1,0
5292,68,East,13,1,116.82,28.17,9,66,1,0,1,0
5293,37,West,32,1,102.34,23.59,5,61,1,4,0,0
5294,59,South,37,1,115.97,33.98,4,32,2,3,0,0
5295,70,North,67,0,79.7,18.17,2,23,0,6,0,0
5296,63,East,24,0,64.06,33.08,2,68,2,0,0,0
5297,18,East,1,0,40.21,26.36,4,103,2,0,0,1
5298,55,South,31,0,67.77,37.84,1,74,0,1,0,1
5299,27,East,66,1,121.48,31.36,8,73,1,1,1,0
5300,66,West,57,0,91.68,42.15,5,42,1,2,1,0
5301,21,North,5,1,108.41,35.02,3,64,1,1,0,0
5302,74,East,4,1,112.82,30.77,4,24,1,0,0,0
5303,28,East,54,1,104.95,54.27,8,21,2,1,0,0
5304,41,East,52,0,75.8,10.37,7,12,1,3,0,0
5305,31,West,40,0,97.4,20.58,1,47,0,4,0,1
5306,64,East,7,1,102.46,21.68,8,25,1,0,0,0
5307,40,South,20,1,96.62,20.29,10,4,1,0,0,0
5308,60,North,61,1,121.08,18.46,9,76,0,2,0,0
5309,21,East,10,1,93.24,39.93,1,24,3,2,0,1
5310,43,North,15,1,72.67,24.37,8,80,1,0,1,0
5311,69,North,33,1,78.22,32.96,4,54,0,2,0,0
5312,70,South,53,1,105.74,42.14,7,26,1,0,0,0
5313,29,East,59,0,86.49,28.71,3,57,0,5,0,0
5314,40,West,43,0,85.65,28.31,1,100,1,5,0,1
5315,41,East,35,0,75.53,34.71,3,80,0,1,0,0
5316,50,West,28,0,48.45,37.88,6,108,1,3,0,0
5317,48,South,4,0,30.32,14.99,1,69,1,3,0,1
5318,24,South,19,1,100.56,38.87,8,28,0,3,0,0
5319,61,West,16,1,78.06,32.82,11,2,2,0,0,0
5320,30,South,5,1,79.02,33.83,7,2,2,1,0,0
5321,35,West,53,1,98.13,22.91,5,5,2,1,1,0
5322,65,South,26,1,79.3,30.74,9,66,2,2,0,0
5323,57,North,37,0,64.4,21.62,3,90,0,1,0,0
5324,40,East,15,1,102.8,46.44,9,6,2,2,0,0
5325,70,North,42,0,77.41,15.76,4,41,0,6,0,0
5326,40,North,10,1,94.52,15.92,7,4,2,3,0,0
5327,50,North,49,1,116.04,34.95,7,81,0,5,0,0
5328,32,North,53,0,91.25,14.95,6,81,0,1,0,0
5329,28,South,23,1,103.53,33.88,9,53,1,2,1,0
5330,46,West,16,0,68.21,30.29,6,101,1,3,0,0
5331,50,South,56,0,108.46,24.2,4,89,1,1,0,0
5332,63,West,16,1,100.35,31.55,2,3,0,1,0,0
5333,40,East,13,1,100.85,33.75,12,46,0,0,0,0
5334,69,North,25,1,78.42,41.78,8,65,1,1,0,0
5335,52,North,69,0,98.45,15.76,6,69,1,7,0,0
5336,21,West,33,1,68.97,40.83,7,67,0,3,0,1
5337,60,East,19,1,110.52,26.96,11,16,2,1,0,0
5338,50,West,37,0,69.15,29.82,4,43,0,4,0,0
5339,40,South,25,1,85.23,22.66,4,89,1,2,0,1
5340,44,East,48,1,83.49,39.34,14,16,1,2,0,0
5341,35,East,32,0,75.46,24.19,7,62,0,4,1,0
5342,53,West,42,0,76.98,25.77,5,115,0,3,0,0
5343,50,North,31,1,122.84,42.67,7,59,1,1,0,0
5344,43,West,35,0,90.39,18.43,3,16,1,2,0,0
5345,34,South,32,1,88.28,34.8,9,70,1,1,0,0
5346,40,West,28,0,49.01,27.43,1,51,3,0,1,0
5347,46,East,69,0,60.24,22.61,5,95,0,0,0,0
5348,44,East,19,1,74.11,40.73,8,20,1,1,0,0
5349,35,South,58,1,89.03,37.64,6,73,1,4,0,0
5350,51,West,51,0,90.73,20.36,5,40,1,1,0,0
5351,30,North,38,1,96.83,45.09,4,5,0,1,0,0
5352,46,South,23,0,71.76,29.5,10,68,3,4,1,1
5353,24,East,35,1,83.27,28.26,9,12,2,3,0,0
5354,44,East,61,0,92.78,18.18,5,26,2,2,0,0
5355,62,South,13,1,65.19,33.24,8,72,1,1,0,1
5356,64,East,42,0,79.68,28.58,3,33,0,3,0,0
5357,57,South,55,0,99.95,7.29,4,37,1,2,0,0
5358,60,East,46,1,97.52,28.6,8,78,0,2,0,0
5359,21,East,11,1,92.15,30.38,8,31,1,0,0,0
5360,37,East,37,1,68.85,23.5,9,35,0,2,1,0
5361,55,West,13,1,55.64,26.83,8,25,3,0,0,0
5362,63,East,66,1,117.91,36.1,5,36,1,1,0,0
5363,51,North,25,1,108.21,31.09,10,55,1,2,0,0
5364,66,East,30,0,71.43,21.72,5,39,0,5,1,0
5365,33,North,61,1,142.68,23.97,11,57,0,1,1,0
5366,26,North,31,0,53.85,23.29,2,13,2,1,0,0
5367,22,West,14,1,76.8,22.97,11,35,1,3,0,0
5368,51,South,64,0,94.1,36.67,3,49,0,2,0,0
5369,55,South,47,1,110.47,48.95,7,16,0,2,0,0
5370,34,West,43,1,92.74,31.21,5,54,0,1,0,0
5371,62,North,6,1,67.11,26.02,10,74,0,1,0,0
5372,60,North,32,1,105.3,41.84,5,15,1,1,1,0
5373,38,North,33,0,78.5,29.74,3,36,1,1,0,0
5374,31,North,19,0,64.33,40.0,3,113,1,2,0,1
5375,60,East,41,1,107.98,52.13,5,39,0,3,0,0
5376,56,East,18,1,86.95,18.79,4,88,2,1,0,1
5377,27,East,34,0,74.9,34.27,2,69,2,1,0,1
5378,32,North,57,0,85.85,23.22,4,96,0,1,0,0
5379,45,South,53,0,74.18,29.39,6,57,2,1,0,0
5380,47,North,20,1,76.16,41.22,14,56,1,1,1,0
5381,27,East,15,0,59.61,30.89,4,48,1,1,0,0
5382,72,East,1,1,80.98,43.0,5,15,1,3,2,0
5383,40,North,25,1,64.43,30.52,13,59,1,1,0,0
5384,39,West,2,1,95.17,27.38,12,47,3,2,0,1
5385,21,East,10,0,65.28,34.5,5,48,2,3,0,0
5386,67,South,70,1,99.02,28.03,8,43,0,0,0,0
5387,31,East,61,0,114.75,39.89,2,94,0,6,0,0
5388,74,East,40,0,80.63,18.88,2,40,1,1,0,0
5389,46,North,55,0,67.47,21.95,8,109,1,1,0,0
5390,67,North,35,1,121.08,33.48,2,68,0,0,0,0
5391,28,East,43,1,121.82,22.67,4,72,1,1,0,0
5392,27,West,66,0,79.37,12.69,4,43,2,2,1,0
5393,63,East,6,1,78.16,42.3,8,69,2,2,0,0
5394,64,East,25,1,85.64,21.24,6,9,2,2,0,0
5395,48,East,9,1,56.16,55.16,11,72,1,0,1,0
5396,19,South,57,0,93.37,24.25,5,105,0,3,1,0
5397,71,North,59,0,102.18,16.77,1,85,1,3,0,1
5398,40,South,52,0,95.85,28.36,3,91,1,3,0,0
5399,71,West,44,0,82.49,5.3,1,80,2,2,0,0
5400,67,West,34,1,111.13,32.33,5,61,4,2,0,0
5401,66,West,2,0,43.97,23.36,2,64,2,2,1,1
5402,57,North,55,0,114.77,14.87,1,39,1,1,0,0
5403,56,South,64,0,80.42,19.95,1,40,1,1,0,0
5404,48,East,69,0,84.58,37.21,5,25,2,1,0,0
5405,19,North,25,0,63.87,26.47,8,31,0,6,1,0
5406,40,North,15,0,57.78,28.2,5,17,0,1,0,0
5407,59,West,47,0,80.61,18.71,4,102,1,5,0,0
5408,64,East,2,1,77.53,24.41,6,61,2,1,0,0
5409,49,East,5,1,84.44,33.07,10,32,1,2,0,0
5410,58,North,59,1,97.22,15.34,5,10,1,1,0,0
5411,19,South,68,0,96.5,16.23,5,92,3,5,0,0
5412,44,North,29,1,78.14,24.98,13,42,1,2,0,0
5413,46,North,37,1,109.49,18.69,3,89,0,3,1,0
5414,68,South,39,1,110.3,40.19,8,25,3,1,0,0
5415,35,South,10,1,84.91,33.96,10,49,4,2,0,0
5416,31,West,16,0,58.25,20.04,5,13,1,3,0,0
5417,38,South,22,1,95.67,40.37,9,53,1,1,0,0
5418,27,North,60,0,76.69,11.85,5,87,1,2,0,0
5419,49,North,32,0,76.52,14.25,3,94,0,0,0,0
5420,54,East,52,0,83.72,33.94,7,105,1,3,0,1
5421,63,North,14,0,106.45,43.25,3,15,2,1,0,0
5422,73,North,68,1,95.59,40.47,8,32,1,3,0,0
5423,22,South,63,0,51.49,28.77,6,62,0,6,0,0
5424,32,North,34,1,87.44,30.35,10,58,0,1,0,0
5425,35,East,17,0,42.77,20.53,3,26,0,2,0,0
5426,32,South,70,0,84.1,26.82,9,28,3,4,0,0
5427,65,North,58,0,69.54,35.98,5,68,1,3,0,0
5428,25,West,37,0,64.93,28.41,1,40,0,1,0,0
5429,19,South,19,1,73.53,42.66,5,43,1,2,0,0
5430,67,East,45,1,116.94,27.67,9,1,0,0,0,0
5431,72,North,27,1,92.77,39.94,8,42,0,2,0,1
5432,30,East,48,1,120.13,29.63,8,79,1,2,0,0
5433,36,South,60,1,110.61,36.12,8,44,1,0,0,0
5434,46,South,35,1,111.43,39.93,8,8,1,5,0,0
5435,47,South,4,0,57.47,20.75,3,17,3,1,0,0
5436,74,West,40,0,103.92,16.86,1,92,1,2,0,0
5437,41,North,61,1,117.56,37.9,5,2,1,0,0,0
5438,18,West,16,0,56.3,23.92,6,14,1,1,1,0
5439,42,West,69,1,123.79,36.09,7,5,0,1,0,0
5440,49,South,26,0,73.41,30.26,1,72,1,4,0,0
5441,47,South,49,0,81.46,35.46,7,31,3,1,0,0
5442,47,South,50,0,86.44,30.31,2,109,1,1,1,1
5443,70,West,13,1,97.77,39.26,4,87,1,1,0,0
5444,64,East,3,1,49.74,31.0,5,63,1,0,0,0
5445,32,East,68,0,88.74,22.23,5,92,1,3,0,0
5446,38,North,50,0,95.24,28.64,4,12,0,3,0,0
5447,56,West,45,0,86.22,22.09,5,40,1,4,1,0
5448,41,North,22,0,54.1,28.6,6,57,1,4,0,1
5449,42,North,8,1,48.48,28.48,9,19,2,1,1,0
5450,27,North,20,1,115.51,50.43,8,30,1,1,0,0
5451,32,South,39,1,96.69,36.55,7,24,0,4,0,0
5452,60,West,50,1,127.71,36.02,4,45,1,1,0,0
5453,66,West,23,1,103.42,31.14,8,4,1,2,0,0
5454,62,North,16,0,56.1,40.3,3,14,1,1,0,1
5455,35,South,18,0,31.48,14.97,5,80,1,6,0,0
5456,25,West,69,1,107.57,29.38,8,82,0,2,0,0
5457,27,South,45,1,101.94,41.83,4,50,0,1,0,0
5458,40,North,71,0,102.26,26.92,3,50,1,4,0,0
5459,47,South,1,0,43.84,20.39,7,52,1,1,0,0
5460,68,East,33,1,99.17,30.62,6,63,0,0,0,0
5461,69,West,33,1,99.16,32.67,6,75,2,0,0,0
5462,18,East,29,0,89.29,25.82,3,42,2,3,0,0
5463,58,North,28,0,69.4,37.43,3,86,1,5,0,0
5464,35,East,6,1,89.64,39.84,6,77,1,0,0,0
5465,29,North,3,0,65.83,33.19,3,56,3,2,0,0
5466,49,West,56,0,101.13,21.53,6,84,0,3,0,0
5467,19,South,32,0,63.7,29.13,6,24,0,2,0,0
5468,37,North,12,0,19.94,12.56,4,89,2,2,0,1
5469,49,South,25,0,68.95,26.46,3,50,3,3,0,1
5470,33,North,67,1,110.04,35.94,4,76,0,3,1,0
5471,51,North,34,1,79.64,49.57,8,41,0,2,0,0
5472,44,East,71,1,92.88,47.46,4,24,1,0,0,0
5473,63,East,12,0,57.38,22.93,2,80,2,3,0,0
5474,28,West,9,0,62.78,18.46,2,1,0,4,0,0
5475,21,South,41,0,81.93,18.68,6,25,2,2,0,1
5476,48,North,49,0,50.22,22.64,9,60,1,1,0,0
5477,32,South,70,0,68.7,35.41,4,25,0,1,1,0
5478,58,South,34,0,93.94,28.32,8,58,1,5,0,0
5479,23,North,15,1,84.66,39.14,5,41,1,0,0,0
5480,50,West,39,0,79.46,31.49,4,31,4,1,0,0
5481,74,West,22,1,71.0,27.05,6,85,1,0,0,0
5482,23,North,13,1,86.43,29.33,6,55,1,2,0,0
5483,35,West,7,1,77.86,39.16,7,4,4,1,0,0
5484,66,East,52,0,76.72,18.77,4,108,0,2,0,0
5485,48,North,46,0,61.07,12.79,1,40,0,1,0,0
5486,27,East,12,1,72.97,26.34,9,32,2,2,0,0
5487,30,North,40,0,109.58,33.43,3,100,3,2,1,0
5488,61,North,63,1,106.26,32.01,1,13,0,0,1,0
5489,67,West,59,1,121.34,36.81,6,86,0,2,0,0
5490,38,East,33,1,93.55,26.74,8,42,1,2,1,0
5491,45,North,5,1,77.82,38.04,9,68,1,1,0,0
5492,62,South,46,1,93.46,32.84,14,55,0,1,0,0
5493,28,West,37,0,98.68,28.57,6,93,3,3,0,1
5494,29,South,66,0,98.6,21.18,3,93,0,3,0,0
5495,62,West,40,1,88.16,39.03,4,77,1,2,0,0
5496,28,West,53,1,100.59,30.78,12,8,1,3,0,0
5497,61,South,38,0,95.14,24.36,2,114,2,4,0,0
5498,46,East,39,0,36.92,22.83,4,11,1,2,0,0
5499,74,East,23,1,96.16,35.21,9,19,1,0,1,0
5500,19,East,29,0,82.56,27.23,4,94,0,7,0,0
5501,71,South,22,0,59.75,21.04,2,74,1,1,0,1
5502,30,North,33,1,98.82,34.04,11,78,1,3,0,0
5503,19,North,68,0,101.53,26.49,6,95,1,2,1,1
5504,59,East,25,1,74.03,39.06,4,59,3,3,0,0
5505,48,East,33,1,109.13,34.39,11,35,2,2,0,0
5506,65,East,68,0,98.46,17.9,2,84,1,1,0,1
5507,24,East,11,1,83.21,35.69,10,11,2,2,0,0
5508,22,North,18,0,70.57,30.36,9,26,1,3,0,0
5509,50,North,36,0,88.61,14.33,2,90,0,3,0,0
5510,68,West,30,0,109.74,14.43,5,105,1,6,2,1
5511,41,East,25,0,81.65,19.7,6,32,0,2,0,0
5512,63,West,56,1,120.16,33.46,6,59,1,1,0,0
5513,69,North,36,0,80.9,7.42,1,30,0,4,0,0
5514,67,South,26,0,101.52,29.59,0,110,1,4,1,1
5515,46,West,35,1,75.51,33.54,6,42,0,2,0,0
5516,57,North,63,1,85.44,16.19,1,42,2,4,0,0
5517,47,North,70,1,117.3,26.09,7,35,0,2,0,0
5518,56,East,18,1,98.9,32.6,2,75,2,1,1,0
5519,50,East,3,1,42.88,20.82,4,77,3,2,0,1
5520,47,West,3,0,61.45,32.76,3,87,2,1,1,1
5521,42,West,32,0,73.29,26.49,4,87,0,3,0,1
5522,55,East,45,1,113.66,40.43,7,13,0,4,0,0
5523,60,North,4,0,68.43,16.77,3,111,2,7,0,1
5524,70,South,37,1,71.38,38.29,12,0,1,0,0,0
5525,52,West,29,0,58.3,19.71,4,104,2,1,0,0
5526,23,South,67,1,101.4,33.46,9,30,1,0,0,0
5527,51,West,43,0,92.58,27.82,5,87,1,4,0,1
5528,35,East,31,0,81.12,24.44,1,28,0,0,0,0
5529,19,North,42,0,71.69,31.47,3,62,2,4,0,1
5530,22,South,10,0,67.17,26.11,4,21,2,3,0,1
5531,51,East,34,1,81.13,31.29,5,43,0,1,0,0
5532,71,North,24,1,122.74,41.74,1,87,0,0,0,1
5533,46,South,13,1,95.12,43.43,5,87,1,1,0,1
5534,43,East,28,1,105.79,35.7,11,64,3,2,0,0
5535,23,North,46,0,103.65,35.69,2,47,1,2,1,0
5536,56,South,42,1,116.24,33.12,5,16,2,2,1,0
5537,21,East,69,0,94.97,23.98,1,29,0,4,0,0
5538,65,East,20,0,67.23,25.04,3,114,4,1,0,1
5539,64,South,50,0,104.32,23.96,3,28,1,6,0,0
5540,74,West,40,1,100.4,32.52,7,19,0,4,0,0
5541,34,West,63,1,100.26,29.28,8,27,0,2,0,0
5542,27,South,65,0,122.0,17.05,3,84,0,2,1,0
5543,35,North,51,1,91.46,35.89,8,13,1,2,0,0
5544,63,East,31,0,49.48,34.59,4,46,1,3,0,1
5545,30,North,38,1,113.89,41.51,13,81,2,0,0,0
5546,68,West,47,0,72.53,28.1,1,53,1,4,0,0
5547,26,East,58,0,95.53,34.99,3,35,1,6,0,0
5548,20,South,17,0,95.76,25.15,2,38,3,0,1,0
5549,30,East,62,1,90.38,27.09,10,6,0,0,0,0
5550,60,South,57,1,107.89,32.2,5,41,0,0,0,0
5551,52,West,7,1,105.75,34.51,6,42,4,1,0,0
5552,38,North,20,0,80.23,20.9,3,65,0,2,1,0
5553,55,West,17,0,65.8,29.88,4,32,2,1,1,0
5554,54,North,42,1,136.84,42.48,6,2,0,2,0,0
5555,49,East,15,0,66.07,11.14,3,39,2,1,0,0
5556,47,West,22,1,96.95,33.84,8,86,2,3,0,1
5557,23,South,14,0,91.74,2.0,1,26,2,3,0,1
5558,32,North,5,0,77.21,24.27,3,53,2,2,0,0
5559,48,West,33,1,116.33,34.18,8,82,0,1,0,0
5560,25,West,23,1,78.01,49.21,3,43,1,2,0,0
5561,45,South,36,0,96.42,36.81,3,39,2,0,0,0
5562,24,South,16,0,70.54,32.46,4,30,1,4,0,1
5563,62,West,21,1,79.31,27.32,7,25,2,1,0,0
5564,23,North,64,0,95.33,16.86,2,30,1,1,0,0
5565,23,East,58,0,91.85,16.23,1,69,0,1,0,0
5566,54,South,19,1,117.52,47.21,12,86,0,1,0,0
5567,30,North,12,1,91.72,27.72,7,86,2,0,0,0
5568,38,West,70,0,83.29,21.92,8,26,0,4,0,0
5569,35,South,49,1,89.33,27.8,7,80,0,4,0,0
5570,30,West,35,0,76.79,14.93,1,86,2,1,0,0
5571,61,East,50,1,84.8,37.66,4,10,0,1,0,0
5572,57,South,16,1,77.27,36.23,5,87,0,3,0,0
5573,31,South,31,0,71.84,7.2,5,44,1,5,0,0
5574,57,South,28,0,67.67,14.58,3,76,2,2,0,0
5575,58,West,52,1,116.9,37.04,8,1,2,2,0,0
5576,48,East,14,0,55.93,24.42,2,79,0,4,0,1
5577,50,East,35,0,40.45,21.79,7,48,1,6,0,0
5578,71,South,60,1,84.71,39.85,7,50,2,1,0,0
5579,43,North,14,1,86.73,23.46,6,57,0,2,0,0
5580,39,North,9,1,75.7,30.24,8,40,3,1,0,1
5581,48,East,59,1,90.95,39.14,6,56,2,2,0,0
5582,65,South,63,1,140.88,29.81,4,35,1,2,0,0
5583,58,South,31,1,107.93,37.5,3,35,2,0,0,0
5584,22,South,4,1,81.12,25.83,4,30,1,2,1,0
5585,44,South,39,1,103.0,28.41,10,85,0,3,0,0
5586,60,East,22,0,67.02,10.74,4,13,1,6,0,0
5587,30,East,42,0,62.19,8.54,3,39,0,4,0,0
5588,74,West,10,0,80.46,21.19,6,10,2,5,1,0
5589,64,North,58,1,121.77,38.6,4,58,0,4,0,0
5590,66,East,49,0,54.84,24.08,3,99,0,5,0,1
5591,22,North,46,0,86.4,34.28,2,41,0,3,0,0
5592,51,West,37,0,83.55,21.86,5,91,1,1,1,0
5593,48,East,16,1,83.17,18.04,5,14,0,0,0,0
5594,53,South,67,1,144.96,37.75,9,19,2,4,0,0
5595,66,West,19,0,99.33,16.37,4,87,1,2,1,1
5596,38,South,26,1,87.34,36.01,4,60,1,0,0,1
5597,48,North,66,0,89.66,6.72,2,37,0,4,0,0
5598,56,South,3,0,56.4,22.8,3,99,1,4,0,1
5599,60,North,9,1,75.33,40.62,9,83,1,1,0,0
5600,61,West,55,0,73.69,29.64,2,32,2,1,0,0
5601,37,East,27,0,81.1,22.99,4,44,2,1,0,0
5602,74,East,42,0,110.42,24.59,3,94,0,3,0,0
5603,18,West,42,1,124.25,31.02,10,3,0,0,0,0
5604,46,West,59,1,121.34,32.61,11,18,0,2,1,0
5605,52,South,45,1,66.39,40.01,5,56,0,2,0,0
5606,21,North,31,0,47.53,19.0,2,72,2,2,0,1
5607,43,South,39,1,115.46,29.78,5,4,1,0,0,0
5608,51,West,53,1,130.79,22.36,3,16,2,0,0,0
5609,52,West,27,0,81.81,30.17,3,106,2,3,0,1
5610,24,East,13,0,61.92,22.44,4,23,0,7,0,0
5611,33,North,35,1,117.78,24.9,5,31,2,1,0,0
5612,31,North,71,0,106.8,31.58,5,17,0,2,1,0
5613,54,West,8,0,81.06,24.19,4,37,2,3,0,1
5614,36,North,13,1,58.65,28.63,5,21,0,3,0,0
5615,50,East,71,0,100.65,31.7,3,97,1,2,0,0
5616,59,South,59,1,136.12,31.83,5,44,0,0,1,0
5617,63,South,9,0,72.41,12.01,1,71,3,4,0,1
5618,28,East,16,0,82.22,32.23,9,82,0,2,0,0
5619,69,West,50,0,85.55,17.84,5,26,0,2,0,0
5620,27,East,56,0,89.59,48.73,4,13,0,3,0,0
5621,19,South,53,0,107.54,21.0,1,39,0,2,0,0
5622,20,South,62,1,100.95,18.44,6,66,0,5,0,0
5623,29,West,36,1,86.49,48.6,9,24,0,4,1,0
5624,67,East,63,1,104.33,34.11,6,10,0,1,0,0
5625,29,South,43,1,101.85,36.61,12,84,0,1,0,0
5626,57,East,34,1,72.85,37.62,5,27,1,1,0,0
5627,41,North,46,1,113.97,23.68,8,12,0,2,0,0
5628,20,North,31,1,93.04,17.23,8,52,0,2,0,0
5629,43,West,44,1,114.81,50.19,6,68,0,2,1,0
5630,19,East,60,1,78.21,22.06,5,29,3,0,0,0
5631,45,North,69,0,107.36,37.67,4,57,1,3,0,0
5632,49,South,42,1,121.05,38.78,5,32,1,1,0,0
5633,47,West,1,0,67.08,25.97,6,102,0,1,0,1
5634,34,East,45,0,82.95,20.82,4,112,0,2,0,0
5635,61,East,18,1,101.98,53.04,8,40,0,2,0,0
5636,52,North,17,0,87.57,19.02,2,67,1,4,1,1
5637,32,West,63,1,119.34,29.25,7,34,1,3,0,0
5638,42,West,32,1,104.96,39.95,6,46,0,2,0,0
5639,24,East,57,0,113.35,19.18,4,68,0,2,0,0
5640,70,South,27,0,84.92,16.48,2,66,1,4,0,1
5641,60,East,44,0,70.0,24.11,3,61,1,4,0,0
5642,34,West,48,0,103.0,30.08,2,38,0,5,1,0
5643,56,West,64,0,90.14,39.61,6,50,3,1,1,0
5644,56,West,14,1,87.5,51.24,6,89,0,4,0,0
5645,52,East,40,0,81.6,10.25,3,40,1,3,0,0
5646,21,South,29,0,89.03,32.92,6,16,2,4,0,0
5647,68,South,33,0,102.73,16.71,1,21,1,5,1,1
5648,72,West,61,1,110.87,27.11,7,1,0,3,0,0
5649,73,North,10,1,110.97,30.26,8,73,0,0,0,0
5650,73,North,39,0,81.97,19.75,1,34,1,0,0,0
5651,70,East,28,0,95.03,16.02,2,91,3,1,0,0
5652,60,South,64,1,114.98,15.98,7,66,0,1,0,0
5653,21,West,16,1,80.61,46.16,6,35,2,3,0,0
5654,44,North,17,1,117.33,41.77,10,60,0,1,0,0
5655,31,South,7,0,54.68,24.46,2,48,0,2,0,1
5656,30,North,32,0,66.18,16.85,5,21,0,6,0,0
5657,65,East,1,1,61.66,44.47,4,5,2,2,0,0
5658,64,East,36,0,97.01,24.08,3,48,0,2,0,0
5659,47,South,16,1,110.55,29.99,7,13,0,0,0,0
5660,59,South,29,0,80.1,11.44,4,32,2,4,0,1
5661,25,North,43,0,66.74,28.9,3,61,3,2,0,0
5662,30,East,49,1,104.4,31.92,7,34,0,3,0,0
5663,67,West,5,1,77.96,36.68,7,74,0,0,0,0
5664,43,East,11,1,70.04,35.94,10,48,2,2,0,0
5665,49,North,23,0,64.17,29.68,5,98,1,2,0,0
5666,44,East,37,0,86.09,26.33,7,71,2,1,0,0
5667,29,South,63,1,102.42,32.16,7,63,1,0,0,0
5668,65,North,10,0,69.38,29.03,1,47,1,2,0,1
5669,61,North,5,0,35.86,32.2,1,53,2,3,0,0
5670,56,North,45,1,127.69,46.97,8,71,0,1,0,0
5671,38,North,70,0,89.13,15.63,4,41,0,1,0,0
5672,54,West,59,0,102.55,33.49,4,27,2,2,0,0
5673,72,South,41,1,103.33,21.89,4,42,0,1,1,0
5674,55,East,2,1,87.04,42.71,4,64,1,0,0,0
5675,46,West,41,0,63.52,19.87,3,68,1,3,0,0
5676,33,East,33,0,65.09,31.33,5,79,1,4,0,0
5677,47,South,32,0,64.93,36.54,4,33,0,1,0,0
5678,39,East,35,0,77.88,26.43,5,71,1,1,0,0
5679,52,North,40,0,99.89,24.62,6,76,1,0,0,1
5680,20,South,52,1,112.5,34.21,6,78,0,2,0,0
5681,28,South,14,0,53.49,21.24,5,66,0,0,0,0
5682,62,West,6,0,64.31,34.0,5,82,1,3,0,0
5683,39,West,4,1,80.79,34.14,10,79,0,0,0,0
5684,42,West,29,1,89.24,17.6,11,27,0,2,0,0
5685,49,East,37,0,78.27,32.07,4,26,1,3,0,0
5686,42,South,56,1,119.46,41.65,12,23,0,0,0,0
5687,61,West,31,1,84.7,35.34,5,20,0,1,0,0
5688,31,West,38,1,93.81,28.69,4,29,1,0,0,0
5689,61,South,70,0,109.73,15.72,5,77,0,2,0,0
5690,29,West,54,1,114.03,28.72,2,10,0,2,1,1
5691,39,West,50,1,124.19,36.59,4,45,0,1,0,0
5692,51,South,26,1,114.54,20.25,13,75,1,2,0,0
5693,68,North,11,1,65.09,38.4,5,54,2,2,0,0
5694,31,North,66,1,117.32,35.58,11,13,1,1,0,0
5695,51,East,40,1,92.38,45.3,8,88,0,3,0,0
5696,21,North,6,1,65.02,40.61,12,12,1,0,0,0
5697,22,South,35,0,65.66,19.22,6,64,1,5,0,1
5698,61,East,7,1,78.99,21.47,7,9,2,0,1,0
5699,58,West,70,1,110.58,28.43,4,20,0,1,0,0
5700,39,West,38,1,89.9,46.05,5,40,2,1,0,0
5701,53,East,56,1,107.8,37.35,4,31,1,3,0,0
5702,39,South,34,0,113.7,29.78,6,81,0,1,0,0
5703,33,North,2,1,55.12,29.97,7,36,4,3,0,0
5704,42,East,46,0,100.06,28.88,5,7,1,1,1,0
5705,35,North,47,0,83.22,12.84,3,13,1,1,0,0
5706,64,East,17,0,61.93,32.48,2,110,2,0,0,0
5707,41,West,51,1,75.23,25.76,8,53,0,0,2,0
5708,36,East,17,0,79.94,9.2,5,90,3,2,0,1
5709,48,East,50,1,83.39,53.1,3,26,2,1,1,0
5710,61,East,54,0,99.42,26.08,5,62,0,4,0,0
5711,33,West,10,0,91.12,25.86,6,39,3,1,1,0
5712,71,South,21,0,51.26,10.04,2,72,1,1,1,1
5713,44,South,12,1,103.53,39.98,10,33,1,1,1,0
5714,55,North,52,0,86.38,32.09,6,38,1,3,0,0
5715,72,East,17,1,57.09,33.41,7,53,2,1,1,0
5716,42,South,46,1,84.93,42.12,6,64,1,0,0,0
5717,29,South,30,0,77.67,34.36,6,80,0,1,0,0
5718,60,East,6,1,89.02,39.21,7,75,4,2,0,0
5719,18,North,63,1,87.79,17.67,8,11,0,1,0,0
5720,44,East,51,0,85.98,15.79,2,27,0,2,0,0
5721,73,North,19,0,81.85,38.5,3,83,0,2,1,1
5722,41,North,63,1,126.48,35.66,4,58,0,1,0,0
5723,56,North,51,0,79.31,25.7,5,40,0,4,0,0
5724,47,North,58,1,115.58,28.35,3,8,2,0,0,0
5725,30,West,13,1,102.59,29.9,5,24,4,2,0,0
5726,36,West,1,1,93.29,44.54,9,11,4,3,0,0
5727,47,East,5,0,75.87,36.99,3,26,2,7,0,0
5728,23,East,39,0,81.2,31.38,6,23,1,2,0,0
5729,41,East,56,1,106.58,39.41,7,73,2,2,0,0
5730,41,West,65,0,96.58,30.01,4,24,1,2,0,0
5731,65,South,69,1,103.04,34.44,10,81,0,1,0,0
5732,25,North,43,0,98.18,15.37,3,98,0,3,0,1
5733,66,East,45,0,59.54,13.64,3,89,2,0,0,0
5734,41,West,21,1,82.94,45.52,6,2,0,1,0,0
5735,55,North,1,1,79.96,34.74,5,65,1,0,0,0
5736,49,South,14,1,94.05,38.82,9,4,0,1,0,0
5737,35,South,4,1,91.86,36.69,6,60,2,2,0,0
5738,71,South,49,1,126.83,37.09,8,65,0,1,0,0
5739,30,East,36,0,79.17,27.76,7,65,2,6,0,1
5740,20,South,55,1,96.73,40.58,3,17,0,2,0,0
5741,60,West,11,0,63.32,18.86,5,34,4,3,0,1
5742,53,West,65,1,107.71,44.46,6,84,3,2,0,1
5743,68,North,52,1,113.8,29.1,12,36,1,0,0,0
5744,44,West,65,1,96.5,36.92,8,29,0,2,0,0
5745,18,East,47,0,80.87,15.54,6,66,0,0,0,0
5746,19,South,25,1,116.84,33.67,4,80,1,2,0,0
5747,42,South,45,1,105.2,29.72,6,17,0,3,0,0
5748,32,West,43,1,85.71,35.19,12,35,1,1,0,0
5749,70,South,13,0,61.4,30.88,4,46,3,4,0,1
5750,24,North,8,0,30.51,25.61,2,20,3,0,0,1
5751,68,South,47,0,82.62,40.69,2,73,0,7,0,0
5752,30,North,7,1,108.22,41.37,10,88,1,0,0,0
5753,24,East,8,0,46.2,23.17,3,43,1,3,0,1
5754,33,North,6,0,41.16,24.31,4,90,3,3,0,0
5755,26,East,45,1,92.7,38.02,10,35,0,1,0,0
5756,40,South,66,0,106.82,30.63,5,47,1,2,0,0
5757,36,West,36,0,103.57,15.13,4,23,1,1,0,0
5758,48,South,11,1,92.22,40.09,8,16,2,1,1,0
5759,48,West,37,0,59.21,15.34,7,46,1,0,0,0
5760,18,West,35,0,77.17,29.32,5,65,1,4,0,0
5761,25,North,43,0,108.34,33.8,3,37,0,3,1,0
5762,27,East,31,0,70.84,27.4,4,75,2,5,1,1
5763,29,North,38,1,101.11,16.39,4,9,1,1,0,0
5764,23,West,24,1,95.61,20.74,7,31,2,2,0,0
5765,35,East,65,1,89.31,39.5,7,23,1,1,0,0
5766,49,South,39,0,94.47,5.37,6,48,0,0,0,0
5767,35,North,23,0,84.31,29.88,0,84,3,1,0,1
5768,36,South,1,0,30.6,32.88,10,41,4,3,0,1
5769,44,West,49,0,64.54,34.08,5,34,0,2,0,0
5770,49,West,27,0,58.95,23.07,3,46,1,2,0,0
5771,36,North,18,1,100.23,38.51,4,9,2,0,0,0
5772,30,South,35,1,86.23,36.67,7,77,0,1,2,0
5773,41,South,35,1,103.52,23.22,6,37,2,2,0,0
5774,19,East,58,0,86.27,30.96,4,6,1,1,0,0
5775,46,North,39,1,100.57,46.12,8,10,0,2,1,0
5776,71,South,50,0,92.44,30.52,4,29,3,0,0,0
5777,40,West,46,1,107.09,30.98,8,58,0,5,0,0
5778,24,South,61,1,110.22,40.92,10,60,1,3,1,0
5779,58,East,1,0,65.41,35.38,2,63,4,3,1,1
5780,25,South,27,0,76.75,34.33,1,79,1,5,1,1
5781,29,South,51,0,82.35,33.21,3,69,0,1,0,0
5782,26,East,11,1,79.03,22.27,9,28,1,0,0,0
5783,68,North,32,1,124.21,38.19,4,13,0,3,0,0
5784,73,North,29,0,67.86,30.17,3,51,2,2,0,0
5785,50,West,58,0,109.5,33.31,4,95,0,3,0,0
5786,53,West,69,1,104.22,39.12,3,29,0,1,0,0
5787,54,East,8,1,96.15,47.42,8,85,1,1,0,1
5788,52,North,16,1,114.76,20.38,6,3,3,2,0,0
5789,49,North,55,1,102.44,39.47,8,25,0,3,0,0
5790,74,North,13,0,56.49,28.83,4,89,0,3,0,0
5791,59,West,36,1,91.56,42.22,5,11,1,0,0,0
5792,23,West,68,0,93.71,37.34,1,48,1,5,0,1
5793,40,South,70,0,99.83,17.89,10,81,0,0,2,0
5794,73,West,68,0,93.4,37.07,10,83,0,1,1,0
5795,41,North,10,0,58.7,31.52,3,109,0,2,0,1
5796,29,East,11,0,94.82,23.5,0,35,1,1,0,0
5797,67,North,13,0,63.49,17.73,2,77,2,3,0,0
5798,53,South,55,0,78.2,26.57,5,4,0,2,0,0
5799,50,West,13,0,78.96,27.29,4,53,2,2,0,0
5800,41,West,31,0,88.2,27.73,4,76,0,0,0,0
5801,25,North,59,0,110.69,19.98,1,15,0,2,0,0
5802,39,North,35,0,106.42,29.87,4,38,0,2,0,0
5803,42,East,67,1,118.69,31.76,3,55,2,2,0,1
5804,71,North,36,0,73.68,34.73,2,98,2,3,0,1
5805,35,East,27,1,64.97,48.68,5,39,3,3,0,0
5806,26,East,69,0,80.43,18.5,0,55,0,3,0,0
5807,42,South,39,0,82.63,25.48,8,81,0,7,1,1
5808,74,South,14,1,69.29,42.78,8,3,2,3,0,1
5809,45,North,46,0,59.22,27.21,4,94,0,4,0,0
5810,39,West,55,0,88.49,14.18,3,90,1,2,1,1
5811,56,South,60,0,101.65,31.92,5,110,1,4,0,1
5812,54,East,1,1,76.8,30.15,9,46,3,1,0,0
5813,35,South,8,1,97.45,36.6,3,82,0,1,1,0
5814,73,East,45,1,111.75,27.05,9,58,0,1,1,0
5815,51,North,53,0,103.74,31.36,3,31,1,1,0,0
5816,21,North,47,0,116.1,21.63,9,83,2,2,0,0
5817,41,East,28,1,133.21,42.2,3,4,1,1,0,0
5818,70,East,54,0,97.98,23.28,3,58,1,0,0,0
5819,40,North,42,1,94.1,31.15,6,82,1,2,0,0
5820,50,South,66,0,93.93,28.3,2,42,1,1,1,0
5821,52,West,27,0,97.1,16.41,3,101,1,1,1,1
5822,58,North,54,1,93.6,49.39,4,74,0,1,0,0
5823,67,North,11,0,87.21,26.48,6,29,1,3,0,0
5824,26,South,52,0,83.45,20.47,3,60,1,3,0,0
5825,47,South,52,0,89.41,21.81,3,83,1,2,1,1
5826,48,East,19,0,57.38,25.14,3,76,1,3,0,0
5827,26,East,5,0,42.64,32.97,2,2,1,4,0,0
5828,56,South,71,1,111.32,27.84,4,24,1,4,0,0
5829,24,East,6,0,82.55,22.05,4,52,1,1,0,0
5830,44,South,34,1,86.47,34.6,5,78,2,4,0,0
5831,36,East,1,0,84.69,37.34,3,22,2,1,0,0
5832,26,North,30,0,66.41,32.99,8,50,2,2,0,1
5833,64,South,59,1,93.48,47.72,5,15,1,1,0,0
5834,31,East,36,1,101.8,35.25,8,61,0,0,0,0
5835,32,South,18,0,79.19,36.46,5,54,2,0,0,1
5836,66,North,28,0,76.82,35.14,7,76,0,4,0,0
5837,68,South,7,1,85.76,40.57,10,66,1,3,1,1
5838,19,East,43,0,105.54,31.22,5,15,0,3,0,0
5839,33,North,1,1,81.92,30.24,5,0,1,2,0,0
5840,58,East,25,0,65.44,39.63,3,55,0,1,0,1
5841,62,East,5,1,65.51,33.04,8,23,2,0,1,0
5842,74,East,18,1,108.1,39.48,7,70,3,3,0,0
5843,49,North,5,0,56.11,30.41,5,24,0,2,0,0
5844,18,West,66,0,88.08,14.03,1,89,0,4,0,0
5845,67,North,55,0,103.28,24.59,5,59,1,2,0,0
5846,27,West,66,1,143.81,36.63,9,81,0,2,0,0
5847,24,East,49,0,88.27,24.09,3,16,3,2,0,0
5848,56,North,36,1,95.95,34.69,6,32,1,2,0,0
5849,52,West,13,1,86.42,46.94,9,71,0,1,0,0
5850,21,South,69,1,107.67,28.38,9,20,1,0,0,0
5851,27,South,66,0,87.66,14.85,2,85,0,2,0,0
5852,51,South,30,0,69.74,20.31,0,14,1,4,0,1
5853,32,East,17,1,102.16,40.95,7,21,2,5,0,0
5854,56,East,28,0,72.68,31.73,8,109,1,4,0,1
5855,41,West,28,0,94.39,29.85,0,21,0,2,1,0
5856,51,North,66,1,111.26,42.29,11,56,0,3,0,0
5857,45,East,5,0,56.99,27.05,2,78,1,1,0,0
5858,38,East,45,0,101.67,20.86,5,64,0,1,0,0
5859,37,East,55,1,107.82,27.44,11,38,1,2,0,0
5860,57,South,55,1,105.6,24.9,7,64,4,2,0,0
5861,47,South,14,1,87.5,33.18,8,25,1,2,0,0
5862,51,East,30,0,97.0,31.31,6,26,1,3,0,1
5863,50,South,25,1,97.09,36.9,9,18,0,1,0,0
5864,29,North,29,1,113.24,35.18,11,53,2,2,0,0
5865,70,East,7,1,79.98,26.56,6,85,2,1,0,0
5866,50,North,6,1,99.34,55.63,7,60,1,0,0,0
5867,58,North,2,1,84.57,28.4,3,78,1,0,0,1
5868,68,North,69,1,127.74,35.96,5,20,0,4,0,0
5869,70,East,30,1,109.5,43.02,5,53,2,4,0,0
5870,56,West,17,0,54.38,25.34,4,34,0,4,0,0
5871,62,South,57,1,109.58,28.54,8,44,0,1,0,0
5872,44,North,36,0,92.36,31.47,5,17,2,4,0,0
5873,60,West,26,1,109.75,24.28,8,41,0,1,0,0
5874,36,North,9,0,83.3,38.94,5,107,2,6,0,1
5875,58,West,28,0,75.57,27.26,4,12,0,2,0,0
5876,22,East,46,0,106.1,22.97,3,61,1,1,0,0
5877,70,North,45,1,92.64,23.67,2,9,1,5,0,0
5878,31,South,28,1,71.58,25.78,10,33,0,0,0,0
5879,55,South,44,0,77.84,24.58,5,100,1,1,1,0
5880,18,East,55,0,105.44,40.14,6,47,1,2,0,0
5881,26,North,67,1,97.21,36.86,6,66,1,1,1,0
5882,74,West,38,0,56.95,27.78,5,115,0,2,1,1
5883,65,East,17,0,42.69,28.09,1,58,3,0,1,0
5884,30,West,10,0,76.04,43.91,3,65,1,4,1,1
5885,25,West,12,1,64.29,31.47,3,74,2,4,0,0
5886,64,North,1,0,68.74,37.52,5,69,2,0,0,0
5887,74,South,40,0,75.08,21.81,6,109,1,3,0,0
5888,27,West,16,1,76.44,29.37,2,46,1,2,0,0
5889,55,South,17,0,53.52,24.36,5,33,1,4,0,0
5890,34,North,52,1,109.09,34.32,9,11,1,1,0,0
5891,60,South,23,1,80.19,39.5,6,6,1,4,0,0
5892,41,North,59,0,89.43,6.41,4,56,1,1,0,0
5893,25,West,10,0,71.02,26.18,6,70,3,5,0,0
5894,36,South,25,0,81.69,20.21,5,43,1,2,1,0
5895,48,East,4,0,76.01,19.21,2,71,2,2,0,1
5896,63,West,39,1,101.97,24.63,6,45,0,2,0,0
5897,19,South,9,1,68.75,32.08,10,39,1,2,0,1
5898,72,East,18,1,95.99,30.87,6,59,3,1,0,0
5899,55,North,53,0,96.34,21.59,1,39,0,6,1,0
5900,67,North,63,1,108.78,21.89,4,63,1,1,0,0
5901,71,North,39,1,95.18,35.79,10,1,0,1,0,0
5902,26,South,69,1,151.63,28.67,5,24,0,2,0,0
5903,23,South,54,0,67.6,11.92,1,93,0,2,0,1
5904,62,South,54,1,114.41,30.61,2,3,0,0,0,0
5905,28,North,71,0,111.19,18.81,6,71,1,3,0,0
5906,26,North,7,1,78.38,35.33,6,40,1,1,0,0
5907,44,East,17,1,85.97,30.51,8,64,1,0,0,0
5908,70,North,32,1,89.98,23.4,5,11,1,1,0,0
5909,63,West,44,0,82.0,17.89,1,69,1,1,0,0
5910,47,West,71,1,128.99,21.19,3,14,0,2,0,0
5911,29,East,8,1,81.03,44.1,8,12,0,4,0,0
5912,37,East,17,1,135.16,45.38,12,84,1,2,0,0
5913,57,East,22,1,84.21,46.35,6,23,1,0,0,0
5914,26,East,48,1,124.66,30.28,2,65,1,0,0,0
5915,47,West,68,0,102.16,35.38,3,34,3,4,0,0
5916,18,West,67,0,95.13,28.26,5,30,1,1,0,0
5917,36,South,54,1,129.06,28.42,13,45,1,2,1,0
5918,32,East,55,0,63.5,19.97,4,61,1,6,0,1
5919,56,West,30,0,81.38,23.62,2,22,1,4,0,0
5920,70,North,44,1,91.25,35.82,4,5,0,1,0,0
5921,26,South,13,0,59.96,27.9,4,36,1,4,0,0
5922,63,East,36,1,90.75,34.99,10,66,1,2,0,1
5923,55,East,21,0,56.04,22.21,4,102,0,5,1,1
5924,73,South,66,0,68.21,35.82,3,109,1,2,1,0
5925,69,South,27,0,79.33,24.09,2,40,0,2,0,0
5926,23,North,29,0,73.51,23.63,6,90,0,4,1,1
5927,60,East,29,0,69.99,23.26,1,40,0,2,0,0
5928,51,West,64,0,103.39,24.09,2,18,0,3,0,0
5929,24,West,67,1,120.28,24.1,7,66,1,1,0,0
5930,32,South,31,0,71.5,16.98,2,69,2,3,0,1
5931,70,North,71,1,161.26,54.57,4,4,1,1,0,0
5932,48,West,54,1,122.27,21.8,6,8,1,3,0,0
5933,37,East,61,1,147.17,37.17,5,5,3,1,0,0
5934,36,South,66,1,106.78,37.74,7,81,0,3,0,0
5935,65,South,24,0,75.75,33.1,0,18,1,3,0,0
5936,34,North,40,0,61.43,27.93,3,14,1,6,0,0
5937,27,West,21,1,85.54,50.13,5,69,1,0,0,0
5938,50,East,23,0,62.74,26.92,1,19,1,2,0,0
5939,74,South,33,1,141.43,45.78,10,17,1,3,0,0
5940,28,West,4,0,51.61,33.32,2,17,0,1,0,0
5941,32,East,16,0,64.49,37.34,4,41,1,1,0,0
5942,44,West,58,0,67.19,25.2,7,36,0,2,0,0
5943,29,South,12,0,74.01,28.18,4,74,0,5,0,1
5944,55,South,45,0,69.0,22.05,2,17,2,1,0,0
5945,32,West,55,1,121.28,36.28,6,28,0,5,0,0
5946,25,West,19,1,62.68,36.72,6,68,1,2,1,0
5947,32,West,33,0,74.68,8.38,1,47,0,5,0,0
5948,71,West,63,0,63.81,23.85,4,78,0,2,0,0
5949,71,South,60,0,82.64,32.12,9,30,1,4,1,0
5950,46,North,66,1,108.69,24.2,8,2,0,0,2,0
5951,40,South,45,0,73.51,17.11,2,86,0,3,0,0
5952,64,West,63,1,104.0,44.25,2,34,1,0,0,0
5953,29,South,29,1,109.07,45.75,7,71,0,1,0,0
5954,55,East,43,0,114.12,20.03,5,48,0,5,0,0
5955,56,West,48,1,109.09,36.39,5,23,1,1,0,0
5956,58,West,70,0,82.1,24.38,2,45,2,1,0,1
5957,30,West,27,1,94.46,44.42,5,78,1,1,0,1
5958,58,East,63,0,86.19,20.73,0,23,1,5,0,0
5959,52,South,37,1,111.84,31.97,11,64,2,1,0,0
5960,67,West,8,0,68.32,35.73,3,97,0,2,0,1
5961,27,North,47,0,59.83,16.97,5,39,1,1,0,0
5962,52,North,70,1,131.47,31.02,10,33,1,4,0,0
5963,65,West,33,1,111.0,36.06,6,49,1,2,0,0
5964,33,East,39,1,121.93,47.19,8,4,1,1,0,0
5965,60,South,66,0,85.25,15.45,3,38,0,1,1,0
5966,23,North,66,1,117.51,29.32,5,81,0,0,0,0
5967,58,South,29,1,76.73,39.74,6,68,0,2,0,0
5968,52,West,54,1,106.23,40.98,9,39,0,2,0,0
5969,28,East,45,0,88.45,26.69,5,20,0,1,0,0
5970,21,South,46,1,93.46,34.07,12,35,0,1,1,0
5971,60,East,52,0,91.14,26.04,8,55,2,4,0,0
5972,31,West,24,1,94.52,22.94,10,55,2,3,0,0
5973,46,West,22,0,64.25,25.81,3,31,0,2,1,0
5974,21,South,2,0,81.96,36.86,3,37,1,2,0,0
5975,72,East,61,0,86.98,14.44,5,16,3,4,0,0
5976,49,North,20,0,71.99,18.73,7,59,5,3,0,0
5977,71,South,48,1,82.0,31.82,6,67,2,2,1,1
5978,27,North,49,0,92.29,22.33,3,66,1,1,0,0
5979,29,South,50,0,77.85,39.73,5,55,0,0,0,0
5980,52,East,62,0,105.36,17.54,1,57,1,0,0,0
5981,52,South,62,1,91.33,25.95,9,0,0,1,0,0
5982,63,North,1,1,86.96,41.17,6,68,2,3,1,1
5983,70,North,60,1,77.27,29.83,6,5,0,1,0,0
5984,64,North,15,0,76.74,31.3,4,8,0,2,0,0
5985,25,East,46,1,100.38,33.42,7,48,0,1,0,0
5986,35,North,48,1,109.99,38.67,4,41,0,1,0,0
5987,70,North,4,1,73.0,22.46,8,1,1,1,0,0
5988,49,West,21,0,56.26,28.65,4,32,1,2,0,0
5989,67,North,65,1,105.98,36.74,9,32,1,0,0,0
5990,50,West,11,1,88.38,32.96,4,89,1,3,0,1
5991,20,East,17,0,77.15,15.14,2,47,1,1,0,0
5992,44,East,6,0,67.56,26.73,6,84,0,1,0,0
5993,65,East,12,1,71.95,40.79,10,7,0,2,0,0
5994,55,North,46,0,110.57,20.75,3,90,0,0,0,0
5995,25,West,60,1,114.99,30.91,4,57,0,1,0,0
5996,29,West,43,1,92.16,41.35,7,36,2,2,0,0
5997,66,South,21,1,96.86,48.68,7,39,2,0,1,0
5998,73,East,61,0,94.34,32.52,3,29,1,2,0,0
5999,60,East,27,0,70.87,26.84,1,31,1,5,0,0
6000,23,West,23,1,87.11,33.05,8,75,1,2,0,0
6001,53,West,36,1,112.77,34.78,3,52,1,2,0,0
6002,65,North,10,1,110.92,24.4,8,53,4,0,0,0
6003,54,West,26,1,62.46,33.76,8,37,2,3,1,0
6004,51,West,57,0,106.96,33.96,4,62,0,2,0,0
6005,44,East,44,0,82.3,25.32,4,83,1,1,1,1
6006,31,North,71,0,99.05,20.0,5,117,0,3,0,0
6007,34,West,56,0,108.27,19.26,0,10,1,5,0,0
6008,60,East,26,0,33.18,24.75,5,34,0,2,0,1
6009,21,South,55,1,119.72,25.12,8,14,0,2,0,0
6010,22,West,62,0,110.24,17.73,4,79,0,2,1,0
6011,40,East,45,0,72.17,37.26,4,67,0,0,0,0
6012,62,West,55,1,86.59,26.71,9,0,1,1,0,0
6013,55,East,36,1,122.6,28.59,10,42,1,2,0,0
6014,51,South,65,1,86.15,37.33,7,6,0,2,0,1
6015,48,West,17,0,74.78,21.47,2,80,0,3,0,0
6016,24,East,31,0,90.85,25.71,5,93,2,2,0,0
6017,36,South,19,1,95.45,41.9,7,55,1,1,0,1
6018,22,South,8,1,92.47,22.62,7,48,2,2,1,1
6019,61,North,44,0,78.02,31.03,4,72,0,1,0,0
6020,60,East,9,1,91.44,30.34,6,43,0,4,0,0
6021,32,South,17,1,77.87,32.71,4,46,2,2,0,0
6022,34,West,55,0,78.82,40.38,6,78,2,1,0,0
6023,36,West,18,0,69.53,13.78,5,27,2,1,0,0
6024,68,East,62,0,67.9,29.73,6,98,0,2,0,0
6025,45,North,4,1,90.66,44.02,11,55,2,4,0,0
6026,61,East,33,1,59.29,29.53,9,49,1,1,0,0
6027,43,North,5,0,67.94,19.66,4,56,0,5,1,1
6028,57,West,5,1,89.35,32.05,7,23,2,1,0,0
6029,48,South,57,1,96.58,29.48,6,52,1,4,0,0
6030,33,West,5,0,43.99,25.53,4,53,2,3,0,1
6031,67,South,64,1,105.88,42.14,5,52,2,0,1,0
6032,58,North,43,0,91.1,22.09,6,24,1,3,0,0
6033,61,West,35,0,82.69,32.43,2,86,1,5,0,0
6034,72,South,66,0,76.33,36.21,4,54,0,4,0,1
6035,32,West,28,1,95.59,38.45,5,81,0,1,0,0
6036,23,West,29,1,98.43,39.2,3,25,1,2,0,0
6037,51,South,30,0,78.29,20.25,1,53,1,6,0,0
6038,36,South,47,1,88.7,14.02,7,55,2,2,0,0
6039,42,East,61,0,92.84,29.69,3,34,2,2,0,0
6040,31,West,39,0,93.27,31.37,5,56,1,6,0,0
6041,40,West,20,1,98.05,36.94,7,36,2,2,0,0
6042,40,South,64,1,118.17,42.28,7,70,0,2,0,0
6043,37,East,43,0,106.14,20.61,8,96,0,1,1,0
6044,60,South,60,0,92.52,29.15,1,69,0,6,0,0
6045,51,East,31,0,62.87,36.78,3,30,2,2,1,0
6046,45,West,15,1,74.92,40.33,8,77,2,3,0,0
6047,24,West,68,1,116.64,45.74,5,51,1,1,0,0
6048,50,South,49,1,82.94,45.79,11,2,1,1,0,0
6049,27,South,22,1,86.34,25.23,6,11,2,0,0,0
6050,35,North,61,0,97.46,30.75,4,66,1,1,0,0
6051,41,North,1,1,98.07,29.94,9,22,2,1,0,0
6052,26,South,67,0,70.34,16.14,2,25,0,2,0,0
6053,40,West,42,1,102.49,32.71,11,31,0,0,0,0
6054,33,South,42,0,79.98,39.03,4,26,2,0,1,0
6055,66,South,1,1,81.06,30.65,2,6,1,0,0,0
6056,67,East,13,1,88.62,20.93,7,55,0,0,0,0
6057,18,North,52,1,105.52,23.44,2,48,0,0,0,0
6058,52,North,40,1,120.88,38.83,8,75,1,1,0,0
6059,54,West,10,0,83.66,18.93,4,24,1,2,0,0
6060,39,North,48,0,116.15,8.65,2,27,0,1,0,0
6061,44,South,53,0,86.34,13.76,5,37,0,1,0,0
6062,63,East,20,1,83.84,36.34,8,3,3,2,0,0
6063,39,North,49,0,69.98,31.24,1,82,0,0,0,0
6064,21,South,70,1,107.21,31.43,6,25,0,3,1,0
6065,39,North,35,1,108.22,40.19,7,78,3,2,0,0
6066,32,South,17,0,81.53,32.32,4,18,2,1,0,0
6067,39,West,69,1,124.63,28.73,8,5,0,0,0,0
6068,31,South,65,0,82.53,24.03,1,44,1,4,0,0
6069,26,South,33,0,66.61,20.2,4,36,1,1,0,0
6070,74,South,31,1,124.85,39.31,4,2,0,1,0,0
6071,25,West,60,0,77.52,20.1,1,88,1,2,0,1
6072,58,North,1,0,81.75,15.29,5,36,4,5,1,1
6073,58,West,23,1,97.57,35.42,5,1,2,1,0,0
6074,53,South,39,1,88.51,43.88,9,32,1,1,1,0
6075,69,West,47,0,65.73,29.08,5,76,0,0,0,0
6076,18,South,45,1,92.17,43.05,8,60,1,3,0,1
6077,35,North,27,1,99.76,42.35,7,18,1,1,0,0
6078,28,South,62,0,77.36,25.34,2,29,0,6,0,0
6079,50,North,47,0,106.82,20.22,2,63,0,1,0,0
6080,54,East,39,0,76.38,18.04,6,10,1,1,0,0
6081,69,East,67,1,124.01,22.31,8,79,1,3,0,0
6082,39,East,7,0,72.8,34.52,1,17,1,3,0,0
6083,31,North,51,0,109.83,22.36,3,39,0,1,1,0
6084,70,East,66,0,86.43,11.36,4,48,2,6,0,0
6085,56,South,47,1,105.09,44.87,8,41,0,1,0,0
6086,61,West,41,0,59.48,25.75,2,28,2,2,1,0
6087,43,East,26,1,94.55,42.74,10,64,2,3,0,0
6088,43,East,20,1,107.1,32.91,7,89,1,4,0,0
6089,40,West,39,1,102.79,28.65,6,15,1,1,0,0
6090,60,East,64,1,146.69,38.57,9,27,1,1,0,0
6091,30,East,33,0,84.3,29.23,4,51,1,0,0,0
6092,73,North,9,1,76.39,32.76,8,26,0,1,0,0
6093,28,East,35,0,84.34,35.51,9,88,3,2,0,0
6094,44,South,7,0,41.55,32.56,5,74,0,4,0,0
6095,35,North,67,1,101.52,39.52,10,74,0,3,0,0
6096,54,West,38,0,60.74,16.12,10,58,2,0,0,0
6097,56,North,16,0,68.24,14.99,7,62,2,1,0,0
6098,70,East,45,1,101.59,44.59,7,63,0,2,0,0
6099,62,North,39,1,117.58,17.49,6,12,0,2,0,0
6100,32,South,37,0,77.01,24.27,5,58,1,2,1,0
6101,29,West,43,1,86.46,36.17,9,53,2,2,1,0
6102,68,North,66,0,116.39,21.08,6,38,1,1,0,0
6103,45,East,61,1,66.33,34.72,3,38,3,2,0,0
6104,23,East,19,1,90.08,38.36,6,49,0,1,1,0
6105,65,West,18,0,72.26,20.3,3,34,1,2,0,0
6106,54,North,71,1,115.35,42.05,8,81,1,0,0,0
6107,19,West,46,1,110.5,39.66,3,72,0,0,0,0
6108,62,South,2,1,82.66,33.56,6,0,3,2,0,0
6109,52,South,38,0,86.49,18.39,3,57,0,3,1,0
6110,53,South,9,0,55.47,24.27,4,10,2,2,1,0
6111,67,South,3,0,39.61,41.89,4,98,0,7,1,1
6112,46,South,14,1,86.3,28.94,3,86,1,2,0,1
6113,44,North,19,1,74.1,47.25,8,17,0,2,1,0
6114,53,South,6,0,52.07,10.96,1,84,0,4,0,1
6115,29,East,60,0,107.42,18.11,3,94,0,4,0,0
6116,26,South,32,0,99.37,20.66,5,89,0,2,0,0
6117,66,North,40,1,117.14,42.59,6,31,2,2,0,0
6118,30,South,62,0,105.36,25.44,3,2,1,0,0,0
6119,46,South,60,1,110.9,45.48,9,83,0,1,0,0
6120,33,East,59,1,124.73,32.34,2,30,0,1,0,0
6121,31,West,14,0,72.33,24.57,5,108,1,5,0,1
6122,52,East,53,0,115.71,22.37,1,75,0,5,1,0
6123,63,East,71,0,81.73,41.21,6,80,0,3,1,0
6124,43,North,1,1,90.59,26.04,3,15,2,3,0,0
6125,25,West,62,0,72.04,20.93,7,97,1,2,0,0
6126,31,South,62,1,121.18,27.18,5,9,2,2,0,0
6127,27,South,60,1,84.21,39.59,5,53,2,2,1,0
6128,68,North,29,1,76.3,25.87,9,65,1,0,0,0
6129,36,North,15,0,48.26,39.58,3,48,1,1,0,0
6130,39,West,52,0,89.78,25.65,3,24,0,2,0,0
6131,22,North,45,0,87.82,28.3,3,56,1,2,0,1
6132,43,South,52,1,142.76,38.7,4,80,1,0,0,0
6133,70,North,19,0,68.13,24.84,2,82,0,3,1,0
6134,41,West,13,0,78.09,25.97,2,46,2,4,1,1
6135,55,West,65,0,94.91,25.68,8,92,0,1,0,0
6136,28,West,37,0,88.83,29.15,3,22,0,0,0,1
6137,26,West,61,0,92.65,18.42,4,80,0,5,0,0
6138,59,West,66,0,109.49,17.06,2,68,1,2,0,0
6139,21,South,33,0,60.71,31.57,4,61,1,2,1,0
6140,43,North,19,1,52.79,34.98,6,32,2,3,1,0
6141,36,South,64,1,118.26,18.95,7,26,3,1,0,0
6142,18,South,51,1,78.42,31.2,4,74,1,1,1,0
6143,48,East,48,0,103.68,37.24,4,21,2,1,0,0
6144,72,North,69,1,106.28,33.72,7,78,1,2,0,0
6145,21,North,18,0,53.43,20.75,3,82,2,5,1,1
6146,64,East,26,0,113.51,13.04,3,36,1,0,0,0
6147,48,North,3,1,81.22,30.46,9,14,1,1,0,0
6148,59,North,28,0,70.85,15.69,2,44,1,3,0,0
6149,23,North,32,1,107.22,38.43,2,79,1,1,0,1
6150,67,East,33,0,88.73,25.39,5,29,1,2,0,0
6151,18,North,11,0,82.59,22.09,4,45,1,3,0,1
6152,69,North,58,1,89.01,28.9,8,49,0,1,0,0
6153,55,North,35,0,85.54,37.21,0,40,1,3,0,0
6154,37,East,32,1,91.6,29.36,4,67,2,4,0,0
6155,18,North,62,0,77.18,19.39,7,44,1,2,0,0
6156,52,North,35,1,98.22,33.06,5,85,1,5,0,1
6157,22,West,64,0,64.83,24.18,1,40,2,2,0,1
6158,52,West,16,0,81.84,28.86,2,76,0,4,0,0
6159,62,North,61,0,86.14,32.44,2,83,0,3,0,0
6160,33,North,71,0,88.34,31.84,1,49,1,4,0,0
6161,31,North,54,1,104.93,54.44,3,25,1,0,0,0
6162,30,East,64,1,109.49,21.46,7,67,0,1,0,0
6163,30,North,53,1,123.61,36.85,9,34,2,0,1,0
6164,24,West,43,0,65.06,20.84,3,102,1,5,0,1
6165,32,West,55,1,101.77,51.08,9,42,1,3,0,0
6166,55,East,69,0,91.25,26.4,0,62,2,0,1,1
6167,35,North,43,0,65.52,8.76,5,76,3,1,0,0
6168,62,West,49,0,86.89,28.47,7,66,0,2,0,0
6169,64,East,6,1,72.14,37.13,10,51,0,0,0,0
6170,61,West,69,0,73.44,31.06,3,63,0,3,0,0
6171,48,North,56,1,115.89,29.21,12,85,0,2,0,0
6172,36,East,12,0,89.21,27.62,4,19,1,5,0,0
6173,71,West,21,0,71.23,22.84,2,36,2,3,0,0
6174,29,West,17,1,86.95,29.63,6,26,0,0,0,0
6175,44,East,23,1,89.63,37.74,4,33,1,2,0,1
6176,43,South,63,1,103.76,36.22,11,2,1,1,0,0
6177,60,South,33,1,114.05,43.4,9,51,1,2,0,0
6178,49,East,30,1,96.41,35.22,9,86,1,0,0,0
6179,63,West,56,0,55.32,29.83,10,71,0,4,0,1
6180,70,East,27,0,91.48,15.34,1,36,1,2,0,0
6181,40,North,63,1,125.81,46.16,4,2,2,3,0,0
6182,67,North,54,1,116.02,28.78,5,23,1,0,0,0
6183,27,East,19,1,48.17,42.22,8,41,3,1,1,0
6184,70,West,45,0,82.46,27.1,0,86,1,4,1,1
6185,28,North,35,1,110.9,36.09,11,38,0,1,0,0
6186,66,South,25,0,78.19,31.08,1,10,0,1,1,0
6187,40,West,65,1,115.58,17.88,4,46,0,2,0,0
6188,72,South,29,0,87.93,20.41,4,17,1,0,0,0
6189,25,North,9,0,66.59,30.97,5,56,1,3,1,0
6190,44,South,29,0,92.55,40.38,5,23,1,4,0,0
6191,69,South,37,1,100.93,34.81,7,76,1,3,0,0
6192,20,North,9,1,85.73,15.5,9,56,1,3,0,0
6193,33,East,53,1,119.89,32.46,6,73,1,4,0,0
6194,22,East,17,1,82.52,34.52,5,48,0,4,0,0
6195,36,East,7,1,67.04,43.88,4,43,3,1,0,0
6196,40,East,39,0,79.56,25.39,3,99,0,4,0,1
6197,53,North,12,0,74.86,14.79,6,85,3,2,0,1
6198,32,North,56,1,121.88,42.71,8,4,0,1,1,0
6199,27,North,5,1,96.46,39.55,9,51,0,2,1,0
6200,27,North,30,0,73.97,19.41,8,96,2,0,0,0
6201,71,East,4,1,79.43,40.76,2,73,2,3,0,1
6202,72,North,28,0,65.12,20.63,6,55,1,2,0,0
6203,30,East,67,0,97.25,22.61,2,95,0,3,0,0
6204,29,North,47,1,78.88,30.76,13,39,0,1,0,1
6205,21,North,38,0,79.34,22.52,5,15,3,4,1,0
6206,72,North,12,1,128.75,42.25,3,27,0,3,0,0
6207,58,South,23,0,48.94,10.71,1,63,2,3,0,0
6208,61,East,28,1,96.35,43.83,9,78,0,0,0,0
6209,34,West,42,0,86.67,26.41,5,93,2,3,0,0
6210,54,North,15,0,75.1,21.88,3,79,1,3,0,1
6211,21,East,71,1,101.0,35.17,6,10,0,1,0,0
6212,56,East,47,1,111.23,27.73,6,18,0,2,0,0
6213,51,South,23,1,83.48,21.95,16,80,1,0,0,0
6214,36,North,8,0,42.59,17.95,4,30,1,3,0,0
6215,58,North,43,0,95.78,9.84,5,47,0,4,0,0
6216,54,North,32,0,85.97,14.18,4,97,0,2,0,0
6217,43,West,48,1,89.5,22.02,6,7,1,1,0,0
6218,28,South,43,0,73.34,34.79,4,82,0,3,0,1
6219,19,South,46,1,94.3,24.73,9,63,0,4,0,0
6220,71,East,60,0,65.35,24.67,3,48,1,4,0,0
6221,34,South,38,1,110.44,43.93,6,72,0,0,0,0
6222,35,East,52,0,98.0,31.8,4,59,2,2,1,0
6223,56,North,26,0,68.01,22.64,3,53,0,3,0,0
6224,32,South,67,0,93.08,22.68,2,86,1,2,1,0
6225,39,North,29,0,76.22,26.44,3,92,0,3,0,1
6226,58,North,49,1,108.17,51.9,10,23,1,2,0,0
6227,51,South,71,1,95.29,38.3,5,76,0,0,0,0
6228,55,East,25,0,79.83,30.35,0,35,1,3,0,0
6229,18,East,8,0,46.37,43.13,3,74,0,2,0,0
6230,43,East,17,0,78.72,27.22,3,44,1,3,0,0
6231,45,North,18,0,53.03,34.18,7,94,0,1,1,0
6232,54,West,5,1,63.0,38.82,5,39,2,2,0,0
6233,26,North,39,1,99.08,38.71,7,79,0,1,0,0
6234,27,West,20,1,89.24,27.29,5,86,4,1,0,1
6235,61,East,7,1,85.06,25.97,5,9,1,2,0,0
6236,56,East,10,0,51.61,20.9,2,110,0,4,0,0
6237,64,South,20,0,73.04,32.06,3,82,1,1,0,0
6238,33,East,27,0,77.95,31.68,5,70,2,1,1,0
6239,74,East,70,1,132.49,45.67,3,65,0,2,0,0
6240,33,North,50,0,87.78,24.91,2,78,0,2,0,0
6241,55,West,51,0,76.51,29.3,3,66,2,2,0,0
6242,27,North,50,1,84.79,39.34,8,46,1,2,0,0
6243,70,South,58,0,66.05,24.14,1,114,2,0,0,0
6244,36,East,23,0,76.34,22.43,9,19,1,6,1,0
6245,63,West,8,1,95.9,23.12,8,35,0,4,0,0
6246,36,South,37,0,65.15,23.78,6,28,1,7,0,0
6247,63,North,1,0,64.33,24.17,5,38,1,3,1,0
6248,43,South,16,1,85.39,44.08,2,37,2,1,0,0
6249,21,North,54,0,97.77,34.86,4,54,1,3,0,0
6250,28,South,36,1,110.99,36.17,7,35,0,0,0,0
6251,56,South,50,1,71.01,51.51,6,56,0,2,0,0
6252,29,West,37,0,93.98,26.52,4,30,1,2,0,0
6253,33,North,39,1,103.28,43.26,9,80,1,0,0,0
6254,48,North,22,0,63.03,24.2,2,33,3,1,0,0
6255,32,South,16,1,80.45,25.88,4,42,2,1,0,0
6256,25,North,19,0,69.98,21.6,5,59,1,0,0,0
6257,53,North,57,1,100.94,46.79,14,66,0,2,0,0
6258,57,South,70,0,80.94,22.89,11,33,1,0,0,0
6259,59,South,6,1,72.38,31.27,10,49,4,0,0,1
6260,71,North,39,0,63.9,24.97,9,7,1,4,0,0
6261,25,East,34,1,117.2,31.88,6,29,1,0,0,0
6262,42,West,40,1,100.84,44.55,5,26,1,1,0,0
6263,31,East,17,1,122.29,50.08,9,32,5,4,0,0
6264,69,South,1,1,86.07,35.05,6,4,1,1,0,0
6265,48,North,15,1,96.33,39.32,10,58,0,1,0,0
6266,23,North,13,1,70.58,42.78,8,45,1,2,0,0
6267,57,East,4,0,58.73,25.87,2,56,0,3,0,0
6268,20,East,26,1,94.09,27.98,5,57,0,0,0,0
6269,33,North,49,1,94.94,31.72,10,69,2,5,0,0
6270,59,North,69,1,107.53,38.3,7,8,1,2,1,0
6271,46,South,47,0,89.8,28.15,2,36,2,0,1,0
6272,61,South,13,0,73.1,10.66,2,78,1,3,1,0
6273,50,West,26,0,52.95,21.51,3,19,0,5,0,0
6274,66,North,22,1,95.26,29.1,7,72,1,3,0,0
6275,50,North,16,0,76.3,32.06,6,60,0,1,0,0
6276,21,South,71,0,86.65,19.41,5,32,1,2,0,0
6277,22,North,47,0,73.12,21.31,4,27,1,2,1,0
6278,62,North,35,0,84.12,21.03,2,53,2,2,0,0
6279,20,South,32,1,57.4,41.33,6,67,0,0,0,0
6280,39,South,23,0,71.53,32.75,2,97,2,2,0,1
6281,18,North,30,0,99.52,28.95,5,55,2,1,0,0
6282,35,East,46,1,64.05,43.85,5,75,1,2,0,0
6283,51,South,66,1,125.34,44.88,6,2,1,1,0,0
6284,27,North,36,1,106.17,20.52,7,55,0,0,0,0
6285,44,West,14,0,45.43,29.74,3,88,1,7,0,0
6286,74,South,68,0,101.81,22.04,4,23,2,5,0,0
6287,22,West,23,1,106.52,24.95,9,43,1,1,0,0
6288,21,West,6,0,45.35,22.44,6,34,0,1,0,0
6289,33,South,39,1,88.89,40.85,5,63,2,4,1,1
6290,65,North,57,1,108.89,46.64,8,4,3,2,0,0
6291,41,West,19,0,84.17,14.24,1,40,1,0,1,0
6292,54,South,20,0,61.88,29.95,4,58,0,3,0,0
6293,19,North,21,0,69.87,40.73,6,58,1,2,1,0
6294,59,East,58,0,79.03,39.65,5,33,0,2,0,0
6295,21,South,68,0,94.37,2.0,3,97,2,1,0,0
6296,58,West,61,1,126.2,52.43,4,75,3,1,0,0
6297,26,East,17,1,90.09,42.69,9,56,2,2,0,0
6298,66,West,61,1,105.14,16.54,11,39,2,0,0,0
6299,34,East,22,1,90.51,28.87,7,26,0,0,1,0
6300,28,East,62,0,78.99,35.06,2,77,1,3,0,0
6301,37,South,71,1,100.58,37.88,6,77,1,3,0,0
6302,18,West,51,0,103.55,20.41,1,39,0,3,0,0
6303,27,West,68,1,138.57,35.53,6,50,1,0,0,0
6304,52,West,11,1,58.63,39.37,5,43,1,1,1,0
6305,35,East,47,1,112.23,30.37,3,45,1,0,1,0
6306,38,East,4,0,74.88,23.98,4,76,0,0,1,0
6307,64,North,47,0,65.32,32.18,3,17,1,3,0,0
6308,25,West,25,1,85.42,29.39,8,77,1,2,1,1
6309,40,North,69,1,105.84,24.14,6,81,1,3,0,0
6310,28,North,36,1,126.51,29.9,11,8,1,2,0,0
6311,45,South,55,0,112.29,17.89,5,21,1,0,0,0
6312,36,East,22,1,77.18,30.16,8,17,1,1,0,0
6313,20,East,6,1,61.11,21.18,4,49,0,2,0,0
6314,22,North,53,0,98.09,26.88,5,68,0,2,1,0
6315,66,North,16,1,96.16,41.94,5,45,1,0,0,0
6316,21,North,52,0,104.66,18.51,9,59,2,1,0,0
6317,62,South,33,1,80.61,29.78,3,54,1,0,0,0
6318,70,North,70,0,105.85,23.5,0,91,2,5,0,1
6319,44,East,26,0,62.02,17.71,7,89,0,5,0,0
6320,35,North,29,0,83.85,32.87,1,38,1,4,0,0
6321,62,South,53,1,105.94,27.89,10,42,0,5,0,1
6322,73,South,56,0,116.51,20.79,1,78,0,4,0,0
6323,24,South,9,0,71.21,18.89,1,68,0,1,0,0
6324,72,West,53,0,81.79,33.06,2,32,1,1,0,0
6325,71,North,35,1,99.57,33.15,7,36,0,6,0,0
6326,26,South,71,0,93.99,40.94,7,49,0,1,0,0
6327,21,East,45,0,65.18,27.83,5,94,1,3,0,0
6328,58,North,55,1,136.37,44.27,7,57,3,0,0,0
6329,22,West,25,0,96.48,22.41,4,85,1,5,0,1
6330,52,West,21,0,67.86,17.46,4,21,1,0,0,1
6331,21,East,56,1,118.5,34.73,3,87,0,2,0,0
6332,57,West,2,0,91.77,19.57,2,42,1,6,0,0
6333,31,South,42,0,99.55,9.01,2,69,1,3,0,0
6334,23,South,69,0,89.89,33.11,3,7,2,3,0,0
6335,21,North,71,0,94.18,25.26,4,10,1,4,0,0
6336,28,North,51,1,79.74,29.4,4,48,0,4,0,0
6337,48,North,36,1,109.62,38.01,10,61,0,0,0,0
6338,22,South,58,0,107.64,25.38,4,76,1,8,1,1
6339,63,South,2,1,99.75,46.28,3,66,1,0,0,0
6340,52,North,57,1,119.02,38.46,9,46,4,5,0,0
6341,34,East,14,0,72.29,23.74,3,36,1,8,0,0
6342,74,North,53,0,71.53,30.55,6,80,3,1,1,0
6343,55,South,25,1,97.3,34.71,6,58,2,1,1,0
6344,56,North,54,1,97.53,36.47,7,37,2,2,0,1
6345,27,East,43,0,89.38,34.81,4,86,1,7,0,1
6346,58,South,66,1,101.54,25.65,5,17,0,0,0,0
6347,49,East,56,1,115.78,28.09,8,22,3,1,0,0
6348,74,North,65,1,132.35,31.65,9,69,2,0,0,0
6349,45,South,11,0,71.16,22.82,3,81,2,4,0,1
6350,56,West,27,1,98.43,44.25,5,32,3,3,0,0
6351,37,North,32,0,89.7,13.68,2,68,2,4,0,0
6352,20,South,3,1,108.06,34.76,3,24,1,3,0,0
6353,25,North,2,0,59.39,20.59,6,18,0,4,0,0
6354,67,North,3,0,69.32,38.6,4,44,2,3,0,0
6355,60,South,55,0,110.17,32.07,3,1,1,4,1,0
6356,38,North,32,0,86.04,26.91,6,54,2,5,0,0
6357,57,South,54,0,56.96,32.75,2,33,0,2,1,0
6358,18,West,60,1,99.27,24.44,2,14,0,4,0,0
6359,20,North,3,0,72.77,41.22,3,50,0,4,1,1
6360,46,North,61,1,104.5,28.27,7,55,3,2,0,0
6361,53,West,17,0,90.11,35.06,2,16,0,2,1,0
6362,71,South,29,1,122.37,39.41,6,25,1,0,0,0
6363,61,West,69,0,85.65,27.11,1,56,1,2,0,0
6364,32,South,22,0,55.51,34.72,5,8,0,3,0,0
6365,64,East,67,0,88.08,32.97,2,67,1,5,0,0
6366,46,West,36,0,71.72,25.86,3,92,0,1,1,0
6367,65,North,1,0,83.54,21.63,5,53,2,4,0,1
6368,27,West,60,1,94.47,35.98,7,80,2,1,0,0
6369,19,East,4,1,93.14,34.18,11,72,1,2,0,0
6370,21,West,46,1,123.82,37.83,6,80,0,3,0,1
6371,74,North,33,0,88.79,33.16,1,79,1,3,0,0
6372,22,South,10,0,71.55,28.75,7,56,0,1,0,0
6373,71,North,37,0,76.07,26.48,0,10,0,4,1,0
6374,59,West,26,0,100.73,19.77,4,55,1,3,0,1
6375,26,North,7,1,79.82,37.6,6,54,1,1,0,0
6376,67,North,40,1,114.22,21.43,6,25,3,0,0,0
6377,26,West,4,1,79.62,28.62,6,36,0,1,0,0
6378,26,South,39,1,71.87,39.85,11,66,1,1,0,0
6379,50,East,17,0,64.46,32.08,5,66,4,1,2,1
6380,34,South,59,1,107.16,34.83,4,26,0,1,0,0
6381,34,East,68,1,111.85,36.61,10,69,0,0,0,0
6382,29,North,67,0,83.6,27.96,2,58,0,2,0,0
6383,52,South,67,1,122.89,40.45,8,82,0,2,0,0
6384,19,South,8,0,75.06,23.39,6,84,1,0,0,0
6385,31,South,37,0,73.91,17.14,4,97,1,1,0,0
6386,49,North,16,0,63.29,28.1,5,32,2,1,0,0
6387,45,North,7,1,67.74,50.67,9,88,0,0,0,1
6388,57,East,28,0,77.82,17.62,6,12,1,0,1,0
6389,30,North,31,1,116.17,33.98,3,54,2,0,0,0
6390,54,South,22,0,91.68,21.91,3,57,2,2,0,0
6391,61,South,9,0,55.51,44.31,4,57,1,4,2,0
6392,40,South,29,0,104.37,17.31,4,52,1,4,0,1
6393,32,East,12,1,80.57,33.72,10,53,1,3,0,1
6394,49,South,3,0,46.26,22.08,6,66,1,1,0,0
6395,50,West,33,0,56.07,14.97,3,91,0,6,0,0
6396,23,East,5,0,46.36,14.53,7,23,1,1,0,0
6397,50,West,69,1,119.51,39.55,6,39,1,2,0,0
6398,26,East,60,1,106.14,40.67,8,17,1,0,0,0
6399,50,North,66,1,103.52,30.52,9,5,1,1,0,0
6400,71,West,8,0,51.29,36.27,3,53,0,3,0,0
6401,48,West,34,1,80.71,16.99,13,37,0,2,1,0
6402,61,East,59,0,76.15,14.93,3,13,1,1,0,0
6403,35,North,41,1,115.73,28.4,5,79,1,3,0,0
6404,70,North,22,1,118.05,34.93,10,48,2,1,0,0
6405,64,East,60,0,117.98,21.39,3,48,2,3,1,0
6406,70,South,22,0,81.31,23.39,4,81,1,2,0,0
6407,60,East,70,1,107.62,38.88,5,33,0,3,0,0
6408,55,South,8,1,73.98,46.66,4,5,0,5,0,0
6409,47,South,51,1,116.84,41.42,5,54,2,3,1,0
6410,70,North,1,1,76.8,35.45,5,75,1,1,0,0
6411,66,North,65,0,98.68,24.36,3,111,0,3,0,0
6412,41,North,26,1,121.96,43.81,7,23,0,2,0,0
6413,22,West,2,0,64.25,40.07,2,64,3,5,0,0
6414,18,East,60,0,124.17,30.11,6,76,1,7,0,0
6415,31,West,69,0,77.6,21.08,6,51,0,4,0,0
6416,21,East,66,1,119.71,37.07,4,15,1,0,0,0
6417,30,East,35,0,82.21,29.64,6,50,2,3,0,0
6418,24,South,5,1,67.74,30.56,5,5,2,2,0,0
6419,73,West,17,1,100.52,41.93,8,53,3,2,0,0
6420,23,West,3,1,104.46,37.11,4,20,1,2,0,0
6421,53,East,4,0,95.04,34.32,3,42,0,4,0,0
6422,38,North,12,0,72.17,17.19,7,107,2,1,1,0
6423,27,East,40,0,51.5,11.07,6,34,2,4,0,0
6424,57,North,55,1,114.65,31.86,5,48,1,3,0,0
6425,73,North,42,1,112.13,35.19,5,30,1,2,0,0
6426,63,East,15,1,83.97,20.59,11,72,0,1,0,0
6427,73,West,43,0,84.73,20.13,3,14,1,2,1,0
6428,51,North,17,0,61.25,35.27,4,72,2,4,0,1
6429,56,North,33,0,74.49,29.27,2,63,1,3,0,1
6430,26,West,64,0,107.26,26.11,1,94,0,4,0,0
6431,66,North,10,0,85.84,16.55,3,13,1,2,1,0
6432,60,North,63,1,92.44,45.0,7,22,0,0,0,0
6433,32,East,20,0,62.33,21.66,2,83,2,1,0,0
6434,38,West,48,0,60.17,25.76,3,20,1,3,0,0
6435,52,South,19,0,97.07,28.26,5,62,2,1,1,1
6436,18,South,12,1,99.06,36.37,8,27,1,1,0,0
6437,64,South,32,0,45.98,36.93,5,86,1,3,0,1
6438,33,North,28,1,93.03,39.6,12,40,1,1,2,0
6439,22,East,37,1,94.25,37.71,7,80,0,0,0,0
6440,36,West,17,0,57.16,24.31,5,50,0,1,0,0
6441,65,South,70,1,130.54,38.46,5,15,1,1,1,0
6442,33,North,48,0,99.2,23.32,5,59,1,2,0,0
6443,48,North,60,1,114.04,36.52,7,85,1,0,0,0
6444,64,North,56,1,98.38,32.27,5,50,1,5,0,0
6445,19,South,52,0,76.5,21.0,3,50,1,2,0,0
6446,61,North,11,0,66.16,17.67,5,56,1,8,0,0
6447,34,West,42,0,74.14,22.83,1,26,0,0,1,0
6448,57,North,64,1,111.91,32.31,6,81,0,2,0,0
6449,28,East,7,1,91.87,49.64,6,10,0,0,0,0
6450,25,East,33,0,53.5,32.94,3,42,1,2,0,0
6451,62,West,14,0,55.63,23.93,2,60,2,2,0,0
6452,64,West,57,0,87.99,21.61,7,67,0,3,0,0
6453,73,South,67,1,136.98,39.92,5,86,3,4,0,0
6454,56,North,4,0,74.68,40.54,2,67,2,0,0,0
6455,44,East,57,1,108.45,41.37,8,34,1,3,0,0
6456,29,North,26,0,79.03,11.24,5,104,0,5,1,0
6457,34,North,69,1,112.98,41.91,5,10,1,2,1,0
6458,54,North,2,1,97.16,43.32,6,65,0,2,0,0
6459,37,West,14,1,93.51,52.59,13,5,0,0,0,0
6460,45,North,52,0,105.18,23.01,5,33,0,3,0,0
6461,27,South,56,0,67.67,26.11,4,64,0,2,0,0
6462,43,South,6,0,50.91,28.6,6,79,1,3,0,0
6463,31,East,12,1,90.12,28.89,3,3,2,1,0,0
6464,24,South,25,1,99.9,28.16,6,18,2,0,0,0
6465,25,West,3,1,117.51,38.19,7,8,3,1,0,0
6466,47,East,56,1,80.88,22.66,7,88,0,2,0,0
6467,38,South,48,0,83.5,14.46,6,11,1,2,0,0
6468,23,South,54,0,85.83,31.53,5,77,0,1,0,0
6469,47,West,34,1,100.57,38.98,11,0,0,1,0,0
6470,27,East,46,1,129.0,45.0,3,8,1,1,0,0
6471,18,South,41,0,93.64,28.71,4,115,0,3,0,0
6472,25,South,50,0,60.94,25.08,3,99,0,2,0,0
6473,43,North,32,0,99.01,35.31,4,33,1,3,1,0
6474,72,North,47,1,126.09,31.62,7,52,0,2,1,0
6475,31,North,46,0,86.95,22.33,7,109,0,1,0,1
6476,34,North,46,1,78.73,34.48,5,17,4,1,0,0
6477,31,North,62,1,108.73,38.6,11,9,0,1,1,0
6478,38,West,25,1,99.53,34.47,2,5,0,1,0,0
6479,58,West,63,0,106.45,13.12,3,58,1,3,0,0
6480,36,West,2,1,54.44,32.87,4,33,4,2,0,0
6481,55,East,35,0,65.96,24.75,5,62,1,2,0,1
6482,69,East,32,1,112.47,35.92,0,53,1,4,0,0
6483,71,North,62,1,133.53,31.4,13,53,1,3,1,0
6484,50,East,4,0,68.46,29.04,7,84,2,3,0,1
6485,58,South,16,0,85.23,12.12,4,27,3,1,0,0
6486,70,South,34,1,103.83,38.33,8,86,0,1,0,0
6487,62,West,58,0,103.45,39.34,3,100,2,1,0,0
6488,35,West,33,1,98.68,30.15,3,30,0,0,0,0
6489,25,North,46,0,90.2,25.46,4,18,0,3,0,0
6490,24,East,13,0,48.17,23.02,4,11,1,1,1,0
6491,68,North,67,1,124.33,33.16,6,6,0,1,1,0
6492,49,North,56,1,89.21,26.77,11,85,1,0,0,0
6493,34,North,4,0,72.82,40.93,2,16,0,4,1,0
6494,37,North,50,1,98.42,38.09,9,62,0,0,0,0
6495,34,East,10,0,70.55,19.63,1,101,2,6,1,1
6496,63,South,40,1,85.71,28.72,4,27,0,0,0,0
6497,52,North,51,0,77.95,25.49,1,22,1,4,0,0
6498,68,West,66,0,98.52,7.66,5,93,0,1,0,0
6499,35,South,6,1,94.31,43.42,11,0,1,1,0,0
6500,44,South,21,1,106.91,30.89,8,83,3,3,0,1
6501,24,South,50,0,67.75,28.11,5,96,0,2,0,0
6502,73,South,19,0,46.98,28.48,0,43,3,3,0,1
6503,47,South,51,1,90.87,42.72,7,0,0,3,0,0
6504,49,East,14,1,71.02,38.94,7,1,2,3,0,0
6505,41,West,12,1,109.5,40.95,10,74,1,3,0,0
6506,33,South,39,0,99.6,33.15,8,16,1,1,0,0
6507,72,South,49,1,89.55,32.36,6,5,1,2,0,0
6508,45,North,15,1,113.15,52.21,1,81,0,0,0,0
6509,56,West,63,1,130.71,37.82,6,10,1,0,1,0
6510,20,South,62,0,66.56,24.78,3,13,0,5,1,0
6511,33,North,6,1,67.55,28.27,9,20,1,3,1,0
6512,63,West,22,1,66.11,33.34,8,76,2,0,0,1
6513,23,East,40,0,78.7,28.21,4,113,2,1,0,1
6514,23,North,35,0,77.76,25.76,4,54,1,4,0,0
6515,64,North,19,0,69.73,39.62,1,66,1,6,0,0
6516,35,South,38,1,68.6,31.88,3,17,0,2,0,0
6517,33,West,69,0,73.09,30.43,6,67,0,1,0,0
6518,50,South,22,1,94.9,26.0,8,82,3,1,0,0
6519,29,North,16,1,97.33,52.47,3,87,2,4,0,0
6520,20,East,53,0,56.2,15.45,4,80,1,3,0,0
6521,18,South,41,0,61.28,41.59,6,74,1,3,0,1
6522,22,North,50,1,120.34,33.91,1,3,0,1,0,0
6523,27,West,46,0,64.63,7.12,2,29,1,4,1,0
6524,57,North,55,1,107.28,45.82,6,75,0,3,1,0
6525,34,West,52,0,66.21,25.66,5,101,1,4,0,1
6526,22,West,44,0,94.47,21.37,2,79,1,4,1,0
6527,18,North,33,1,66.25,40.13,5,41,0,0,0,0
6528,45,East,33,0,71.93,30.32,3,6,1,3,0,0
6529,65,East,19,1,103.6,38.32,6,49,0,1,0,0
6530,37,East,32,0,85.15,34.08,1,49,2,7,0,0
6531,21,East,43,1,94.54,37.02,6,35,0,2,1,0
6532,31,North,51,0,75.02,30.2,1,115,2,4,0,1
6533,46,North,55,0,84.01,20.83,6,86,0,4,1,0
6534,28,East,27,1,74.16,41.12,5,42,0,0,0,0
6535,73,North,53,0,85.0,20.86,6,76,1,2,0,0
6536,61,North,32,1,94.76,26.0,7,22,1,1,0,0
6537,37,South,26,1,86.73,33.35,2,48,1,3,0,1
6538,72,North,12,0,81.01,22.79,6,14,0,2,0,0
6539,36,West,19,1,73.44,42.42,4,52,1,2,0,0
6540,25,West,49,1,78.93,23.37,9,1,0,0,0,0
6541,71,West,16,1,80.12,43.75,7,55,5,2,0,0
6542,72,North,6,0,64.86,20.02,1,40,0,2,2,0
6543,35,South,20,1,88.4,15.28,5,12,1,2,0,0
6544,51,West,71,1,113.23,25.34,7,52,0,3,0,0
6545,27,South,11,1,68.6,32.54,6,26,4,2,0,0
6546,54,East,11,1,70.76,38.55,7,48,2,1,0,0
6547,57,East,29,0,67.17,23.93,6,106,0,3,0,0
6548,58,South,28,1,85.49,25.32,7,23,1,2,1,0
6549,50,North,66,1,129.47,28.77,11,85,1,2,0,0
6550,58,East,17,1,92.46,25.46,11,7,1,2,0,0
6551,49,North,30,0,67.01,27.07,2,48,1,3,0,0
6552,64,West,21,0,86.93,24.28,3,47,1,2,0,1
6553,28,East,18,0,75.69,29.91,2,69,1,2,1,0
6554,45,North,23,1,71.14,20.84,7,51,3,0,1,0
6555,41,East,19,0,20.87,20.73,6,82,1,0,0,0
6556,48,South,52,1,86.11,51.23,7,1,0,1,0,0
6557,26,North,57,0,97.42,30.13,4,67,0,2,0,0
6558,36,West,13,1,99.87,32.63,2,12,3,1,0,0
6559,72,East,36,0,53.1,17.1,2,74,1,1,0,1
6560,23,East,19,0,79.38,33.86,2,96,0,4,0,0
6561,54,West,62,0,100.31,37.26,4,59,1,2,0,0
6562,55,East,8,1,104.93,25.81,11,2,2,1,0,1
6563,45,South,30,1,109.26,26.57,7,77,1,0,0,0
6564,19,North,24,0,92.28,27.23,2,64,1,3,0,0
6565,19,North,26,1,100.33,37.98,11,2,1,1,0,0
6566,33,South,67,1,120.32,38.86,5,74,0,1,0,0
6567,23,South,39,0,74.44,39.75,5,85,2,3,0,0
6568,23,East,27,1,105.8,27.23,15,57,0,3,0,0
6569,27,South,58,0,69.01,25.32,4,73,2,3,1,1
6570,28,East,56,0,85.92,30.77,5,75,0,4,0,0
6571,65,West,11,0,73.6,30.68,2,108,2,3,0,1
6572,54,West,33,0,97.62,19.82,4,27,1,2,0,0
6573,19,South,30,0,67.83,20.13,2,84,1,2,0,0
6574,53,West,32,0,90.5,21.33,9,21,0,3,0,0
6575,25,West,25,0,69.54,38.63,4,37,1,1,0,0
6576,42,North,59,0,104.31,17.17,4,54,0,3,1,0
6577,20,South,71,1,103.48,32.41,4,36,0,1,0,0
6578,23,North,2,0,71.89,31.2,1,98,1,2,1,1
6579,25,East,61,1,109.07,26.29,4,81,1,1,0,0
6580,42,East,62,0,73.22,27.06,3,83,0,4,0,1
6581,44,South,26,1,90.7,19.8,5,64,2,4,0,0
6582,38,East,35,0,97.33,26.54,1,19,1,2,0,0
6583,53,South,8,0,48.71,25.42,6,24,5,2,0,1
6584,59,South,25,1,70.24,36.31,9,0,1,4,0,0
6585,59,West,17,1,94.48,28.05,6,28,1,1,0,0
6586,51,West,65,1,87.33,36.82,11,9,0,2,0,0
6587,49,East,8,0,87.45,24.69,10,76,2,3,0,0
6588,46,North,25,0,95.57,35.39,4,101,2,4,1,1
6589,31,North,35,0,93.07,30.1,3,20,3,0,0,0
6590,45,North,70,0,94.83,13.41,8,22,1,3,0,0
6591,18,South,59,0,114.47,18.34,7,93,0,6,1,1
6592,73,North,67,1,133.68,30.07,7,7,0,2,0,0
6593,39,West,23,0,63.51,26.44,5,99,1,2,0,0
6594,61,East,20,0,91.58,23.65,3,57,0,3,0,0
6595,72,South,41,0,66.82,23.61,4,94,0,2,0,0
6596,46,North,25,0,69.54,47.54,3,106,2,1,0,0
6597,67,South,2,0,34.1,20.9,3,90,3,6,0,1
6598,45,South,58,0,91.19,36.13,2,41,2,2,0,0
6599,25,East,7,0,59.08,23.82,7,66,3,2,2,1
6600,19,North,14,1,80.22,17.57,6,30,4,1,0,1
6601,25,West,67,1,111.02,36.53,4,79,1,2,0,0
6602,71,North,52,0,77.31,33.95,2,103,1,0,0,0
6603,45,North,46,1,103.63,40.07,6,44,0,0,0,0
6604,36,West,10,1,104.25,37.05,7,60,1,0,0,0
6605,43,North,18,0,53.07,25.19,3,73,1,4,2,0
6606,32,North,15,0,80.44,21.04,3,20,1,2,0,0
6607,67,East,46,1,106.23,42.17,4,17,2,1,0,0
6608,74,South,36,0,83.61,21.53,1,52,1,1,1,0
6609,22,North,26,1,92.54,29.88,5,66,0,4,0,0
6610,58,North,53,0,75.74,28.29,3,22,0,0,0,0
6611,37,North,56,1,114.67,32.6,4,12,0,1,0,0
6612,20,South,53,1,114.28,45.25,12,74,1,0,0,0
6613,70,North,8,0,51.99,28.74,2,83,1,2,0,1
6614,21,East,44,1,81.92,28.78,7,61,0,4,0,0
6615,29,West,15,0,68.78,15.84,3,96,2,2,0,0
6616,19,North,20,1,101.32,30.41,9,48,2,0,0,0
6617,44,South,70,1,130.08,53.7,8,72,2,2,0,0
6618,52,North,30,1,113.05,33.1,6,73,1,2,0,0
6619,36,South,56,0,93.57,31.07,3,41,1,1,0,0
6620,22,North,18,1,85.05,24.55,4,18,1,2,0,1
6621,24,West,70,1,114.97,26.34,6,13,0,0,0,0
6622,71,South,20,0,51.35,23.49,3,57,0,2,0,0
6623,63,South,13,0,56.26,38.61,2,32,1,3,1,1
6624,71,East,23,1,90.7,24.67,6,23,1,1,0,0
6625,48,West,13,0,62.5,19.96,4,73,0,2,1,1
6626,49,South,43,0,82.88,32.21,5,27,0,1,0,0
6627,62,North,11,1,64.88,47.74,1,74,0,3,0,1
6628,53,West,15,1,70.23,38.5,7,5,1,3,1,0
6629,42,South,50,0,96.63,30.41,3,43,1,6,0,0
6630,34,East,4,1,69.5,27.82,10,89,3,2,0,0
6631,45,East,32,1,85.86,24.42,3,34,0,1,0,0
6632,21,South,50,0,86.43,15.83,7,23,1,3,0,0
6633,28,North,32,1,82.03,28.01,9,19,3,0,1,0
6634,60,North,2,0,77.59,26.8,4,75,3,3,0,1
6635,67,South,12,0,47.15,15.24,4,82,3,2,0,1
6636,23,South,69,1,114.52,37.0,6,62,1,1,0,0
6637,23,East,55,0,76.27,22.48,4,48,0,5,0,0
6638,22,East,25,0,74.84,20.5,6,81,0,1,1,0
6639,63,West,63,0,84.04,32.08,6,80,0,1,0,0
6640,35,West,1,0,60.15,17.33,6,42,0,1,0,0
6641,36,East,4,0,80.32,36.49,2,105,2,0,0,1
6642,18,North,63,1,101.19,41.65,3,37,3,3,0,0
6643,73,South,48,1,93.56,27.08,4,62,0,0,0,0
6644,42,East,43,0,76.76,34.62,9,53,0,2,1,0
6645,63,East,25,0,94.61,16.13,3,42,1,4,0,0
6646,58,North,59,0,88.15,35.34,2,17,0,0,0,0
6647,26,East,44,0,100.51,27.66,3,106,1,3,0,0
6648,63,South,31,1,92.85,22.37,12,3,1,1,0,0
6649,49,South,28,0,91.84,14.64,5,114,1,3,0,1
6650,52,West,26,0,79.11,21.76,5,46,0,0,1,0
6651,29,South,41,1,108.82,41.94,5,44,0,1,0,0
6652,66,South,47,0,61.96,23.63,1,49,1,2,0,1
6653,71,East,58,1,85.24,33.44,8,4,2,1,0,0
6654,41,East,29,1,110.55,35.32,9,12,0,2,0,0
6655,23,North,19,0,85.37,9.04,4,101,0,5,0,0
6656,66,East,40,0,116.32,31.59,4,76,1,3,0,0
6657,68,South,42,0,58.71,35.72,3,44,1,3,0,1
6658,46,East,20,0,77.29,31.31,4,32,1,4,0,1
6659,51,North,6,1,67.64,31.61,6,51,0,1,0,0
6660,30,West,24,1,80.89,27.92,2,28,1,3,0,0
6661,21,East,6,1,75.47,26.34,8,46,1,0,0,0
6662,71,South,6,0,68.74,15.93,3,25,5,4,0,0
6663,45,South,69,1,104.54,53.12,6,57,2,3,0,0
6664,33,South,56,1,108.5,34.37,6,49,2,2,0,0
6665,57,East,3,0,73.98,32.24,6,90,1,3,0,1
6666,19,East,25,1,109.42,41.8,5,63,1,1,0,0
6667,22,East,19,1,99.89,36.14,7,25,1,0,0,0
6668,31,West,70,1,121.78,27.55,6,22,0,0,0,0
6669,43,South,32,0,73.88,29.15,0,55,0,5,0,0
6670,38,East,19,0,60.97,16.34,7,35,1,2,0,0
6671,28,South,46,0,91.09,29.82,5,18,0,1,1,0
6672,38,East,34,0,61.24,16.7,0,20,1,3,0,0
6673,37,South,14,1,88.79,31.51,6,2,1,0,0,0
6674,47,East,22,1,74.86,31.5,7,15,1,3,0,0
6675,50,North,10,0,64.38,36.19,2,75,2,2,0,0
6676,68,North,50,0,69.19,5.53,3,80,1,5,0,1
6677,63,South,69,0,88.49,43.65,7,71,0,1,0,0
6678,34,West,58,1,98.86,28.55,9,76,1,0,0,0
6679,69,South,27,1,81.55,34.01,5,86,0,0,1,0
6680,47,South,35,1,96.19,38.31,8,76,0,2,1,0
6681,28,South,5,1,46.14,37.62,4,10,1,2,0,0
6682,37,South,27,1,66.46,41.75,9,46,3,1,0,1
6683,60,West,3,1,93.56,39.88,5,18,2,0,0,0
6684,64,West,53,0,88.71,41.3,5,83,2,0,0,0
6685,39,West,65,0,81.65,30.85,3,53,0,1,1,0
6686,26,West,14,1,101.61,34.06,6,34,2,1,0,0
6687,28,North,48,0,74.41,20.58,4,34,0,2,1,0
6688,23,North,43,1,92.8,30.37,10,63,0,4,0,0
6689,57,East,30,0,63.25,35.35,1,104,0,2,0,1
6690,46,East,53,0,115.1,39.04,4,107,1,2,0,0
6691,43,North,49,1,108.03,43.03,5,89,1,0,0,1
6692,56,East,20,1,92.94,9.68,9,26,0,2,0,0
6693,65,North,57,0,95.5,7.02,2,62,1,2,0,0
6694,63,North,47,0,55.71,24.94,3,39,1,0,0,0
6695,25,South,23,0,62.59,23.67,6,91,1,2,0,0
6696,51,West,53,1,113.32,35.16,4,48,0,1,0,0
6697,68,East,46,0,82.94,35.01,1,27,1,3,0,0
6698,62,South,9,0,97.58,34.62,2,22,1,2,0,0
6699,36,West,12,1,77.97,36.4,5,51,5,2,0,0
6700,40,West,23,0,85.65,12.81,6,87,2,4,0,0
6701,68,South,4,0,74.09,15.17,3,89,2,5,0,1
6702,19,West,29,1,96.64,35.54,4,67,0,0,0,0
6703,47,North,33,0,81.37,28.33,4,92,0,2,0,1
6704,24,South,56,0,83.65,15.26,2,67,4,2,0,0
6705,68,North,13,0,36.9,30.28,4,48,2,4,0,0
6706,20,South,41,0,85.74,10.98,3,71,0,1,1,0
6707,19,South,48,0,90.43,3.69,5,72,1,1,0,0
6708,36,North,32,0,84.78,18.0,4,59,0,1,0,0
6709,29,South,65,0,93.45,35.98,2,22,4,2,0,0
6710,46,East,23,1,106.06,47.18,1,64,2,1,0,1
6711,35,East,29,0,61.51,12.24,3,74,2,3,0,0
6712,38,North,1,0,82.53,12.85,4,51,1,2,0,0
6713,50,North,30,1,80.18,41.09,3,72,1,3,0,0
6714,49,South,2,1,79.38,31.47,8,72,0,1,0,0
6715,71,West,70,1,125.21,45.93,10,40,1,0,0,0
6716,45,West,18,1,81.28,40.96,11,7,2,3,0,0
6717,50,South,58,0,100.24,32.33,4,56,2,1,1,1
6718,56,East,9,1,79.36,28.42,8,55,3,4,0,1
6719,27,East,20,0,71.77,28.55,6,89,0,4,0,0
6720,56,West,9,0,61.78,41.13,3,75,1,2,0,0
6721,67,North,27,0,64.85,26.14,2,87,0,1,0,0
6722,36,East,43,0,115.27,24.64,8,13,0,3,1,0
6723,28,East,30,1,82.4,31.51,3,52,1,2,0,1
6724,37,South,43,1,67.21,22.18,9,22,1,0,0,0
6725,33,North,58,0,76.95,16.21,5,48,1,0,0,0
6726,51,North,4,1,83.97,27.87,8,47,0,1,0,0
6727,67,South,31,0,69.85,11.85,5,73,1,4,1,0
6728,51,East,43,1,116.78,22.65,4,13,0,2,0,0
6729,25,East,38,1,113.73,15.41,9,76,0,1,0,0
6730,35,North,11,1,80.72,28.74,5,28,2,2,1,1
6731,57,West,15,1,62.27,40.4,8,70,0,3,0,1
6732,36,South,27,1,74.25,32.47,2,26,1,2,0,0
6733,51,West,47,1,103.02,32.5,11,79,0,2,1,0
6734,57,North,71,1,92.03,41.13,4,10,2,4,1,0
6735,36,West,27,1,87.98,48.51,6,73,0,0,1,0
6736,54,West,38,0,100.32,43.19,5,36,1,1,0,0
6737,40,West,22,0,76.14,26.16,2,108,0,1,0,1
6738,25,West,3,1,82.19,32.75,10,16,4,2,0,0
6739,39,South,29,0,58.89,21.7,3,46,2,2,0,1
6740,43,East,25,0,75.23,29.73,4,86,0,5,0,0
6741,18,East,11,0,61.62,23.75,7,109,0,2,2,1
6742,68,South,48,0,87.58,23.78,0,29,0,2,0,0
6743,48,West,19,0,80.41,24.31,4,83,0,0,1,0
6744,20,South,16,0,81.47,17.46,1,92,1,3,0,0
6745,67,South,28,0,75.93,6.34,3,81,2,4,0,1
6746,66,West,69,0,102.18,19.65,4,72,0,5,0,1
6747,18,South,46,0,75.32,36.66,3,15,1,3,0,0
6748,27,North,31,0,92.49,36.28,1,92,1,3,0,0
6749,38,South,59,0,76.19,32.52,4,41,0,1,0,1
6750,46,East,2,1,77.89,31.05,5,83,3,1,0,1
6751,59,West,24,0,90.55,18.68,1,33,1,4,0,0
6752,42,North,39,1,92.28,48.0,4,71,2,1,0,0
6753,52,East,35,0,57.39,16.33,4,42,1,2,0,0
6754,18,East,49,1,98.34,35.32,5,68,1,1,1,0
6755,55,East,50,1,125.88,48.52,3,83,1,0,0,0
6756,70,East,33,0,42.44,25.99,5,60,0,3,0,0
6757,47,West,67,0,95.04,22.65,8,26,2,1,0,0
6758,43,South,66,0,83.49,34.28,4,16,1,1,1,0
6759,34,South,34,1,94.49,35.58,6,51,0,0,0,0
6760,72,East,65,1,107.27,36.57,1,87,0,0,0,0
6761,19,South,46,0,97.41,37.12,6,35,1,1,0,0
6762,34,South,10,1,85.81,14.64,9,12,1,3,0,1
6763,25,North,9,0,79.66,27.87,4,74,2,1,0,1
6764,67,North,6,1,102.26,28.87,7,60,1,2,1,0
6765,45,West,16,1,88.45,33.34,7,43,2,0,0,0
6766,70,North,23,0,66.11,25.9,5,20,0,4,0,0
6767,55,East,5,1,88.16,29.6,3,78,3,6,0,0
6768,49,East,44,0,90.55,26.83,2,25,0,3,0,0
6769,47,North,30,0,57.7,28.08,5,32,2,3,0,1
6770,29,North,43,1,105.04,36.63,3,62,1,1,0,0
6771,50,South,36,1,94.2,35.89,5,11,1,2,0,0
6772,57,South,20,0,63.69,24.06,2,66,2,0,0,1
6773,73,South,44,1,91.64,34.22,12,89,2,2,0,0
6774,49,East,68,1,104.61,35.64,5,60,2,4,0,0
6775,71,North,23,1,110.33,27.46,7,42,0,2,1,0
6776,71,North,22,0,65.54,35.16,6,88,2,6,0,1
6777,47,North,37,1,115.66,34.27,6,33,1,3,0,0
6778,43,South,58,0,90.97,21.77,4,11,1,3,0,0
6779,26,South,38,1,82.01,38.17,5,59,0,1,0,0
6780,33,West,60,1,112.86,34.08,9,77,0,1,0,0
6781,68,North,6,1,65.18,44.94,6,49,1,1,0,0
6782,25,South,7,0,72.61,32.16,5,17,0,4,0,1
6783,40,East,29,1,91.38,35.74,7,17,0,0,0,0
6784,57,East,17,0,81.33,32.51,2,103,2,1,1,1
6785,31,East,2,1,102.5,36.88,14,25,2,4,0,0
6786,73,North,16,1,61.97,25.77,4,59,0,2,0,0
6787,55,East,20,1,83.08,42.12,2,12,2,2,0,0
6788,19,South,66,0,74.86,9.8,3,62,0,1,0,0
6789,32,East,56,0,120.37,2.0,3,78,3,3,1,1
6790,60,North,25,0,65.9,30.58,4,69,1,2,0,0
6791,67,East,69,1,94.77,38.55,4,87,0,1,0,0
6792,70,East,60,1,143.61,38.01,10,1,0,3,0,0
6793,66,East,18,1,78.11,46.12,3,64,3,2,0,0
6794,22,North,34,0,52.67,24.8,4,43,0,3,0,0
6795,59,East,66,0,75.62,21.97,6,92,1,4,0,0
6796,24,East,33,1,98.65,41.37,7,9,2,1,0,0
6797,22,South,27,1,94.19,29.29,9,4,1,5,1,0
6798,57,South,65,0,79.96,23.1,2,85,0,2,0,0
6799,45,North,47,1,96.22,37.02,3,39,0,3,0,0
6800,54,South,32,0,76.8,27.66,3,80,4,4,0,1
6801,66,East,62,1,130.86,32.34,7,85,1,3,0,0
6802,21,South,53,0,91.5,21.08,1,102,1,3,0,0
6803,48,East,25,1,84.05,26.04,6,75,0,0,0,0
6804,65,East,31,1,92.07,28.7,8,68,1,4,0,0
6805,43,East,4,0,73.55,39.55,4,37,0,3,1,0
6806,47,East,8,0,89.2,22.88,3,90,1,1,1,1
6807,46,East,68,1,97.43,36.51,9,8,1,2,0,0
6808,69,South,4,1,98.71,23.07,6,20,2,1,0,0
6809,20,North,60,1,105.31,55.51,10,0,0,1,0,0
6810,68,West,15,0,43.14,18.11,7,78,0,0,1,0
6811,64,West,39,1,72.17,25.6,8,39,1,1,1,0
6812,64,South,52,0,106.01,24.51,2,33,0,4,0,0
6813,41,West,71,1,137.3,27.86,3,85,0,0,0,0
6814,47,West,27,1,84.96,37.92,6,15,0,3,0,0
6815,39,South,66,1,109.82,22.91,9,15,2,1,0,0
6816,32,East,33,0,49.76,34.1,3,72,1,3,0,1
6817,67,East,62,0,102.43,32.52,1,38,0,5,0,0
6818,46,North,8,1,83.57,34.05,12,45,2,2,0,1
6819,59,North,20,0,46.72,11.76,3,59,1,5,0,0
6820,23,South,45,1,105.57,28.5,9,84,0,0,0,0
6821,62,West,51,0,64.66,25.5,0,46,1,8,0,1
6822,55,South,58,1,117.36,25.32,3,55,0,2,0,0
6823,74,West,26,1,76.76,26.62,5,36,2,2,0,0
6824,25,East,45,1,107.56,43.39,8,35,0,1,0,0
6825,48,East,45,1,92.7,36.24,6,18,0,3,0,0
6826,47,South,70,1,79.51,35.99,9,57,1,2,0,0
6827,48,South,9,0,79.44,29.22,4,55,1,1,0,0
6828,21,North,2,0,76.76,23.69,4,15,2,4,0,0
6829,44,North,41,1,92.67,34.52,8,86,1,3,0,0
6830,35,North,2,1,85.12,38.65,7,81,0,0,0,0
6831,53,North,14,0,73.57,31.47,3,91,1,4,1,0
6832,31,North,36,0,85.06,28.98,4,39,1,2,0,0
6833,42,East,20,1,115.88,46.68,6,68,1,2,0,0
6834,53,South,19,0,75.75,25.2,3,23,0,3,0,0
6835,21,North,25,1,87.14,24.22,10,57,2,2,1,1
6836,62,West,49,1,110.92,43.71,9,40,1,2,0,0
6837,58,South,26,1,86.55,33.04,9,22,0,5,0,0
6838,21,West,57,0,72.52,18.85,7,54,0,3,0,0
6839,21,East,12,0,84.3,30.7,4,77,1,3,3,1
6840,66,North,8,1,92.01,37.97,6,58,0,1,0,0
6841,34,West,12,0,38.08,14.77,1,103,1,1,0,1
6842,67,West,66,0,82.75,30.37,6,82,0,0,0,0
6843,46,East,20,1,101.36,49.99,10,40,2,1,0,0
6844,37,South,3,0,38.04,27.59,3,45,3,1,0,1
6845,33,South,23,1,80.21,32.95,6,46,1,2,0,0
6846,55,South,49,1,144.42,21.65,5,56,1,5,0,0
6847,24,East,26,1,88.03,51.41,10,6,1,2,0,0
6848,40,South,28,1,110.24,30.86,11,20,1,5,0,0
6849,37,North,7,1,106.01,23.74,6,80,2,2,0,0
6850,26,North,48,1,90.37,35.89,11,69,0,1,0,0
6851,38,North,16,0,72.0,33.07,3,72,3,4,0,1
6852,48,North,7,0,94.38,34.89,5,50,1,4,0,1
6853,56,South,51,1,112.39,29.62,6,7,2,1,0,0
6854,22,West,67,0,128.98,24.21,2,18,1,1,0,0
6855,67,North,44,0,72.45,25.0,1,65,0,4,0,0
6856,68,South,67,0,120.46,32.81,1,48,0,3,1,0
6857,57,North,29,0,74.75,29.74,6,83,1,3,0,0
6858,70,East,37,0,73.59,27.16,6,94,2,4,0,1
6859,42,East,26,1,102.6,42.32,8,85,1,0,0,1
6860,64,South,37,0,76.83,14.1,1,104,1,1,0,1
6861,59,West,64,1,110.73,38.37,5,34,0,1,1,0
6862,50,West,46,1,110.28,36.77,8,76,1,4,0,0
6863,28,West,2,1,53.88,34.6,6,6,3,2,0,0
6864,49,West,42,0,69.02,23.0,6,59,0,2,0,0
6865,69,South,27,1,104.34,36.07,9,22,1,1,0,0
6866,74,East,39,1,114.37,30.44,3,2,0,2,0,0
6867,43,South,40,0,85.36,46.82,5,23,2,3,1,0
6868,32,West,42,1,105.14,45.87,5,3,1,1,0,0
6869,60,North,62,1,117.04,43.74,2,73,2,3,0,0
6870,22,North,61,1,124.87,30.76,7,44,2,2,0,0
6871,26,North,69,1,93.11,27.34,6,16,2,0,0,0
6872,50,East,44,0,74.36,23.3,4,66,0,2,0,0
6873,74,East,21,0,69.38,25.91,4,63,0,2,0,0
6874,36,North,14,0,69.94,13.41,4,97,3,3,0,1
6875,43,South,61,0,58.86,28.84,6,88,1,4,1,0
6876,36,South,65,0,73.64,33.66,3,58,0,4,0,0
6877,43,West,3,1,81.25,17.11,8,48,1,2,0,0
6878,18,North,16,1,103.2,27.8,4,30,2,2,0,0
6879,51,North,49,1,98.21,44.82,4,1,1,1,0,0
6880,51,East,12,1,76.0,37.99,8,34,2,1,1,0
6881,35,East,4,1,89.93,28.07,5,84,1,2,0,1
6882,33,West,71,0,90.58,30.88,2,58,0,3,1,0
6883,61,East,7,1,96.71,30.25,6,69,4,2,0,0
6884,28,West,16,0,64.68,23.11,6,55,2,3,1,0
6885,20,South,71,0,78.77,15.89,2,18,2,0,0,0
6886,20,South,8,1,105.31,35.14,8,71,3,2,1,0
6887,68,West,57,0,107.06,33.15,5,56,1,1,0,0
6888,38,North,40,0,65.67,21.18,3,64,0,1,0,0
6889,23,West,39,0,85.44,30.16,1,24,1,2,0,0
6890,68,North,59,0,84.6,24.6,2,86,2,0,0,0
6891,26,South,2,1,90.29,43.63,8,71,1,2,0,0
6892,37,North,5,0,49.36,21.3,8,36,1,0,1,0
6893,19,East,14,0,80.08,37.44,5,75,1,4,0,0
6894,56,West,35,0,95.42,30.45,4,49,2,3,1,0
6895,57,North,69,1,100.29,36.95,8,42,2,1,0,0
6896,61,North,5,0,63.52,27.24,3,44,0,2,0,1
6897,32,South,30,1,113.24,31.28,3,50,0,0,1,0
6898,36,North,31,1,80.48,30.77,3,12,0,2,0,0
6899,71,South,14,1,76.97,37.1,9,15,2,2,0,0
6900,64,West,25,1,102.43,25.41,6,88,0,3,0,0
6901,20,North,15,1,85.09,30.19,7,15,2,0,0,0
6902,57,South,10,1,61.37,27.5,4,63,0,2,1,0
6903,64,South,38,0,74.2,29.57,3,30,0,4,0,0
6904,49,South,67,0,119.7,29.7,3,65,1,3,0,0
6905,54,North,29,1,125.44,45.14,9,74,1,2,0,0
6906,18,East,46,0,73.44,22.32,5,15,0,2,0,0
6907,19,East,48,0,70.3,18.54,3,44,0,2,0,0
6908,20,West,60,1,103.13,23.25,10,78,2,0,0,0
6909,27,South,59,0,116.53,27.17,5,79,0,3,1,0
6910,74,East,65,0,105.13,36.17,3,42,0,0,0,0
6911,54,West,58,0,110.96,24.4,1,97,0,3,0,0
6912,62,West,67,0,108.48,25.21,4,34,1,3,0,0
6913,34,West,69,1,94.71,34.95,3,68,1,2,0,0
6914,71,North,54,0,72.77,27.03,3,21,0,2,0,0
6915,29,West,36,1,87.56,42.98,5,63,1,3,0,1
6916,69,West,22,1,83.17,50.35,9,80,1,3,1,1
6917,19,West,41,0,70.33,28.99,5,98,1,2,0,1
6918,19,East,59,0,81.07,29.51,3,52,0,5,2,0
6919,22,West,54,1,116.61,33.09,8,32,0,0,0,0
6920,63,South,37,1,100.54,34.14,3,60,0,1,0,0
6921,32,East,6,0,81.3,24.03,4,82,0,4,0,1
6922,43,East,20,0,73.78,22.07,5,46,0,2,0,0
6923,44,East,41,1,90.36,36.02,6,66,2,2,0,0
6924,63,East,28,1,96.83,40.0,9,87,2,2,1,0
6925,37,North,33,1,73.83,35.51,8,71,1,0,0,0
6926,18,South,22,0,36.32,22.76,3,41,3,1,0,0
6927,40,South,6,1,92.65,36.01,6,6,4,3,0,0
6928,34,East,34,1,112.27,27.32,4,78,0,2,0,0
6929,59,East,32,0,77.08,31.43,3,102,2,2,0,0
6930,60,West,56,0,82.13,21.69,3,83,0,2,1,0
6931,23,West,8,1,63.87,25.76,4,62,2,2,0,1
6932,63,East,35,1,115.0,38.69,4,73,0,1,0,0
6933,22,North,61,1,117.89,39.09,11,87,0,1,0,0
6934,53,East,20,0,74.37,18.12,3,43,3,4,0,0
6935,40,West,23,0,71.43,29.99,6,38,1,2,1,1
6936,35,East,7,1,76.46,40.07,7,12,6,3,0,0
6937,45,West,41,0,63.8,40.8,3,96,0,3,0,0
6938,35,West,61,1,114.29,33.12,11,46,0,0,0,0
6939,63,South,35,1,89.42,34.56,5,68,1,0,1,0
6940,73,East,30,1,88.64,30.15,8,67,1,0,0,0
6941,64,South,54,0,112.77,28.95,7,98,1,1,0,0
6942,43,South,32,0,75.28,24.96,5,51,1,5,0,0
6943,46,North,29,1,57.71,42.9,6,42,3,1,0,0
6944,43,North,55,0,79.47,21.53,5,97,0,2,0,0
6945,63,North,21,1,75.48,38.77,5,86,3,2,0,1
6946,49,East,61,1,108.41,33.1,4,76,0,3,1,0
6947,44,North,20,0,48.63,10.26,5,21,2,2,0,1
6948,41,South,37,1,105.0,40.02,8,73,0,0,0,0
6949,39,South,18,0,64.56,11.02,0,6,2,5,0,0
6950,49,South,45,0,75.36,23.72,6,58,1,1,1,0
6951,57,West,31,1,97.74,33.85,5,35,2,5,0,1
6952,42,South,17,0,67.35,24.93,4,46,1,0,1,0
6953,63,North,53,1,104.48,35.38,7,71,1,5,0,0
6954,65,West,67,0,90.14,25.3,4,51,0,3,0,1
6955,42,West,2,0,60.7,27.9,5,68,0,2,0,0
6956,69,East,41,0,85.65,24.13,4,48,2,4,0,0
6957,27,East,52,1,109.27,55.93,3,64,1,2,0,1
6958,71,North,52,0,102.9,22.26,1,42,1,1,0,0
6959,34,East,16,0,59.8,15.22,3,67,0,3,0,0
6960,50,North,9,1,88.07,23.72,7,28,3,1,0,0
6961,34,South,37,0,115.19,30.27,3,57,2,2,0,1
6962,43,North,46,0,82.39,12.27,9,45,1,2,0,0
6963,37,East,21,0,70.47,15.32,6,82,3,3,0,1
6964,58,North,27,1,74.55,24.17,5,53,1,2,0,0
6965,22,North,38,0,68.3,28.66,1,81,1,3,0,0
6966,65,North,32,1,94.4,45.65,5,88,0,1,0,0
6967,69,East,35,1,105.5,27.45,6,12,1,1,2,0
6968,50,South,49,0,94.24,28.38,8,80,2,3,0,0
6969,49,South,70,1,119.89,13.9,6,7,0,1,0,0
6970,57,South,57,0,100.56,19.04,3,60,0,1,0,0
6971,29,East,1,1,65.51,39.82,11,73,0,1,0,1
6972,60,North,25,1,99.83,32.5,8,12,1,2,0,0
6973,30,West,1,1,80.7,42.95,7,10,1,2,0,0
6974,56,South,62,0,92.87,7.13,4,81,0,2,0,1
6975,35,North,46,0,77.57,19.12,4,43,0,2,1,0
6976,60,North,16,1,73.7,38.62,4,29,0,2,0,0
6977,63,North,60,1,91.77,38.52,3,45,1,1,0,0
6978,29,South,40,1,104.81,39.14,11,84,1,3,0,0
6979,53,North,4,0,69.47,26.66,9,32,0,3,0,0
6980,46,West,11,0,63.56,15.85,4,18,1,3,1,0
6981,34,South,58,1,108.78,28.77,7,29,1,0,0,0
6982,51,North,21,1,79.7,53.53,5,47,0,1,0,0
6983,74,South,38,1,106.55,24.92,8,1,2,3,0,0
6984,18,North,64,0,92.91,13.68,7,64,1,1,0,1
6985,72,North,21,1,85.02,40.44,7,72,1,2,0,0
6986,66,South,1,0,73.49,16.53,2,39,1,2,0,0
6987,48,North,6,0,72.68,39.34,1,14,1,3,0,0
6988,52,North,66,1,89.96,56.88,10,10,1,3,1,0
6989,39,West,43,1,102.24,33.07,9,36,0,1,0,0
6990,25,East,24,0,57.63,27.48,4,34,3,2,0,0
6991,50,West,6,0,65.09,10.4,4,71,0,0,0,0
6992,64,North,50,0,37.72,33.25,6,109,0,0,0,0
6993,31,West,3,0,64.46,7.09,4,105,1,2,0,1
6994,58,South,7,0,74.18,14.28,4,60,0,6,1,1
6995,60,North,43,1,99.84,35.95,6,35,0,1,0,0
6996,61,West,46,0,65.53,29.38,3,50,0,1,1,0
6997,37,North,41,0,109.85,13.13,5,84,0,3,0,0
6998,40,South,65,0,109.84,20.66,6,41,2,1,0,0
6999,41,West,20,1,82.03,21.71,7,69,1,0,0,0
7000,66,East,40,1,96.08,32.46,8,89,0,2,0,0
7001,69,South,22,1,61.28,28.59,6,21,1,3,1,0
7002,41,South,26,0,80.1,19.91,3,14,0,4,0,0
7003,73,North,11,1,64.96,40.21,5,81,1,2,0,0
7004,50,West,57,1,118.5,37.25,3,1,0,1,0,0
7005,39,North,50,0,100.39,29.49,1,96,0,3,0,1
7006,18,North,51,0,84.45,23.97,5,51,2,1,0,0
7007,52,North,11,1,69.53,40.74,10,16,2,4,0,0
7008,54,West,9,0,83.24,24.72,3,78,2,2,1,0
7009,73,East,56,1,108.03,31.07,5,76,0,1,0,0
7010,58,South,48,1,105.4,39.56,6,10,0,1,0,0
7011,19,West,3,0,47.53,21.61,4,55,1,8,0,1
7012,50,North,48,1,106.9,32.36,6,8,0,1,0,0
7013,60,West,70,0,91.96,33.55,5,22,2,2,1,0
7014,46,North,54,1,87.07,42.79,8,54,2,1,0,0
7015,42,South,20,0,90.1,22.62,7,51,0,1,0,0
7016,64,North,23,0,97.89,31.98,5,87,2,6,0,0
7017,52,West,54,0,102.27,14.77,3,46,0,0,1,0
7018,56,West,29,0,87.53,22.67,5,29,1,2,1,1
7019,44,East,53,0,112.98,18.99,5,5,0,1,0,0
7020,33,North,69,1,98.79,34.99,4,37,0,2,0,0
7021,47,North,29,0,58.61,30.88,5,55,0,2,0,0
7022,72,South,41,1,94.28,39.45,5,6,0,0,0,0
7023,52,South,35,0,81.97,28.36,7,112,0,2,0,0
7024,58,North,37,1,94.11,36.1,6,78,1,1,0,0
7025,25,East,6,1,67.7,33.73,8,40,0,4,0,0
7026,74,East,71,0,95.58,34.61,3,14,0,3,0,0
7027,31,West,39,1,98.08,22.63,8,53,0,4,0,0
7028,73,South,17,0,81.12,19.67,1,57,6,1,1,0
7029,43,South,41,1,101.17,38.29,8,13,1,1,0,0
7030,70,South,29,0,45.93,37.22,4,38,0,2,0,1
7031,68,North,59,1,115.28,32.23,6,19,2,0,0,0
7032,61,East,54,0,110.73,22.91,1,57,1,3,0,0
7033,70,East,28,1,94.43,24.68,5,51,2,1,0,0
7034,52,North,51,0,100.3,20.67,3,100,0,3,0,1
7035,66,South,3,0,53.92,30.67,2,42,2,4,0,0
7036,27,West,69,0,102.99,37.63,4,78,0,1,1,0
7037,22,South,37,0,67.33,22.65,4,75,1,0,1,0
7038,48,South,47,0,79.8,18.61,4,29,0,1,0,0
7039,64,East,46,1,99.42,35.56,9,29,1,1,0,0
7040,61,East,23,1,98.65,22.08,3,81,1,4,0,0
7041,48,North,49,0,72.14,34.88,5,90,0,1,0,1
7042,47,West,29,1,72.53,25.15,5,51,1,4,0,0
7043,52,West,49,0,91.55,27.51,6,16,1,5,1,0
7044,67,North,7,1,89.99,37.39,3,52,0,0,1,0
7045,65,North,11,1,87.19,40.02,8,28,0,0,0,0
7046,24,East,66,0,106.99,27.04,5,54,1,2,0,0
7047,51,East,53,0,83.46,25.02,5,77,2,3,0,0
7048,39,South,10,1,89.22,38.43,7,17,0,4,0,0
7049,63,South,16,1,82.75,41.68,7,74,2,1,0,0
7050,46,East,39,1,95.62,49.37,3,72,0,0,0,1
7051,74,South,1,0,65.6,16.18,1,59,1,2,1,1
7052,42,North,29,0,108.5,10.29,4,91,1,2,0,0
7053,56,North,24,0,83.13,12.62,3,74,1,4,0,0
7054,24,South,10,1,93.23,20.49,5,17,0,2,0,0
7055,71,West,22,0,82.6,15.4,4,27,1,2,0,0
7056,26,East,21,0,35.28,14.39,3,8,1,3,0,0
7057,39,South,5,0,67.29,21.67,7,15,0,2,0,0
7058,65,West,45,1,116.16,41.84,7,49,3,2,0,0
7059,73,South,20,1,91.27,40.01,5,21,2,0,0,0
7060,45,South,3,0,60.85,20.02,5,107,3,2,1,1
7061,45,North,2,0,46.9,20.71,6,37,2,2,0,1
7062,20,East,69,1,108.0,51.09,4,30,1,4,0,0
7063,73,East,9,0,52.0,29.76,1,76,3,1,0,1
7064,18,West,65,1,127.49,36.38,6,56,1,2,0,0
7065,19,South,12,1,108.53,35.97,5,60,1,3,0,0
7066,44,South,7,0,92.53,22.69,5,15,2,4,0,0
7067,18,North,39,0,66.75,41.03,2,102,2,3,0,1
7068,27,West,62,1,100.97,33.48,6,72,1,1,0,0
7069,53,North,6,1,71.75,36.19,6,58,0,2,1,0
7070,58,East,24,1,76.72,21.81,12,51,2,4,0,0
7071,34,East,54,1,91.96,29.91,8,38,0,1,0,1
7072,63,North,5,1,74.77,30.59,3,50,2,1,0,1
7073,52,South,13,0,79.62,28.89,4,3,0,1,0,0
7074,31,North,22,0,60.23,18.8,8,54,1,1,1,0
7075,58,East,58,1,124.8,35.39,8,14,1,0,0,0
7076,51,West,58,0,109.51,20.15,4,70,0,3,1,1
7077,64,South,51,1,109.78,26.19,8,46,1,5,0,0
7078,26,West,48,1,122.44,25.87,5,23,4,2,0,0
7079,31,North,2,1,60.58,33.61,6,35,2,3,0,1
7080,35,South,17,1,80.13,35.82,10,78,3,5,0,1
7081,37,West,66,0,95.84,23.45,1,51,1,2,0,0
7082,68,West,52,1,109.35,28.34,8,60,1,2,0,0
7083,59,South,18,0,90.44,23.9,6,33,1,1,0,0
7084,49,East,51,0,70.52,22.42,6,64,1,8,0,0
7085,48,West,52,1,97.95,26.67,6,26,2,4,2,0
7086,68,East,53,1,105.23,35.66,6,86,0,1,1,0
7087,43,East,70,0,87.22,39.48,4,94,1,2,0,0
7088,30,North,39,1,83.86,33.8,6,54,1,2,0,0
7089,25,North,5,0,55.35,13.31,3,108,2,2,1,1
7090,36,East,59,1,105.82,46.75,7,84,1,2,0,0
7091,55,South,2,0,82.71,35.06,3,96,2,3,0,1
7092,44,North,46,1,87.7,46.46,7,15,1,1,0,0
7093,42,South,57,0,100.73,24.66,1,78,0,3,0,0
7094,45,South,9,0,83.58,18.73,5,26,1,4,0,0
7095,73,South,57,1,100.81,27.86,7,15,0,1,0,0
7096,74,South,58,1,112.9,44.13,7,16,1,2,0,0
7097,27,South,47,0,92.14,37.85,2,22,1,2,1,0
7098,24,North,23,1,97.67,27.64,6,75,1,3,1,0
7099,31,West,15,1,88.73,14.84,7,69,0,2,0,1
7100,66,East,51,0,75.32,24.86,2,63,2,2,0,1
7101,44,North,12,1,95.94,27.77,7,51,1,0,0,0
7102,67,South,48,0,78.38,19.34,3,91,0,6,0,1
7103,54,South,13,1,86.93,33.09,9,4,4,2,0,1
7104,49,East,24,1,94.64,38.28,5,15,1,0,0,0
7105,34,East,36,1,110.84,28.75,5,61,1,2,0,0
7106,37,East,12,0,94.92,26.09,0,65,2,1,0,0
7107,26,East,57,1,97.43,33.99,4,41,2,3,0,0
7108,47,North,50,0,85.79,6.56,2,36,0,1,0,0
7109,33,South,2,0,38.73,29.36,3,63,0,1,1,1
7110,34,North,61,1,132.72,31.39,6,78,3,2,0,0
7111,20,South,51,0,86.16,14.89,6,48,3,4,0,0
7112,63,South,60,1,105.5,29.19,7,76,1,2,0,0
7113,71,East,43,1,102.28,36.62,9,80,1,2,0,0
7114,46,North,45,1,104.04,35.37,12,71,0,2,0,0
7115,48,East,28,1,83.02,40.16,6,48,4,1,0,1
7116,70,South,17,0,86.32,28.49,3,41,1,2,0,0
7117,47,South,17,0,78.17,15.63,3,87,0,1,1,1
7118,53,East,23,0,83.26,2.0,1,69,1,6,0,1
7119,42,North,21,0,60.3,25.97,4,35,2,2,1,0
7120,47,South,54,0,75.99,30.05,5,82,2,1,0,0
7121,47,South,38,1,97.3,33.38,6,80,1,0,0,0
7122,58,East,30,0,87.0,30.28,3,66,2,5,0,1
7123,52,North,52,0,93.53,16.99,1,52,1,2,0,0
7124,46,West,53,1,94.83,32.23,12,8,0,1,0,0
7125,22,West,67,1,123.52,27.64,13,23,0,0,0,0
7126,69,West,22,0,56.42,30.58,3,88,3,1,0,0
7127,68,South,18,0,59.08,17.72,2,29,1,5,0,1
7128,28,East,1,0,62.87,41.48,2,45,1,4,1,0
7129,34,North,12,1,68.43,30.98,9,65,0,1,0,0
7130,73,West,43,1,87.05,41.39,9,9,0,0,0,0
7131,36,South,58,0,112.28,21.09,3,7,3,4,0,0
7132,64,North,43,0,101.99,35.7,2,49,1,0,0,0
7133,62,South,71,0,129.85,35.4,6,69,1,1,1,0
7134,67,West,45,0,89.26,22.41,3,32,2,3,1,0
7135,18,West,63,0,101.17,27.2,6,84,0,7,0,0
7136,45,South,20,0,67.68,35.19,3,22,0,3,0,0
7137,50,South,23,1,86.24,37.43,3,55,1,3,1,0
7138,65,East,58,0,102.08,17.63,4,56,1,4,1,0
7139,30,West,47,0,103.93,25.56,3,85,0,4,0,0
7140,35,East,35,0,89.3,19.01,8,81,1,1,0,0
7141,28,South,68,0,81.4,26.21,10,30,1,1,0,0
7142,61,East,55,1,113.37,28.7,4,5,2,2,0,0
7143,74,West,21,1,78.95,37.98,6,52,1,2,1,0
7144,26,North,44,1,97.13,20.69,9,38,0,6,0,1
7145,31,South,29,0,99.04,16.02,6,103,0,2,1,0
7146,35,North,30,1,77.01,28.65,7,51,3,2,1,1
7147,68,South,58,1,141.53,33.72,4,61,0,1,0,0
7148,43,East,49,1,112.74,22.9,9,78,2,3,0,0
7149,34,North,1,1,73.51,27.93,12,22,1,1,0,0
7150,36,East,41,0,81.52,31.22,7,77,0,4,0,0
7151,52,North,46,1,92.73,42.18,6,69,1,2,0,0
7152,40,West,37,1,90.3,14.73,9,47,0,1,0,0
7153,26,West,22,0,72.1,20.31,1,85,2,3,0,0
7154,64,South,47,0,78.57,35.2,4,64,0,2,0,0
7155,42,East,68,0,80.01,28.09,2,33,0,0,0,0
7156,32,North,7,0,60.18,28.26,2,51,2,2,0,0
7157,59,West,43,0,61.78,29.51,1,63,0,2,0,0
7158,60,East,65,0,73.42,17.33,4,79,0,3,0,0
7159,26,North,29,0,55.27,26.71,4,30,2,2,2,1
7160,22,West,24,1,117.07,38.77,9,87,0,2,0,0
7161,20,North,18,0,75.08,25.86,4,74,2,3,0,0
7162,61,East,16,0,76.94,21.85,5,62,3,1,0,0
7163,53,North,28,1,94.17,34.62,8,29,0,1,1,0
7164,63,East,55,0,95.09,15.88,2,35,1,3,1,0
7165,53,North,13,0,84.14,29.91,4,112,1,3,0,1
7166,40,North,17,0,74.62,13.52,5,48,1,1,0,0
7167,51,South,71,0,120.1,18.47,1,38,2,2,1,0
7168,59,West,71,0,94.94,30.45,2,87,1,3,1,0
7169,40,North,17,0,77.48,27.32,3,39,1,6,0,0
7170,70,East,30,0,85.56,21.13,4,27,1,5,0,1
7171,69,South,29,0,60.52,11.3,4,14,2,2,0,0
7172,63,West,22,1,91.64,34.63,3,70,2,1,0,0
7173,74,South,11,1,57.88,29.96,5,14,2,0,0,0
7174,40,East,5,0,60.55,28.84,4,101,3,4,0,1
7175,24,West,44,0,77.81,20.87,3,67,1,3,2,1
7176,45,South,3,1,76.42,20.99,5,54,0,2,0,0
7177,60,South,45,1,96.39,23.93,8,30,1,1,0,0
7178,62,West,7,0,71.18,21.58,2,91,2,1,0,1
7179,40,South,11,0,52.21,25.87,3,54,0,2,0,0
7180,34,South,1,0,88.4,15.69,6,20,1,1,0,0
7181,43,South,29,1,103.01,28.93,6,53,0,1,0,0
7182,63,West,24,1,79.96,41.34,8,34,2,0,0,0
7183,21,West,24,0,81.71,33.88,2,76,3,4,0,0
7184,36,East,23,1,106.42,37.22,3,7,0,1,1,0
7185,31,East,67,0,99.04,22.72,1,20,3,3,0,0
7186,63,South,31,0,60.41,20.03,4,53,2,5,1,0
7187,44,North,58,1,142.56,39.31,5,89,4,2,0,0
7188,22,North,17,1,98.09,32.47,5,64,0,1,0,1
7189,32,North,35,0,58.79,32.36,2,47,2,5,0,0
7190,20,North,5,1,85.64,42.78,5,12,2,1,0,0
7191,45,East,19,1,86.2,38.28,10,24,3,3,1,0
7192,74,North,6,0,63.1,21.02,6,17,1,2,0,0
7193,50,North,2,1,63.09,31.64,7,13,4,1,1,0
7194,67,South,13,1,87.31,21.85,11,86,1,3,0,1
7195,60,North,12,0,53.53,24.58,3,39,1,3,0,0
7196,68,North,23,0,66.26,24.33,3,105,0,1,0,0
7197,35,North,53,0,92.31,13.98,6,36,0,4,0,1
7198,72,North,11,1,78.35,53.91,5,17,2,3,0,0
7199,31,South,44,0,77.64,29.45,6,58,0,6,0,0
7200,42,East,26,0,85.3,18.28,4,45,2,0,0,0
7201,56,West,29,0,61.17,41.43,7,108,3,3,0,1
7202,34,East,66,1,103.27,31.03,10,5,1,1,0,0
7203,33,East,34,0,58.18,31.64,5,46,2,4,0,0
7204,25,West,19,1,77.16,35.7,6,27,0,3,0,0
7205,18,South,17,0,70.44,21.31,4,32,1,3,0,0
7206,46,East,12,1,95.59,32.3,5,19,1,0,0,0
7207,74,South,57,1,96.41,46.49,8,28,3,4,0,1
7208,30,South,48,0,93.15,32.01,2,49,3,1,0,0
7209,43,South,20,0,71.58,24.02,2,54,1,3,0,0
7210,71,North,35,1,76.76,18.6,6,13,0,1,1,0
7211,62,West,36,0,80.62,27.44,3,86,0,0,0,0
7212,18,North,4,0,79.92,15.03,1,107,2,2,2,1
7213,46,East,65,0,64.12,29.31,3,37,1,3,0,1
7214,26,West,56,0,118.08,19.29,2,29,0,1,0,0
7215,32,South,39,0,70.34,20.12,3,91,1,1,1,0
7216,32,North,51,0,60.76,19.9,2,86,0,1,0,0
7217,52,South,8,1,86.08,43.16,6,5,1,2,1,0
7218,29,South,70,1,127.47,20.87,0,27,1,1,0,0
7219,32,West,46,1,98.79,40.9,8,15,0,1,0,0
7220,30,East,67,1,118.17,37.74,12,79,1,1,0,0
7221,38,East,62,0,122.8,24.42,5,97,1,4,0,1
7222,55,South,42,1,104.08,31.42,5,4,1,0,0,0
7223,40,East,21,1,135.24,38.89,4,40,1,0,0,0
7224,36,East,49,0,103.47,21.48,3,81,1,1,0,0
7225,47,North,37,0,79.27,21.41,5,84,2,5,0,1
7226,53,North,30,1,99.37,35.51,9,22,1,2,0,0
7227,18,North,51,1,100.71,48.76,9,25,1,1,1,0
7228,68,South,64,1,115.74,22.9,4,77,1,3,0,0
7229,70,West,13,0,74.92,29.01,6,33,2,2,0,0
7230,52,East,40,1,93.94,33.86,7,48,1,2,1,0
7231,50,South,56,1,87.3,33.24,9,12,0,2,0,0
7232,57,West,24,1,111.82,22.78,3,5,1,0,0,0
7233,43,North,25,1,107.1,20.95,8,63,1,2,0,0
7234,38,North,1,0,39.24,27.72,1,23,1,5,1,0
7235,38,West,23,1,94.06,24.85,9,79,2,1,0,0
7236,27,West,42,1,116.41,43.13,6,66,1,0,0,0
7237,65,East,69,1,128.36,26.87,8,27,0,2,0,0
7238,36,North,38,1,88.59,39.41,5,44,1,1,0,0
7239,34,West,21,0,85.23,20.39,3,17,1,0,0,0
7240,72,East,58,1,109.23,30.01,8,79,1,0,0,0
7241,46,East,14,0,72.83,17.69,3,7,0,4,0,0
7242,53,North,14,0,53.21,28.49,4,44,2,5,0,0
7243,31,South,38,0,15.14,30.72,7,18,0,2,0,0
7244,33,West,58,0,77.34,22.48,6,90,2,2,0,0
7245,59,West,16,0,76.05,29.73,5,33,2,1,0,0
7246,43,East,2,0,57.92,25.1,3,25,2,4,0,0
7247,26,South,52,0,95.75,14.33,8,30,1,0,0,0
7248,65,East,42,1,117.59,38.03,8,28,4,4,0,0
7249,40,South,49,1,99.54,32.6,6,0,0,3,0,0
7250,56,South,29,0,68.07,4.09,5,68,0,1,0,0
7251,37,North,9,0,31.7,21.87,5,92,1,1,0,1
7252,49,North,24,1,68.78,21.45,6,21,2,2,0,0
7253,62,East,34,0,56.9,15.15,4,24,0,4,0,0
7254,68,North,31,0,83.85,23.01,3,56,1,1,0,0
7255,29,North,64,1,107.19,34.4,5,44,0,0,0,0
7256,56,West,16,0,59.99,18.32,0,33,0,1,0,0
7257,70,East,23,1,81.77,39.22,6,9,0,1,0,0
7258,54,North,14,0,55.32,24.08,4,94,1,4,1,1
7259,26,South,41,1,114.35,31.61,5,44,0,0,0,1
7260,28,East,58,0,90.4,25.35,6,92,1,3,0,0
7261,29,South,63,0,106.37,34.64,6,66,1,3,0,0
7262,24,South,17,0,35.6,7.8,6,28,1,2,1,0
7263,60,South,31,0,83.49,35.4,6,70,2,2,0,0
7264,73,North,53,1,99.24,30.07,4,11,2,0,0,0
7265,47,East,4,1,77.78,28.77,5,89,1,2,0,1
7266,52,North,51,1,125.79,31.78,6,72,0,0,0,0
7267,62,South,10,1,79.15,27.91,8,41,3,3,0,0
7268,41,North,3,0,68.88,16.68,2,71,2,2,0,0
7269,44,North,9,0,49.23,31.77,5,82,1,3,0,1
7270,51,North,63,0,92.04,26.28,5,36,1,1,0,0
7271,35,West,49,1,80.63,19.66,7,79,1,3,0,0
7272,21,North,57,1,107.64,40.39,9,41,0,1,0,0
7273,50,North,49,1,110.28,39.23,8,59,0,1,0,0
7274,64,North,57,0,105.1,13.12,0,114,1,3,0,1
7275,22,East,36,0,65.73,26.44,6,59,2,3,0,1
7276,30,South,58,1,101.07,39.96,7,67,0,3,0,0
7277,32,West,5,1,72.84,22.17,7,76,2,0,0,0
7278,63,East,42,1,97.19,37.28,8,58,1,2,0,0
7279,46,South,54,0,72.54,19.6,3,29,2,2,0,0
7280,48,East,71,1,83.14,39.34,5,68,0,2,0,0
7281,54,North,26,1,77.36,27.53,7,57,0,0,0,0
7282,33,West,13,0,65.77,33.34,6,90,3,2,1,1
7283,58,West,52,0,83.78,23.05,4,94,1,1,0,0
7284,19,North,6,1,91.28,30.08,9,53,1,0,0,0
7285,24,East,56,1,120.63,29.22,10,29,0,1,0,0
7286,64,North,50,1,98.26,41.99,6,65,0,5,0,0
7287,55,East,50,1,81.21,29.21,7,67,0,1,0,0
7288,28,East,21,0,76.55,33.48,6,55,1,2,1,0
7289,43,West,9,0,64.35,26.71,4,28,1,3,0,0
7290,20,South,44,0,78.12,13.92,1,75,0,1,0,0
7291,56,East,26,1,111.31,35.21,8,60,2,1,1,0
7292,61,East,28,0,80.76,25.37,8,87,0,2,0,0
7293,33,North,14,0,68.84,13.65,4,78,3,5,0,1
7294,37,East,24,0,74.46,25.07,1,44,2,3,0,0
7295,31,East,60,1,122.75,39.34,7,6,0,1,0,0
7296,40,East,64,1,101.66,44.03,8,85,0,1,0,0
7297,33,West,25,1,79.3,43.67,6,81,5,1,0,0
7298,32,North,11,0,61.99,44.11,3,35,2,3,0,1
7299,42,North,3,0,43.83,25.0,3,22,1,1,0,0
7300,66,North,14,0,66.32,29.43,4,109,3,1,0,1
7301,61,North,1,1,81.95,30.15,3,21,2,1,0,0
7302,34,South,48,0,82.97,40.07,2,44,1,0,0,0
7303,71,West,46,1,97.58,27.87,7,57,1,1,0,0
7304,29,South,56,1,132.8,49.71,3,72,0,1,0,0
7305,69,East,24,1,106.11,48.69,11,1,1,1,0,0
7306,35,South,60,1,108.54,28.72,6,48,0,2,0,0
7307,48,South,13,1,87.9,43.29,4,47,1,3,0,0
7308,29,West,17,1,109.15,38.65,10,52,1,0,0,0
7309,61,East,66,0,84.23,21.7,1,104,0,1,0,0
7310,36,South,63,1,97.02,33.91,13,21,0,2,0,0
7311,67,West,43,0,84.9,27.12,4,36,0,1,0,0
7312,22,South,44,0,88.21,27.89,4,43,0,3,1,0
7313,46,North,50,0,92.33,36.95,3,13,1,3,0,0
7314,27,South,59,1,121.92,39.57,4,39,1,0,0,0
7315,68,East,17,1,77.51,28.84,8,18,1,0,0,0
7316,41,South,5,0,41.37,30.95,0,89,2,3,0,1
7317,56,West,14,1,78.23,21.02,4,86,1,2,0,1
7318,68,South,26,0,81.73,21.91,6,76,0,2,1,0
7319,48,South,17,0,54.67,22.68,0,90,3,1,0,1
7320,21,West,38,1,69.99,40.27,7,47,1,1,0,0
7321,30,South,10,0,67.16,39.17,3,99,1,1,0,1
7322,30,South,41,1,91.99,36.74,4,75,0,2,0,0
7323,70,North,51,1,79.59,32.11,2,52,0,3,0,0
7324,69,South,8,1,85.12,29.41,4,63,1,2,0,0
7325,45,South,21,1,84.71,41.68,10,4,0,2,1,0
7326,68,North,39,1,124.64,33.44,4,88,0,1,1,0
7327,32,East,5,1,83.83,30.97,7,64,1,3,0,0
7328,56,North,48,0,92.79,32.61,2,40,2,2,0,0
7329,40,North,54,1,106.74,44.35,3,71,1,4,1,0
7330,31,East,26,0,64.04,17.33,2,48,1,3,0,0
7331,32,North,1,1,73.19,23.03,11,85,2,1,0,1
7332,41,East,36,1,114.21,34.22,8,56,0,4,0,0
7333,37,East,62,0,102.22,15.88,6,43,3,3,0,0
7334,30,South,21,1,68.17,24.78,5,81,1,1,0,0
7335,37,North,61,0,71.77,16.67,5,73,1,2,0,0
7336,25,South,62,1,93.1,43.37,6,62,0,2,0,0
7337,73,North,20,1,105.9,40.2,5,71,2,1,0,0
7338,39,South,43,1,75.53,54.66,7,51,1,1,0,0
7339,24,East,3,1,93.3,29.86,10,6,6,1,0,0
7340,50,East,40,0,85.98,35.64,2,29,1,0,0,0
7341,68,South,63,1,113.7,38.95,3,2,0,3,0,0
7342,38,West,68,0,86.91,20.55,6,80,0,1,0,0
7343,66,North,15,1,105.33,33.83,13,79,1,3,0,0
7344,52,West,48,0,85.7,20.51,5,64,0,1,0,0
7345,60,West,5,0,40.84,27.07,5,60,1,1,0,0
7346,34,South,20,1,71.83,42.89,4,77,0,2,0,0
7347,20,North,60,0,65.33,22.05,7,25,1,3,0,0
7348,37,North,46,1,121.01,41.79,5,40,0,1,0,0
7349,70,West,28,0,95.36,35.17,1,13,0,0,0,0
7350,63,North,69,1,130.79,46.95,6,10,0,2,0,0
7351,62,West,54,1,104.85,25.62,3,74,1,0,1,0
7352,68,South,2,1,59.6,34.61,6,12,2,4,0,0
7353,39,South,6,1,67.19,40.68,4,34,2,3,0,0
7354,36,East,45,1,87.67,26.31,8,72,2,1,0,0
7355,70,North,63,1,110.81,24.52,4,31,2,2,1,0
7356,50,South,12,0,86.81,24.79,4,28,2,1,0,0
7357,34,West,39,0,100.25,21.7,3,74,3,3,0,0
7358,33,North,58,0,81.67,23.62,3,72,0,3,0,0
7359,68,West,62,0,57.45,21.23,2,58,0,3,0,0
7360,21,West,46,0,65.5,42.28,3,64,1,1,0,0
7361,21,North,71,1,133.33,31.31,5,86,3,0,0,1
7362,60,South,67,1,116.97,39.69,6,27,1,0,0,0
7363,18,North,60,1,104.67,39.15,4,28,0,1,0,0
7364,27,East,48,0,77.62,11.49,3,83,1,5,0,1
7365,74,West,70,1,103.74,46.73,9,37,0,1,0,0
7366,42,West,2,1,62.94,40.01,9,8,1,1,0,0
7367,59,West,7,1,114.58,36.26,4,36,6,1,0,1
7368,45,North,37,0,104.28,33.46,4,59,5,4,0,0
7369,23,East,48,0,71.67,24.62,6,75,0,2,0,0
7370,28,North,65,1,86.19,42.06,9,33,2,2,0,0
7371,61,West,49,1,107.04,19.99,5,89,0,0,0,1
7372,23,North,17,0,66.29,31.54,1,14,0,2,0,0
7373,51,North,65,1,121.92,36.47,3,56,0,0,0,0
7374,37,North,6,1,95.82,36.59,4,68,0,2,0,0
7375,39,North,7,0,45.95,18.26,3,48,2,2,1,0
7376,72,North,52,0,105.2,23.25,2,45,0,5,0,0
7377,52,North,69,1,109.2,33.02,5,15,0,1,0,0
7378,53,West,36,1,107.12,25.89,9,24,1,1,0,0
7379,37,East,10,1,81.08,37.87,4,17,1,0,0,0
7380,39,North,4,1,95.84,47.59,9,69,1,3,0,0
7381,57,West,70,1,79.57,23.63,7,46,1,2,0,0
7382,20,South,20,0,81.08,28.92,4,42,1,1,0,0
7383,31,East,46,0,70.52,21.64,4,46,0,0,0,0
7384,52,South,24,1,93.1,30.71,10,84,2,0,0,0
7385,53,East,16,1,106.67,35.6,12,69,2,1,0,0
7386,23,South,48,1,91.95,35.72,6,21,0,3,0,0
7387,62,North,53,1,92.1,36.48,5,33,0,2,0,0
7388,48,East,34,0,71.42,15.95,5,64,0,3,0,0
7389,31,East,37,1,91.97,43.72,8,17,1,0,0,0
7390,60,East,35,1,81.75,35.65,9,27,0,1,0,0
7391,74,South,42,1,102.59,39.75,7,12,1,0,0,0
7392,42,South,58,1,111.37,44.72,4,56,0,2,0,0
7393,34,East,51,1,112.44,19.63,9,34,0,3,0,0
7394,35,North,20,1,77.71,40.04,8,81,2,1,0,0
7395,51,North,18,0,54.84,23.69,4,54,4,3,0,1
7396,20,South,48,1,102.22,43.15,6,26,0,0,0,0
7397,45,North,46,0,79.32,18.59,6,88,0,1,1,1
7398,19,South,27,1,90.11,42.48,3,23,1,3,0,0
7399,20,North,60,1,99.39,26.56,8,32,1,2,1,0
7400,42,East,30,0,79.95,28.22,7,52,2,3,0,0
7401,60,East,24,1,77.86,37.27,7,1,0,0,0,0
7402,68,West,40,0,78.17,23.76,5,47,0,3,0,1
7403,22,East,14,1,82.4,26.74,8,78,1,2,1,1
7404,31,South,50,0,84.5,22.05,1,29,0,3,0,0
7405,42,West,64,0,109.78,32.38,4,75,2,3,0,0
7406,50,East,68,1,94.28,46.9,10,70,2,0,0,0
7407,74,South,32,1,60.13,50.63,4,16,0,1,0,0
7408,57,North,20,0,61.09,29.21,5,92,3,3,0,1
7409,48,East,35,0,60.23,27.01,7,83,0,5,0,1
7410,21,East,8,0,18.81,28.59,4,93,4,4,1,1
7411,22,East,48,0,110.2,40.43,4,95,0,5,0,0
7412,26,West,31,1,103.9,39.16,6,57,3,0,0,0
7413,55,West,9,1,94.51,35.7,11,11,0,0,0,0
7414,36,West,39,0,75.22,22.8,9,79,0,2,0,0
7415,31,East,52,1,112.31,33.72,8,18,1,2,0,0
7416,56,West,17,0,62.16,28.09,6,61,1,4,2,1
7417,64,West,29,1,106.71,28.99,7,2,4,1,0,0
7418,43,North,64,1,114.84,29.99,5,54,1,1,0,0
7419,68,East,51,1,104.95,34.49,5,58,0,0,0,0
7420,59,North,57,1,109.08,31.38,5,72,3,3,0,0
7421,58,South,32,0,97.98,29.77,2,65,2,4,0,0
7422,67,South,36,1,100.51,40.39,5,77,0,1,0,1
7423,28,South,36,0,62.56,27.1,4,47,1,3,1,0
7424,61,North,32,0,81.04,28.92,2,103,1,2,0,1
7425,72,North,11,1,92.84,35.94,4,20,0,2,0,0
7426,74,North,3,1,79.33,4.66,9,60,1,2,0,0
7427,50,East,60,0,89.22,17.99,8,83,2,3,0,0
7428,60,West,39,1,83.51,40.66,5,11,0,0,0,0
7429,68,West,38,1,100.46,28.29,8,54,3,1,0,0
7430,66,South,43,0,63.28,31.84,3,58,2,2,0,0
7431,69,North,30,0,71.24,32.29,2,44,1,1,1,1
7432,65,West,64,0,81.96,22.88,3,53,0,5,0,0
7433,39,North,34,0,91.74,20.28,2,69,2,3,0,1
7434,59,West,36,0,101.25,25.08,3,84,2,3,0,0
7435,41,East,38,1,81.84,34.65,9,7,1,2,0,0
7436,63,South,12,1,85.93,40.02,5,63,0,3,0,0
7437,64,North,13,1,81.84,16.27,5,66,1,0,1,0
7438,71,North,13,0,73.47,19.13,0,64,1,0,0,0
7439,51,East,19,1,90.94,26.9,4,77,0,0,0,0
7440,45,South,12,0,60.19,4.85,1,16,2,5,1,0
7441,27,West,16,0,69.41,21.04,3,93,3,2,0,1
7442,54,East,67,1,110.28,23.0,13,13,2,1,0,0
7443,50,South,26,0,96.84,21.9,3,100,2,5,0,0
7444,47,North,57,1,96.6,31.1,9,4,0,1,1,0
7445,56,South,28,0,77.86,28.63,3,54,1,0,1,0
7446,66,North,59,0,97.14,23.0,3,103,2,0,0,1
7447,26,East,54,0,93.58,11.47,4,64,1,3,0,0
7448,42,East,60,1,105.53,37.77,8,11,0,0,0,0
7449,59,West,21,1,111.02,54.36,10,81,0,1,0,0
7450,64,South,7,1,52.17,43.6,6,37,1,1,1,0
7451,62,North,22,0,54.59,30.43,6,104,0,4,0,1
7452,63,West,50,0,94.95,23.44,1,27,2,5,0,0
7453,66,East,47,0,70.3,21.07,2,46,0,2,0,0
7454,72,East,51,1,91.42,30.52,7,37,0,1,0,0
7455,52,South,71,1,108.49,36.93,8,17,0,1,0,0
7456,32,West,16,0,56.22,15.91,0,30,0,5,0,0
7457,50,North,32,1,105.56,36.76,6,56,3,1,0,0
7458,58,South,35,0,91.07,19.69,1,48,1,0,0,1
7459,23,West,11,1,86.82,21.28,3,84,0,3,1,1
7460,61,North,48,0,99.82,19.58,5,63,0,3,1,1
7461,49,West,4,1,61.2,45.01,4,45,2,0,0,0
7462,71,South,64,0,93.14,26.11,4,90,2,1,0,1
7463,30,North,7,0,83.72,2.0,3,85,0,4,0,0
7464,69,North,8,0,78.65,19.61,2,15,3,3,0,0
7465,43,West,13,0,88.04,32.23,2,78,2,0,0,0
7466,50,East,64,1,103.15,32.61,8,84,1,0,1,0
7467,55,South,62,0,104.76,29.19,4,16,1,3,0,0
7468,51,North,66,0,86.6,21.84,2,35,1,0,0,0
7469,69,North,60,1,118.93,36.47,6,48,0,2,0,0
7470,27,North,66,0,112.66,25.28,3,10,0,8,0,0
7471,59,East,34,1,85.09,29.83,7,56,0,2,0,0
7472,73,North,1,1,52.66,39.57,9,61,5,0,0,1
7473,30,North,32,1,123.71,47.25,9,82,0,0,0,0
7474,32,North,16,1,95.32,38.08,7,72,0,0,2,0
7475,45,East,18,0,67.39,25.83,6,95,2,6,0,0
7476,59,East,50,0,82.57,18.25,3,53,1,1,1,0
7477,72,East,12,0,34.56,32.51,5,59,0,4,1,0
7478,63,East,23,0,74.63,20.91,1,91,1,3,2,0
7479,63,West,28,0,66.04,29.49,3,104,1,1,1,0
7480,43,South,5,0,63.29,31.09,7,11,2,4,0,0
7481,54,West,50,1,105.45,42.9,3,5,0,1,0,0
7482,30,East,55,1,56.83,43.05,9,17,0,2,0,0
7483,44,North,40,1,107.35,42.76,7,62,0,2,0,0
7484,28,West,3,1,84.33,24.95,5,41,1,1,0,0
7485,19,East,56,0,92.85,18.13,5,41,0,4,0,0
7486,66,East,32,0,73.25,14.02,4,57,1,3,0,0
7487,63,North,19,1,90.23,23.48,3,79,5,0,1,1
7488,47,South,68,0,96.59,37.2,1,86,2,7,0,1
7489,18,West,62,0,95.11,17.11,5,59,0,4,0,0
7490,23,North,32,1,103.13,25.99,8,41,0,1,0,0
7491,24,North,32,0,80.24,24.55,5,21,4,0,0,0
7492,58,North,65,1,140.25,29.03,10,87,1,2,0,0
7493,29,South,14,1,76.11,53.1,8,70,0,2,0,0
7494,32,West,30,0,69.38,22.81,2,49,0,4,1,0
7495,67,East,41,0,105.89,28.56,4,13,0,3,0,0
7496,67,West,25,0,70.18,18.76,2,20,1,2,1,1
7497,61,South,23,0,85.47,11.7,4,76,2,3,1,1
7498,35,South,8,0,66.03,19.17,4,84,1,0,0,0
7499,51,North,19,0,66.08,19.26,5,71,2,2,0,0
7500,29,North,26,1,107.79,29.2,8,45,1,2,0,0
7501,66,East,60,1,117.78,22.2,7,64,1,2,0,0
7502,22,North,24,1,68.99,36.09,5,32,2,3,0,0
7503,60,North,12,0,68.6,22.31,2,18,1,3,0,1
7504,47,West,61,0,75.57,12.66,7,92,0,2,0,0
7505,61,East,25,0,91.57,25.85,3,24,1,1,1,0
7506,43,North,66,1,139.3,41.1,6,3,1,1,1,0
7507,27,East,8,1,112.11,44.58,7,48,1,1,0,0
7508,60,South,2,0,66.36,5.64,7,101,0,3,1,1
7509,53,West,66,1,106.08,29.15,6,3,2,1,0,0
7510,44,East,7,1,88.33,24.03,10,7,2,2,0,0
7511,39,North,1,1,66.4,29.78,12,49,0,0,0,0
7512,37,North,46,1,138.18,46.11,6,23,0,0,0,0
7513,45,North,23,1,109.42,29.18,5,85,1,1,0,0
7514,32,East,35,1,102.07,31.2,4,49,2,4,1,0
7515,34,South,29,0,89.46,18.37,5,90,0,5,0,0
7516,33,East,22,0,63.62,38.01,6,12,1,2,1,0
7517,18,South,35,1,80.88,16.6,6,53,0,1,0,0
7518,70,South,19,0,36.3,20.55,1,51,3,4,1,1
7519,31,North,16,0,69.25,18.08,2,35,0,3,0,0
7520,27,North,16,1,84.88,21.23,9,5,0,1,1,0
7521,26,South,9,0,72.29,33.82,1,40,0,3,0,1
7522,74,East,38,1,99.2,20.58,7,8,0,1,0,0
7523,45,West,39,1,106.61,31.32,5,14,2,2,1,0
7524,36,North,2,0,73.17,24.37,2,17,1,2,0,0
7525,41,East,33,1,74.6,28.99,11,45,1,4,0,0
7526,23,North,53,1,119.53,21.13,4,18,0,1,0,0
7527,35,East,1,1,74.4,33.65,6,18,2,1,0,0
7528,32,North,22,0,78.76,18.91,1,76,0,2,0,1
7529,63,East,69,1,129.83,41.47,12,46,2,0,0,0
7530,21,North,31,0,90.94,29.13,5,44,1,2,0,0
7531,42,North,2,1,82.94,50.55,12,53,1,2,0,0
7532,63,East,38,1,101.68,35.88,15,7,2,3,0,0
7533,65,South,30,0,88.38,29.71,4,42,1,1,0,1
7534,47,South,16,0,45.48,22.13,4,113,3,1,0,1
7535,30,South,6,1,68.73,48.69,4,54,1,1,0,1
7536,37,West,63,0,87.31,25.08,6,101,2,1,0,0
7537,30,South,58,0,69.01,24.18,7,87,0,3,1,0
7538,55,East,49,0,80.42,29.32,2,30,2,3,0,0
7539,34,West,2,0,56.1,19.84,4,48,1,1,0,0
7540,53,East,62,1,112.31,31.0,3,10,0,1,0,0
7541,55,South,34,1,96.15,39.32,8,27,1,1,0,1
7542,71,East,34,0,93.04,30.86,4,95,1,1,0,0
7543,39,North,63,0,100.1,29.78,3,48,1,1,1,0
7544,72,East,31,0,74.43,24.36,8,84,2,3,0,0
7545,40,South,17,1,83.5,37.16,8,44,1,2,0,0
7546,56,East,17,0,67.79,32.68,2,20,1,3,0,0
7547,55,West,66,1,112.55,26.25,8,15,2,2,0,0
7548,64,North,39,0,117.28,25.01,3,69,0,2,0,1
7549,44,North,42,1,79.14,11.71,7,38,0,1,0,0
7550,63,South,43,0,67.61,30.92,4,92,1,3,0,1
7551,38,South,16,1,71.91,28.74,6,60,0,1,0,0
7552,46,South,30,0,79.04,18.95,5,29,0,2,0,0
7553,46,East,68,0,97.45,24.02,5,60,0,1,0,0
7554,58,South,11,0,56.9,29.95,3,49,0,1,1,0
7555,53,West,68,1,127.44,54.13,5,5,0,3,0,0
7556,22,South,20,1,95.54,22.58,12,32,1,2,0,0
7557,64,North,21,1,104.57,28.2,7,8,1,2,2,0
7558,61,South,2,0,79.05,26.83,4,12,3,3,1,0
7559,23,East,48,0,52.03,19.19,5,39,1,2,0,0
7560,72,North,23,0,81.78,31.69,2,69,1,2,0,0
7561,55,North,33,1,77.15,33.66,3,6,2,5,0,0
7562,22,South,42,1,104.74,42.08,7,13,0,3,0,0
7563,46,East,46,0,81.91,23.01,4,64,0,4,0,0
7564,65,West,68,0,93.55,29.36,3,23,1,4,1,0
7565,33,South,40,0,61.93,17.34,3,12,0,2,0,0
7566,71,North,13,0,81.96,40.5,1,11,4,1,0,0
7567,41,South,50,0,65.64,11.4,3,69,0,2,1,1
7568,30,South,4,1,93.26,29.34,9,58,0,0,0,0
7569,38,West,60,0,68.52,13.64,6,37,0,3,1,0
7570,47,South,22,1,90.73,41.4,6,74,0,1,1,1
7571,57,East,52,0,113.07,29.32,6,38,0,1,1,0
7572,70,West,12,1,121.42,25.25,7,11,0,1,0,0
7573,29,East,29,1,70.22,42.98,6,84,1,1,0,0
7574,72,North,50,1,94.43,29.41,5,15,2,3,1,0
7575,48,East,45,0,74.66,28.1,6,44,0,4,0,0
7576,25,South,1,1,114.33,39.98,13,50,1,0,0,0
7577,70,South,3,0,60.48,23.04,3,68,2,3,0,1
7578,37,West,70,0,111.12,32.28,1,52,0,1,1,0
7579,53,North,38,0,83.5,23.85,3,67,1,5,1,0
7580,57,South,61,0,72.51,27.71,1,57,0,3,1,0
7581,18,North,6,0,35.1,22.81,3,78,3,3,0,0
7582,30,North,35,1,88.3,20.05,10,41,0,0,0,0
7583,57,East,41,0,115.25,24.01,4,99,0,3,0,0
7584,36,East,66,0,96.86,18.01,5,67,1,3,0,1
7585,18,East,51,1,121.32,46.14,6,19,1,1,0,0
7586,19,South,45,1,81.23,24.09,5,71,0,1,1,1
7587,65,North,21,1,85.62,44.8,9,29,1,1,0,1
7588,26,South,71,0,107.18,23.57,8,74,1,3,0,1
7589,23,South,24,0,55.63,28.25,4,99,0,6,0,1
7590,50,East,20,0,69.04,13.96,4,84,2,3,0,1
7591,24,East,52,1,92.8,32.53,7,84,0,2,0,0
7592,55,West,71,1,127.9,29.68,7,15,1,1,0,0
7593,49,West,61,1,116.48,51.83,4,37,0,0,0,0
7594,54,South,13,1,96.75,29.49,9,14,0,1,0,0
7595,46,East,58,0,102.07,34.23,1,54,0,3,0,0
7596,62,East,26,1,89.58,44.34,9,53,2,2,0,0
7597,54,West,16,0,83.05,34.11,5,64,1,1,0,0
7598,41,South,67,0,84.65,20.25,7,55,1,2,0,1
7599,18,East,68,1,123.39,49.44,5,67,1,4,0,0
7600,33,South,27,0,43.94,41.1,5,27,2,1,0,0
7601,25,East,2,0,49.8,27.94,5,90,1,2,0,1
7602,18,West,15,1,122.24,31.28,2,57,3,3,0,0
7603,33,West,39,0,88.66,18.11,5,48,3,0,0,0
7604,29,North,5,0,71.67,28.77,0,42,2,1,0,0
7605,22,North,17,0,56.14,25.52,5,25,0,6,0,1
7606,35,East,11,1,69.09,36.46,7,28,4,1,0,0
7607,46,East,68,1,110.03,24.22,12,59,1,1,1,0
7608,28,West,26,1,91.99,35.26,5,66,1,0,0,0
7609,33,South,27,0,102.22,34.15,6,11,1,4,0,0
7610,19,West,30,0,90.28,31.52,2,85,0,3,0,1
7611,20,East,1,0,62.13,21.69,9,75,4,5,1,1
7612,26,North,39,0,80.49,24.13,2,49,0,1,0,0
7613,43,North,65,1,123.87,23.25,3,33,0,2,1,0
7614,55,East,58,1,89.22,29.68,5,85,0,0,0,0
7615,62,North,18,1,60.18,32.28,4,55,1,2,0,0
7616,53,West,1,0,71.65,30.07,0,66,0,0,0,0
7617,53,East,55,0,88.58,19.35,5,16,0,0,2,0
7618,71,South,60,0,70.32,16.71,4,91,1,3,0,0
7619,32,North,66,1,81.58,41.06,4,28,1,1,0,0
7620,63,West,41,1,113.91,31.62,4,46,0,2,0,1
7621,71,East,34,0,69.18,18.29,3,68,2,5,0,1
7622,50,East,54,0,93.0,31.5,8,58,3,5,0,0
7623,65,East,50,0,81.04,28.67,1,43,1,5,0,0
7624,25,East,54,1,106.49,33.34,7,33,0,2,1,0
7625,68,West,21,0,61.62,22.19,7,40,3,2,0,0
7626,50,East,65,0,91.35,28.04,4,24,1,2,1,0
7627,30,South,3,0,70.16,29.31,8,58,4,0,0,1
7628,21,North,7,0,59.36,26.67,5,88,3,1,0,0
7629,59,South,47,0,78.51,25.97,5,76,1,1,0,0
7630,42,East,41,1,109.61,30.15,5,51,1,1,0,0
7631,35,South,40,0,90.11,20.63,5,44,0,2,0,0
7632,40,East,65,0,75.44,23.63,3,39,2,3,0,0
7633,74,West,62,0,90.57,17.31,1,76,1,3,1,1
7634,42,South,52,1,98.14,26.38,10,6,0,3,0,0
7635,22,North,12,1,86.21,34.28,11,63,2,2,0,0
7636,33,East,7,0,85.01,32.92,5,36,1,2,0,0
7637,26,North,10,1,90.38,18.42,4,80,1,0,0,0
7638,57,West,44,1,134.46,31.87,7,87,1,0,0,0
7639,63,South,51,1,108.79,37.18,6,1,0,1,0,0
7640,65,South,57,1,106.0,43.58,5,33,0,3,0,0
7641,54,East,8,0,63.7,39.4,0,92,3,4,0,1
7642,61,South,20,1,92.14,32.94,4,74,2,1,0,0
7643,41,South,24,1,96.84,50.78,7,9,1,0,1,0
7644,53,South,45,0,67.62,28.64,1,34,0,2,0,0
7645,24,South,4,1,78.5,41.51,9,19,0,1,0,0
7646,48,West,60,0,79.13,16.48,6,20,2,1,1,0
7647,49,North,6,0,78.44,28.63,3,68,1,3,0,0
7648,19,South,38,0,50.11,32.2,5,99,0,4,0,0
7649,49,North,67,0,95.85,19.49,6,92,1,3,0,0
7650,59,South,14,1,64.23,14.16,8,61,2,0,0,0
7651,38,North,49,0,90.98,26.19,3,68,0,3,0,0
7652,49,East,40,1,94.02,33.28,11,84,1,2,0,0
7653,34,North,59,0,62.25,35.75,5,90,0,2,1,0
7654,33,East,42,1,115.13,30.69,7,70,0,3,0,0
7655,25,North,61,0,52.75,19.36,7,72,0,2,1,0
7656,36,South,29,0,74.03,15.63,2,46,0,1,0,0
7657,63,North,12,1,96.37,29.96,9,31,0,2,0,0
7658,71,East,49,0,105.15,46.34,2,62,0,6,0,1
7659,54,West,69,1,90.35,22.31,11,78,2,0,0,0
7660,53,North,31,0,67.76,14.32,6,90,2,1,0,0
7661,52,West,59,0,105.75,24.57,2,23,2,0,1,0
7662,45,South,63,0,108.77,40.8,4,93,1,4,0,0
7663,42,East,46,0,102.21,30.93,7,102,0,0,0,0
7664,53,East,57,0,126.92,37.42,3,31,1,2,1,1
7665,62,North,40,1,92.37,31.92,10,54,0,4,0,0
7666,41,South,58,0,94.59,13.88,4,102,1,2,0,1
7667,50,North,24,0,66.81,21.41,4,108,1,2,0,0
7668,44,East,38,0,49.37,24.0,10,34,1,1,0,0
7669,34,South,6,1,81.65,35.09,5,26,2,0,0,0
7670,34,West,14,1,57.08,33.29,7,52,2,1,0,0
7671,22,North,42,0,73.19,29.73,0,80,1,1,1,0
7672,43,West,52,0,63.98,19.3,7,61,1,3,0,0
7673,58,North,3,0,68.08,17.58,4,64,2,4,0,1
7674,57,East,5,0,50.82,15.36,5,27,3,5,1,0
7675,74,South,1,0,33.72,26.64,3,76,1,3,0,1
7676,20,North,37,1,111.48,35.85,4,59,1,0,0,0
7677,61,North,24,0,62.94,33.73,0,63,1,2,0,0
7678,63,East,4,1,75.52,47.38,5,45,3,1,0,0
7679,42,North,57,1,93.83,25.34,12,60,1,1,0,1
7680,34,East,38,0,96.24,25.19,5,54,0,7,0,1
7681,38,West,1,1,84.56,33.36,9,22,1,2,0,0
7682,56,South,49,1,95.3,22.71,6,64,0,1,0,0
7683,67,North,65,0,63.79,20.77,4,73,2,2,0,0
7684,54,North,30,0,112.66,37.53,3,83,1,3,1,1
7685,47,North,68,1,143.69,29.94,7,66,1,1,0,0
7686,55,South,30,1,116.65,28.61,4,57,1,2,0,0
7687,22,East,6,1,72.45,34.58,5,76,2,1,0,0
7688,52,South,9,1,76.99,42.29,4,39,1,1,0,0
7689,20,North,5,0,68.51,22.56,1,35,1,2,0,0
7690,72,East,22,0,57.59,26.02,1,32,2,1,0,0
7691,68,South,28,0,59.16,6.72,1,51,2,3,0,0
7692,46,East,32,1,117.88,39.58,5,62,2,1,0,0
7693,39,West,35,1,96.67,36.77,4,9,0,1,1,0
7694,59,South,62,0,74.2,32.08,6,111,0,1,0,1
7695,54,South,1,1,94.79,20.06,6,36,0,3,0,0
7696,58,West,64,0,83.39,22.58,5,69,1,1,0,0
7697,47,East,17,1,58.81,42.71,11,14,0,1,0,0
7698,31,East,68,0,76.98,20.54,5,25,0,5,0,0
7699,22,East,10,1,77.25,35.41,3,75,2,1,1,0
7700,34,South,8,0,67.3,21.72,4,62,2,2,0,1
7701,48,South,9,1,87.08,31.92,3,43,0,2,0,1
7702,42,East,22,0,89.42,34.34,6,51,2,1,1,0
7703,46,East,67,1,109.94,23.61,9,60,2,2,0,0
7704,33,East,33,0,69.52,24.6,3,89,2,2,0,0
7705,71,South,12,1,104.68,37.01,6,87,2,1,0,0
7706,38,West,46,0,97.68,32.5,4,84,1,1,0,0
7707,66,North,37,0,75.3,24.02,5,58,2,3,0,0
7708,40,North,50,0,89.38,32.75,4,34,0,1,1,0
7709,43,South,53,0,79.37,24.56,2,49,0,2,0,0
7710,52,North,56,0,70.57,25.96,6,47,0,3,0,0
7711,32,East,11,0,98.46,25.65,2,19,2,5,1,1
7712,30,North,36,0,69.87,30.24,1,105,1,5,0,1
7713,39,East,45,1,106.92,39.33,7,82,1,2,0,1
7714,63,South,40,0,57.27,16.1,2,78,1,0,0,0
7715,26,North,70,1,126.05,36.74,6,49,0,0,0,0
7716,42,North,69,0,76.41,29.33,3,89,2,3,0,1
7717,56,South,58,0,114.17,36.69,4,75,0,5,0,1
7718,58,East,18,1,115.96,26.93,3,4,0,1,0,0
7719,42,South,38,1,107.48,39.31,9,56,0,0,0,0
7720,22,North,58,1,110.72,32.22,9,61,1,3,1,0
7721,18,South,20,0,67.19,26.53,3,82,3,1,0,1
7722,44,North,51,0,84.79,16.41,3,81,3,2,1,0
7723,64,North,18,1,95.14,34.89,4,18,1,0,0,0
7724,19,West,10,0,66.35,27.55,3,64,3,4,0,1
7725,68,North,18,0,83.73,17.24,1,38,4,2,0,0
7726,56,North,66,1,99.23,46.59,5,68,1,2,1,1
7727,18,West,71,1,138.42,22.65,7,83,1,1,0,0
7728,37,East,61,1,104.16,39.3,7,10,1,3,0,0
7729,30,South,20,1,78.81,15.57,5,20,0,2,0,0
7730,72,East,56,1,113.44,32.96,4,73,0,3,0,0
7731,49,West,16,1,94.4,38.84,8,24,0,3,0,0
7732,36,North,10,1,58.95,40.7,6,4,1,0,0,0
7733,33,North,19,1,82.28,34.16,10,61,1,3,1,0
7734,50,West,10,1,52.42,33.07,6,46,0,3,0,1
7735,18,West,46,1,92.86,39.54,8,26,1,0,0,0
7736,32,West,49,0,75.01,32.61,3,38,1,5,0,0
7737,27,South,3,0,65.96,36.04,5,80,2,2,0,0
7738,53,West,8,0,52.18,14.67,6,96,2,4,0,1
7739,56,South,35,1,89.23,33.39,8,32,0,2,0,0
7740,44,East,9,1,104.06,17.45,3,56,2,0,0,0
7741,25,West,59,1,140.46,24.06,6,89,1,1,0,0
7742,39,North,29,1,80.69,29.37,8,89,0,0,0,0
7743,66,North,30,1,110.29,41.92,8,11,0,0,0,0
7744,29,East,1,1,86.32,31.15,8,67,2,2,0,0
7745,27,West,50,0,58.92,22.69,3,31,2,2,0,0
7746,24,North,52,1,94.13,37.4,4,43,0,0,1,0
7747,64,West,54,1,61.58,29.64,10,74,2,0,0,0
7748,24,South,39,0,84.35,9.04,7,107,1,1,0,1
7749,51,South,20,1,73.85,29.03,5,48,2,1,0,0
7750,74,South,6,0,65.01,24.03,2,47,0,5,0,1
7751,54,West,23,0,110.06,28.75,3,37,0,3,1,1
7752,41,North,39,1,123.4,33.35,10,87,0,0,1,0
7753,29,East,9,0,52.99,28.61,4,48,0,1,0,0
7754,18,North,4,1,66.87,42.4,3,13,0,1,0,0
7755,26,West,16,1,107.39,43.96,10,33,2,2,0,0
7756,72,West,6,1,67.93,36.38,13,45,1,1,0,0
7757,26,North,2,1,95.87,25.9,8,34,1,3,0,0
7758,19,South,35,1,138.54,25.04,9,78,2,3,0,1
7759,64,South,53,0,96.63,15.79,2,89,1,1,0,0
7760,41,South,36,1,115.76,26.4,9,55,0,2,0,0
7761,38,West,7,1,99.52,35.8,8,45,1,1,0,0
7762,58,East,25,0,64.14,40.1,2,79,0,3,0,0
7763,47,South,3,0,65.85,26.7,5,19,2,2,0,0
7764,70,East,45,0,68.15,24.33,1,59,0,1,0,0
7765,44,South,17,0,87.85,32.7,3,89,1,4,0,0
7766,58,North,28,0,57.72,18.37,9,64,2,1,0,0
7767,68,North,65,1,123.01,43.34,5,20,1,3,0,0
7768,44,South,42,0,97.98,32.74,3,92,0,1,0,0
7769,34,East,55,1,100.13,35.47,9,67,0,0,0,0
7770,73,North,25,1,81.69,51.75,5,33,1,1,0,0
7771,30,East,67,1,110.95,43.92,5,61,1,1,0,0
7772,20,North,51,0,72.11,25.36,1,66,0,1,0,0
7773,50,East,37,0,80.85,23.85,4,63,0,0,0,0
7774,74,North,42,1,87.25,31.54,9,5,1,1,0,0
7775,22,South,45,1,89.83,33.95,4,67,1,0,0,0
7776,66,North,12,0,74.2,24.19,1,38,1,1,1,0
7777,65,South,18,0,78.26,22.44,3,70,4,6,1,0
7778,70,North,49,1,100.1,33.29,9,85,0,1,0,1
7779,42,South,32,1,71.3,25.46,5,32,1,0,0,0
7780,32,East,56,0,105.56,20.45,9,51,3,5,0,0
7781,47,North,38,0,72.27,12.22,2,37,0,3,0,1
7782,26,East,5,1,113.43,38.32,7,57,1,2,0,1
7783,66,East,48,0,82.01,25.64,1,90,0,1,0,1
7784,55,South,44,0,84.04,24.02,2,38,1,3,1,0
7785,45,East,26,0,66.52,32.09,3,83,2,3,0,1
7786,47,South,57,0,92.15,18.09,4,10,1,4,0,0
7787,58,East,25,1,144.65,29.31,10,21,1,0,0,0
7788,47,East,9,0,59.27,13.15,3,57,2,2,0,1
7789,65,East,9,1,103.64,43.18,7,49,1,1,0,0
7790,70,North,65,1,113.86,39.84,8,16,0,3,0,0
7791,72,East,27,0,91.11,35.64,9,37,1,2,0,1
7792,53,North,30,1,66.02,47.66,7,37,1,2,0,0
7793,60,South,22,0,100.17,21.61,4,88,1,4,0,0
7794,35,North,53,1,111.62,29.31,7,34,0,4,0,0
7795,20,North,43,0,77.48,10.64,2,60,0,2,1,0
7796,40,East,64,1,125.55,26.22,7,53,0,2,0,0
7797,67,West,64,1,114.16,32.4,6,8,1,0,0,0
7798,25,North,71,0,78.28,8.51,3,84,1,3,0,1
7799,49,East,24,0,35.65,16.38,6,53,0,1,0,0
7800,28,East,42,0,108.39,24.34,1,55,0,1,0,0
7801,42,West,25,1,89.16,42.15,5,61,1,2,1,0
7802,26,East,51,0,76.31,19.26,6,55,0,2,0,0
7803,59,North,54,1,98.97,36.02,3,65,1,0,1,0
7804,64,North,18,0,90.97,39.91,3,11,0,4,0,0
7805,61,East,62,0,83.65,10.55,4,61,4,3,1,0
7806,58,North,21,0,80.17,33.69,5,23,1,4,1,0
7807,31,West,70,0,89.98,28.05,2,10,1,3,0,0
7808,48,West,61,1,91.68,45.13,4,73,0,0,0,0
7809,23,West,2,1,94.52,42.74,3,35,2,0,0,0
7810,39,South,29,1,111.05,29.69,9,72,0,2,0,0
7811,46,East,28,1,83.81,35.01,5,79,0,1,0,0
7812,56,East,59,0,88.93,13.32,4,51,1,0,1,0
7813,23,North,52,1,107.46,30.82,4,68,0,1,0,0
7814,64,North,4,1,88.68,35.23,8,85,0,1,0,0
7815,44,North,60,0,119.57,27.43,2,89,0,1,0,0
7816,68,South,16,1,83.14,41.32,6,83,1,0,0,0
7817,48,West,27,1,88.55,47.66,6,6,0,0,0,0
7818,49,West,13,0,63.87,21.52,2,83,1,4,0,1
7819,57,South,12,1,71.87,44.16,8,85,2,2,0,0
7820,64,South,38,1,73.17,37.14,7,25,0,0,0,0
7821,26,North,7,0,65.51,14.54,4,70,2,4,0,1
7822,47,North,6,1,90.91,33.8,5,26,2,2,0,0
7823,19,North,56,0,88.04,25.93,5,44,1,3,1,0
7824,45,East,25,1,91.56,28.31,10,49,4,2,0,0
7825,64,East,47,0,70.02,16.68,5,53,0,1,1,0
7826,67,West,71,1,119.29,26.41,12,22,3,2,0,0
7827,34,West,4,1,84.55,30.65,3,15,2,4,0,0
7828,40,North,57,0,95.62,18.08,7,64,1,3,0,1
7829,49,East,8,0,68.86,34.84,6,88,1,0,0,1
7830,40,North,55,0,93.41,5.39,2,66,0,2,1,0
7831,28,South,22,1,110.78,35.89,6,18,1,0,0,1
7832,35,South,10,1,93.58,39.23,7,34,1,2,0,1
7833,41,North,17,1,95.71,27.3,5,70,1,1,0,0
7834,47,North,26,0,46.86,23.14,1,81,2,1,0,0
7835,70,North,52,1,121.8,32.26,2,12,1,0,0,0
7836,49,North,49,0,80.03,24.38,6,64,3,4,2,0
7837,40,West,52,1,107.19,40.3,6,54,0,1,0,0
7838,55,South,2,0,41.91,29.59,8,22,3,3,1,1
7839,62,South,70,1,146.35,30.2,6,75,2,4,0,0
7840,42,West,31,0,38.39,12.96,4,34,0,4,0,0
7841,45,East,8,1,106.32,36.32,2,42,3,2,0,0
7842,30,South,66,0,99.38,19.75,3,69,1,2,0,0
7843,67,West,57,1,79.92,30.78,5,86,1,3,0,1
7844,67,North,6,1,113.55,36.79,4,1,2,0,1,0
7845,27,North,32,0,83.71,21.52,5,28,0,4,1,1
7846,37,South,65,1,77.13,37.45,8,87,0,0,1,0
7847,33,South,49,0,78.16,45.1,3,104,0,0,0,0
7848,70,West,14,0,75.02,30.49,5,45,2,1,0,1
7849,21,North,50,1,130.7,45.76,6,78,0,1,0,0
7850,29,East,14,0,60.86,29.09,2,101,1,3,0,1
7851,35,East,25,0,32.8,25.62,4,37,1,1,0,0
7852,49,West,14,1,108.89,39.21,10,75,0,3,1,0
7853,32,North,50,0,92.47,28.82,2,77,0,2,0,0
7854,48,North,67,1,80.01,41.9,10,62,1,3,1,1
7855,60,West,4,0,67.14,25.47,1,48,1,3,1,0
7856,65,East,43,1,108.23,24.53,4,76,1,1,0,1
7857,23,North,18,1,84.13,23.25,5,46,1,1,0,0
7858,25,North,54,1,94.59,38.69,6,16,1,1,0,0
7859,23,West,10,0,55.85,15.99,3,32,1,2,0,0
7860,69,East,27,0,68.62,30.49,3,80,0,5,1,1
7861,55,East,15,0,72.82,35.71,2,105,6,2,0,1
7862,48,West,63,1,123.33,33.23,3,38,2,1,0,0
7863,63,North,6,0,30.78,34.69,2,20,1,3,0,0
7864,51,North,42,1,104.84,37.07,8,68,1,1,1,0
7865,31,East,9,0,71.82,25.21,1,18,1,1,0,0
7866,47,West,43,1,104.04,35.58,2,78,0,1,0,0
7867,58,North,55,1,101.43,28.35,5,72,1,0,0,0
7868,20,East,54,1,128.3,27.33,6,29,0,0,0,0
7869,52,North,3,0,81.67,11.85,5,69,1,4,0,0
7870,46,North,55,0,82.01,19.14,2,50,1,1,0,0
7871,21,West,22,0,69.75,42.12,5,49,2,3,0,0
7872,33,North,49,0,96.08,13.05,3,82,1,1,1,0
7873,43,North,69,0,113.74,15.59,5,98,0,6,0,0
7874,37,East,9,1,72.27,28.56,8,26,0,1,0,0
7875,34,South,26,1,77.31,28.93,6,62,2,5,1,0
7876,54,South,62,0,95.11,27.15,6,77,2,2,0,0
7877,41,West,11,1,68.65,30.11,11,24,1,3,0,0
7878,46,North,19,1,60.33,33.41,7,25,0,0,1,0
7879,63,East,39,1,87.19,28.2,5,23,1,0,0,0
7880,23,South,71,0,101.76,21.2,5,52,1,3,0,0
7881,38,North,21,0,93.8,24.52,3,59,0,4,0,0
7882,22,East,28,1,83.37,33.92,11,88,1,3,0,0
7883,70,South,57,1,106.64,50.85,8,20,1,5,0,0
7884,28,West,9,1,86.83,34.77,8,51,0,1,0,0
7885,64,West,24,1,82.27,33.32,4,60,2,1,0,0
7886,28,West,23,0,60.59,5.02,6,67,0,3,1,1
7887,36,South,29,1,99.52,36.92,9,46,3,2,0,0
7888,52,North,41,0,62.54,9.2,2,54,1,2,0,0
7889,65,West,16,0,56.49,29.41,1,8,1,3,0,0
7890,28,South,28,1,90.96,36.14,10,54,3,1,0,1
7891,30,East,66,0,97.84,31.38,5,87,1,2,1,0
7892,68,West,59,0,66.77,19.92,2,58,1,1,0,0
7893,36,North,68,0,92.04,25.22,5,29,0,3,0,0
7894,29,North,49,0,65.14,30.41,1,50,0,3,2,0
7895,60,East,42,0,70.74,17.56,5,72,0,5,0,1
7896,23,East,16,1,99.83,39.88,13,26,3,2,1,0
7897,67,North,12,1,84.89,39.51,1,33,0,2,0,0
7898,67,East,39,0,104.54,23.92,3,100,0,4,0,1
7899,66,West,29,0,73.42,37.63,0,37,1,3,1,0
7900,34,South,56,1,122.52,39.12,8,22,2,0,0,0
7901,24,North,1,1,92.42,21.61,7,77,1,1,0,0
7902,42,East,64,0,91.8,32.91,2,33,0,2,1,0
7903,37,West,13,0,46.77,19.74,5,38,3,2,0,0
7904,72,West,29,0,72.92,31.38,3,12,2,4,0,0
7905,54,North,26,0,65.01,27.36,4,96,1,6,0,1
7906,71,West,66,0,84.43,3.87,0,77,0,7,0,1
7907,60,East,52,0,88.34,29.84,2,79,0,2,0,0
7908,58,East,3,1,59.76,33.23,4,52,0,1,0,0
7909,24,South,61,1,97.39,31.32,8,76,0,0,0,0
7910,21,North,49,1,89.32,31.62,10,11,0,2,0,0
7911,20,South,5,1,78.69,41.31,4,10,1,2,0,0
7912,51,South,56,0,76.48,17.63,3,83,1,3,0,0
7913,29,South,3,1,70.96,43.91,5,34,1,5,0,0
7914,74,West,31,0,77.53,12.84,3,65,1,4,0,0
7915,25,North,12,0,59.31,27.37,7,52,3,3,1,1
7916,71,West,1,1,80.57,41.18,6,42,1,3,0,0
7917,56,South,40,1,83.26,40.98,5,18,1,1,0,0
7918,24,West,49,1,92.07,36.47,2,36,2,2,1,0
7919,21,South,35,1,128.11,33.35,4,88,1,1,0,0
7920,40,East,25,0,62.04,20.6,7,84,0,1,0,0
7921,37,East,37,1,66.9,25.22,5,2,0,2,0,0
7922,35,West,11,0,70.63,19.51,4,37,2,4,0,1
7923,48,North,4,0,51.38,17.31,5,53,4,5,1,1
7924,25,North,12,0,69.66,16.0,4,33,0,3,0,0
7925,25,West,4,1,80.66,49.43,9,4,1,0,0,0
7926,57,North,55,1,115.75,21.24,7,3,1,1,0,0
7927,74,East,44,0,80.51,34.0,2,13,0,5,1,0
7928,33,North,14,1,83.6,25.11,8,84,3,2,1,1
7929,71,North,41,1,117.72,26.82,7,39,0,3,0,0
7930,37,East,35,1,64.23,26.69,8,21,0,0,0,0
7931,37,East,8,1,64.12,26.12,6,0,1,2,0,0
7932,23,East,69,1,102.12,42.38,3,5,2,3,0,0
7933,42,South,67,0,68.11,29.71,5,60,0,0,0,0
7934,46,East,54,0,79.81,23.14,6,94,0,2,0,1
7935,55,West,58,0,80.33,46.66,4,58,0,3,0,0
7936,27,North,39,1,114.12,34.87,12,86,1,1,0,0
7937,28,South,58,0,87.68,25.48,3,21,1,3,0,0
7938,42,South,38,1,95.8,29.51,9,69,0,2,0,0
7939,21,East,12,0,60.3,18.56,3,39,0,1,0,0
7940,26,South,12,0,50.22,20.74,2,59,0,4,0,1
7941,53,East,61,0,103.86,31.81,6,85,2,3,0,1
7942,72,South,32,1,114.15,39.57,6,23,1,0,0,0
7943,50,East,52,1,87.82,45.32,13,26,0,5,0,0
7944,26,West,11,0,89.8,19.26,4,36,1,1,0,1
7945,74,South,32,0,65.94,29.72,1,49,1,3,0,0
7946,47,South,6,1,71.71,37.44,7,35,2,2,1,0
7947,58,North,16,0,75.09,28.47,3,40,0,2,0,0
7948,29,South,8,1,92.43,28.09,11,50,0,2,0,0
7949,50,North,15,0,66.43,16.69,3,75,0,6,0,0
7950,22,West,44,1,96.81,39.31,9,41,0,2,1,0
7951,53,South,1,1,98.09,41.98,4,34,2,2,0,0
7952,29,North,14,0,57.65,20.05,1,92,1,3,0,0
7953,69,North,50,0,83.97,29.87,4,68,2,3,0,1
7954,21,South,11,1,110.91,44.59,7,43,2,0,0,0
7955,55,West,40,1,79.94,32.11,8,83,0,2,0,0
7956,25,South,62,0,84.12,13.49,2,86,0,3,0,0
7957,57,North,56,0,103.38,14.49,2,35,2,2,0,0
7958,46,South,9,0,72.42,19.59,4,49,1,4,0,1
7959,73,West,11,0,78.91,21.43,4,63,0,2,0,0
7960,55,West,51,1,85.66,34.71,7,33,1,0,0,0
7961,39,North,25,1,97.32,34.87,3,53,1,2,0,0
7962,22,East,30,0,70.72,22.82,9,98,1,0,0,1
7963,51,West,34,0,111.09,30.43,4,33,0,1,0,0
7964,43,East,42,1,113.14,28.91,4,53,0,1,0,0
7965,20,South,32,1,95.67,45.12,4,33,2,0,0,0
7966,51,East,2,0,65.29,32.52,1,65,1,3,1,1
7967,29,East,7,0,64.31,31.93,2,31,2,3,0,0
7968,31,North,1,1,90.99,29.72,3,6,1,3,0,0
7969,18,North,19,1,76.66,34.07,6,35,0,5,0,0
7970,39,South,59,1,129.98,40.78,7,82,1,4,0,0
7971,30,North,69,1,94.63,33.4,5,48,1,0,0,0
7972,22,South,34,0,80.08,19.41,5,77,5,1,0,1
7973,42,West,2,1,68.64,29.09,7,67,0,2,0,1
7974,30,West,6,1,83.64,29.48,8,52,3,1,0,0
7975,25,North,58,0,103.82,15.71,7,82,1,5,0,0
7976,44,North,25,0,46.81,47.96,2,39,1,2,0,0
7977,21,East,63,0,88.96,9.38,5,56,0,2,1,0
7978,74,South,36,1,76.4,27.15,5,64,1,2,0,0
7979,44,North,63,1,107.31,39.77,7,22,0,1,0,0
7980,74,West,10,1,63.36,29.55,11,38,1,1,0,0
7981,68,North,61,0,92.93,22.19,6,44,1,4,0,0
7982,73,North,39,1,93.11,38.16,8,22,2,0,0,0
7983,48,East,32,0,87.21,33.26,2,52,1,2,1,0
7984,42,East,38,1,117.43,32.81,5,57,1,5,0,0
7985,59,South,24,0,72.16,32.38,5,88,0,0,0,0
7986,22,East,43,1,114.9,21.42,9,55,1,0,0,0
7987,65,West,55,1,128.24,30.15,8,49,0,1,0,0
7988,36,North,58,1,95.17,38.96,9,13,2,1,0,0
7989,18,East,70,1,136.52,50.79,10,29,1,1,0,0
7990,31,North,30,1,94.45,27.28,5,50,0,2,0,0
7991,31,South,55,0,72.82,15.87,2,98,0,4,0,0
7992,18,South,64,0,96.48,27.73,1,103,1,2,1,1
7993,56,South,2,1,79.92,35.43,3,0,3,1,0,0
7994,23,North,34,0,55.89,19.25,3,36,0,1,0,0
7995,66,West,50,1,88.48,25.27,7,86,0,2,1,0
7996,43,South,33,1,121.06,30.89,4,47,2,1,0,0
7997,58,West,8,1,88.18,39.17,7,49,2,1,1,1
7998,37,South,47,0,105.73,22.33,5,43,0,1,0,0
7999,25,West,29,1,88.25,44.37,12,24,0,2,0,0
8000,28,East,44,0,69.98,23.91,1,71,1,0,0,0
8001,54,South,1,0,35.25,29.81,7,35,2,1,1,1
8002,58,East,1,1,95.02,37.23,8,18,1,1,0,0
8003,33,West,43,0,87.66,21.77,7,9,1,4,0,0
8004,38,South,70,1,108.89,41.66,4,56,0,4,0,0
8005,71,South,46,1,91.11,25.26,8,52,0,2,0,0
8006,66,East,67,0,110.4,20.57,3,82,2,2,0,0
8007,41,East,61,0,87.84,21.69,3,59,2,4,0,0
8008,31,South,20,0,67.5,28.05,2,68,2,3,0,0
8009,35,East,8,0,54.99,30.05,6,33,0,4,0,0
8010,48,South,40,0,73.89,18.48,4,30,0,2,0,0
8011,50,South,45,1,110.75,27.35,1,37,1,0,0,0
8012,28,East,55,0,66.25,25.63,8,94,1,2,0,0
8013,21,West,37,1,99.71,22.7,9,9,2,1,0,0
8014,46,North,66,0,107.33,33.06,2,16,1,4,0,0
8015,63,North,60,0,88.73,23.21,3,49,1,2,0,0
8016,26,North,42,1,116.81,25.64,3,29,0,1,0,0
8017,41,East,40,1,120.11,25.49,10,38,0,2,0,0
8018,27,South,2,0,74.55,27.51,8,28,3,6,0,0
8019,31,South,56,1,99.94,37.29,6,72,0,5,0,0
8020,52,North,49,1,103.97,28.85,9,39,1,1,0,0
8021,34,West,64,0,97.19,24.09,6,21,1,1,0,0
8022,33,South,7,1,76.45,25.97,5,6,0,1,0,0
8023,74,East,11,0,57.95,22.93,2,86,2,5,0,1
8024,27,North,48,0,75.55,36.8,1,34,0,1,0,0
8025,28,North,35,1,135.65,52.04,4,67,3,2,0,0
8026,70,North,42,1,96.93,33.31,12,57,0,1,0,0
8027,49,South,31,1,111.53,38.45,2,16,0,2,0,0
8028,20,South,46,0,69.96,28.14,2,88,0,4,0,1
8029,42,North,47,0,109.03,11.23,4,94,1,3,0,0
8030,50,South,14,1,81.32,25.8,9,79,1,1,1,0
8031,32,North,54,0,87.79,6.47,8,102,0,3,1,0
8032,49,South,36,1,70.51,38.59,10,78,1,3,1,0
8033,54,North,41,1,117.25,50.56,3,66,2,0,0,0
8034,32,North,44,1,122.0,43.53,6,69,0,2,0,0
8035,64,North,53,1,88.69,35.36,2,9,3,5,1,0
8036,43,East,22,0,88.62,24.23,12,32,1,2,0,0
8037,72,West,1,1,60.44,32.18,9,56,0,5,0,0
8038,23,East,13,0,75.98,33.48,3,8,0,2,0,0
8039,36,North,69,0,90.18,26.73,7,62,0,0,0,0
8040,59,West,16,0,88.04,25.5,3,50,1,4,0,0
8041,69,West,18,1,92.74,26.17,2,24,1,2,1,0
8042,30,South,61,1,124.47,39.81,8,38,0,4,0,0
8043,73,North,17,1,107.07,33.8,4,3,1,0,1,0
8044,29,East,33,0,72.13,28.18,3,7,1,1,0,0
8045,41,West,27,1,93.07,42.99,6,15,2,2,0,0
8046,35,East,47,1,86.83,21.92,5,1,1,0,0,0
8047,42,East,43,1,97.0,32.64,3,62,0,0,0,0
8048,69,East,37,0,107.41,21.48,2,49,2,1,0,0
8049,59,West,36,0,89.34,20.77,6,11,1,1,0,0
8050,63,North,60,0,74.33,16.06,4,105,0,1,0,1
8051,32,North,42,1,125.47,29.18,11,71,1,1,0,0
8052,71,West,37,0,84.34,16.21,2,64,0,2,0,0
8053,42,North,64,0,104.46,31.6,3,24,1,0,0,0
8054,55,South,7,0,70.86,28.02,4,41,3,4,1,1
8055,57,South,60,0,96.3,27.46,2,110,0,1,0,0
8056,55,North,15,1,57.53,19.58,5,32,1,0,0,0
8057,52,North,24,1,108.6,50.59,15,18,2,2,0,0
8058,45,East,1,0,26.68,21.73,2,94,0,3,0,1
8059,54,South,41,0,95.74,38.96,2,11,1,4,0,0
8060,69,East,60,0,91.49,30.99,1,105,1,1,0,0
8061,40,South,28,0,86.53,23.15,4,100,2,1,0,1
8062,47,West,48,1,106.38,51.35,8,86,1,2,0,0
8063,28,East,28,0,89.66,29.54,2,101,1,2,0,1
8064,38,West,54,0,87.24,23.17,3,87,1,0,0,0
8065,62,South,71,1,119.71,31.87,12,84,0,0,0,0
8066,54,North,51,1,111.57,43.26,11,55,2,0,0,0
8067,30,West,25,0,100.68,20.71,4,36,0,1,0,0
8068,49,West,59,1,118.5,31.97,5,33,0,1,0,0
8069,64,North,3,1,61.75,30.22,2,42,1,1,0,0
8070,25,East,71,1,107.04,28.95,5,18,0,2,0,0
8071,21,East,60,0,98.97,19.44,7,37,2,3,1,0
8072,40,North,47,0,102.4,39.18,5,99,0,0,1,0
8073,55,East,45,0,71.67,33.06,2,72,3,0,0,0
8074,35,North,18,0,102.6,26.88,1,48,4,5,0,0
8075,64,North,31,0,78.13,20.62,6,7,1,0,1,0
8076,66,West,8,1,90.31,30.59,3,64,1,1,0,0
8077,48,South,25,0,53.69,22.07,2,101,1,2,1,1
8078,39,West,42,1,117.73,49.31,7,40,0,2,0,0
8079,20,East,26,1,86.31,37.33,5,40,3,1,0,0
8080,64,West,55,0,76.31,30.98,2,15,0,2,0,0
8081,69,South,61,0,85.74,26.6,4,33,2,2,0,0
8082,43,South,40,0,100.74,17.91,4,94,1,5,0,0
8083,47,South,25,0,79.49,25.82,5,60,3,5,0,0
8084,60,East,22,0,57.66,16.39,3,93,0,4,1,1
8085,57,South,39,0,71.54,34.56,5,39,1,5,0,0
8086,25,East,52,1,127.14,29.01,9,77,1,1,0,0
8087,56,South,9,0,60.95,20.42,3,75,1,3,0,1
8088,70,North,32,0,84.41,31.51,4,106,0,0,0,1
8089,60,West,32,0,88.08,19.41,3,79,1,0,0,1
8090,45,West,21,1,39.22,33.25,3,15,1,0,0,0
8091,47,South,17,1,107.47,13.9,11,80,1,2,0,0
8092,32,East,60,0,77.21,22.42,6,108,1,2,1,0
8093,55,South,31,1,90.09,39.75,5,37,0,2,0,0
8094,31,East,41,1,123.59,29.99,7,81,1,3,0,0
8095,37,South,3,0,83.2,29.47,6,116,3,3,1,1
8096,33,South,21,0,77.89,24.87,3,81,0,5,0,1
8097,37,North,16,0,78.93,33.7,4,106,6,1,0,1
8098,38,North,24,0,86.67,19.12,2,15,0,2,0,0
8099,22,West,60,1,131.45,33.07,9,4,1,1,1,0
8100,58,South,41,0,103.86,13.24,6,103,0,2,0,1
8101,43,North,65,0,94.12,24.26,4,99,1,3,0,0
8102,72,North,31,0,64.44,21.63,1,89,0,3,0,0
8103,28,South,55,0,83.67,32.68,4,48,1,1,0,0
8104,56,East,12,1,87.91,30.0,7,10,0,5,0,0
8105,28,South,58,0,88.2,21.61,1,56,1,2,0,0
8106,49,East,44,0,66.82,19.6,2,76,1,1,0,0
8107,45,West,3,1,88.05,35.22,8,74,2,3,0,0
8108,43,South,49,0,60.98,40.91,5,65,0,4,0,0
8109,55,West,35,0,78.78,2.0,2,106,0,0,0,0
8110,65,North,1,1,82.74,34.62,3,79,0,1,0,0
8111,36,South,61,0,92.23,34.4,7,64,1,3,1,1
8112,66,North,39,0,92.27,20.88,1,19,1,5,0,0
8113,28,North,44,0,92.78,29.22,5,95,0,1,1,0
8114,34,North,41,0,113.84,34.42,2,50,0,1,0,0
8115,35,North,7,0,55.73,22.79,3,64,0,1,0,1
8116,72,West,24,0,76.19,19.78,4,82,3,2,0,0
8117,24,East,50,1,108.23,42.48,7,62,1,0,0,0
8118,40,West,25,0,75.02,28.96,3,67,1,4,0,0
8119,42,South,64,0,73.03,24.5,2,46,0,3,0,0
8120,63,East,23,1,73.75,39.89,2,35,1,0,0,0
8121,45,North,33,0,76.6,32.68,4,72,1,5,1,0
8122,73,East,32,0,52.36,24.58,2,44,1,3,0,0
8123,60,South,2,0,55.99,27.44,3,54,2,1,0,1
8124,58,West,58,1,99.29,39.18,8,65,3,5,0,0
8125,60,West,10,1,80.53,31.31,6,34,0,0,0,0
8126,27,North,34,0,93.98,34.5,2,62,2,5,0,1
8127,43,East,65,0,76.32,16.75,5,40,0,2,0,0
8128,51,East,71,0,108.55,23.95,4,67,0,1,0,0
8129,29,East,17,0,59.93,31.14,2,87,0,3,0,0
8130,24,North,27,1,86.8,26.55,9,36,0,0,0,0
8131,25,East,41,1,107.48,41.97,9,55,0,2,0,1
8132,62,West,50,1,100.89,36.52,7,43,3,0,0,0
8133,55,South,18,0,55.61,35.6,6,87,0,3,0,1
8134,34,South,39,1,93.95,39.9,8,9,1,1,0,0
8135,60,North,60,1,83.35,33.7,6,19,0,2,0,0
8136,57,West,55,0,93.22,26.85,3,87,2,3,1,1
8137,64,North,59,1,62.97,37.14,8,78,2,1,0,0
8138,69,North,64,0,105.32,41.19,4,96,2,2,0,0
8139,68,South,62,1,120.23,35.68,7,1,2,1,0,0
8140,28,West,37,1,122.52,33.9,6,87,1,0,0,1
8141,61,East,70,1,147.73,33.44,2,14,0,2,0,0
8142,40,North,36,1,112.04,36.51,8,49,0,1,0,0
8143,40,North,51,1,96.09,25.93,9,15,0,0,0,0
8144,54,East,67,0,126.09,21.94,3,79,1,2,0,0
8145,52,South,4,1,64.09,26.9,8,16,0,0,0,0
8146,41,North,67,0,64.96,17.95,9,16,0,3,2,0
8147,74,West,59,1,137.29,41.43,5,8,0,0,0,0
8148,27,North,71,1,124.52,35.21,5,31,2,3,0,0
8149,23,South,55,1,79.36,29.07,8,17,1,3,0,0
8150,19,North,12,0,45.67,23.8,3,44,0,4,0,0
8151,64,East,22,0,79.27,23.03,5,23,1,1,0,0
8152,41,East,1,1,67.45,35.42,11,21,2,3,0,0
8153,42,South,44,1,91.11,22.94,12,72,0,3,0,0
8154,55,East,32,1,125.5,26.27,3,15,1,4,0,0
8155,42,West,34,1,129.22,23.47,7,63,0,1,0,0
8156,50,West,53,0,88.7,17.8,7,38,0,2,0,0
8157,21,South,59,1,107.24,29.22,7,7,0,4,0,0
8158,26,South,6,0,76.54,16.72,4,37,3,3,0,0
8159,71,West,66,1,104.58,41.12,2,65,1,0,0,0
8160,43,North,27,1,60.04,49.72,11,43,0,1,0,0
8161,27,North,54,1,65.58,41.6,8,72,1,2,0,0
8162,39,North,42,1,99.9,30.48,7,78,4,1,0,0
8163,37,West,32,1,109.23,36.68,6,51,2,0,0,0
8164,33,North,16,1,88.24,34.47,4,11,0,1,0,0
8165,34,South,14,1,99.15,30.13,3,30,1,2,0,0
8166,59,East,52,1,119.65,45.6,5,20,2,3,0,0
8167,24,North,23,0,92.29,41.06,6,38,1,2,0,0
8168,35,South,17,0,71.29,13.24,5,89,1,2,0,1
8169,44,South,1,1,84.64,46.52,5,18,1,0,0,0
8170,48,North,60,0,89.45,20.27,1,37,0,3,0,0
8171,68,West,29,0,70.62,22.9,4,104,2,2,2,1
8172,70,North,25,1,68.92,37.26,8,28,0,1,1,0
8173,34,West,27,0,91.08,37.38,4,14,0,3,2,0
8174,48,South,43,0,75.74,27.25,2,39,0,2,0,0
8175,19,North,35,0,70.88,28.3,7,52,4,6,0,0
8176,53,North,39,1,91.38,41.83,7,87,3,2,0,0
8177,26,South,20,1,69.89,43.09,8,56,1,0,0,0
8178,22,South,22,0,69.72,29.09,0,40,1,4,0,0
8179,56,North,62,1,118.75,43.14,8,85,0,4,0,0
8180,28,West,32,0,65.42,20.22,3,106,0,1,0,0
8181,45,South,70,1,130.56,21.12,6,12,1,0,0,0
8182,23,West,61,0,84.97,39.6,6,35,0,1,0,0
8183,60,North,51,0,62.51,16.7,5,58,1,2,0,0
8184,61,North,39,1,120.11,30.73,11,12,1,0,0,0
8185,50,East,60,1,112.98,32.35,4,47,0,2,1,0
8186,65,North,4,1,94.95,30.97,16,52,2,0,1,0
8187,42,North,36,1,111.3,29.19,6,67,0,1,0,0
8188,28,North,51,1,91.31,38.71,5,72,2,1,0,0
8189,26,North,8,0,56.17,28.79,7,56,2,2,0,0
8190,30,East,13,0,82.01,29.96,6,81,1,2,0,0
8191,29,South,5,1,110.03,39.46,12,6,1,1,0,0
8192,36,West,35,1,98.45,31.67,11,26,2,7,0,0
8193,30,North,39,1,90.09,31.65,5,84,1,1,0,0
8194,51,South,34,1,122.24,43.95,6,73,1,1,0,0
8195,26,South,4,1,72.6,30.83,7,82,4,2,0,0
8196,53,South,35,0,82.43,20.67,6,90,2,2,0,0
8197,37,West,64,1,105.58,42.44,5,84,1,0,0,0
8198,57,West,3,1,85.54,34.85,6,42,2,2,0,0
8199,47,North,56,0,73.82,20.96,6,65,0,0,0,0
8200,69,South,20,1,84.38,31.04,4,82,1,0,1,0
8201,43,West,6,0,53.59,33.99,6,55,4,1,0,0
8202,34,North,4,0,71.93,29.69,5,83,1,3,0,0
8203,51,South,1,0,62.95,26.89,5,71,2,1,1,0
8204,55,North,30,0,88.2,15.67,2,75,0,2,0,1
8205,43,South,36,0,65.61,26.93,3,77,2,0,0,0
8206,49,South,45,1,99.37,33.3,6,22,2,2,0,0
8207,44,South,6,1,92.38,27.7,7,80,0,1,0,0
8208,35,West,47,0,96.38,20.19,5,72,1,5,0,0
8209,35,South,53,0,64.81,30.57,5,37,1,1,0,0
8210,69,West,5,1,87.27,44.94,6,79,1,1,0,0
8211,56,East,48,0,71.8,16.54,4,9,0,2,0,0
8212,23,South,9,1,98.14,27.55,5,29,1,1,0,0
8213,72,South,32,0,103.91,30.55,5,47,1,3,0,0
8214,58,South,47,0,44.32,21.73,5,37,3,4,1,0
8215,20,West,62,0,81.16,29.42,3,26,1,3,0,0
8216,59,North,38,0,82.96,21.62,5,51,2,5,1,0
8217,51,West,31,1,95.44,39.62,7,75,0,1,0,0
8218,70,East,60,1,124.09,24.01,8,51,0,1,0,0
8219,45,East,16,1,89.19,39.39,4,44,0,1,0,1
8220,47,South,15,0,59.55,8.21,3,47,0,0,1,0
8221,35,East,34,0,61.7,32.4,4,43,1,4,0,0
8222,36,East,9,0,46.67,24.73,2,114,1,3,1,1
8223,53,East,2,1,69.86,38.53,9,16,1,0,0,0
8224,65,North,26,0,64.52,26.9,5,78,0,3,1,0
8225,68,East,11,1,91.26,21.35,3,20,0,1,0,0
8226,61,South,46,1,100.65,45.93,6,87,1,0,0,0
8227,52,East,39,0,69.74,27.68,6,74,1,2,0,0
8228,46,East,35,0,62.36,31.05,4,27,0,5,0,0
8229,37,North,36,0,67.46,18.61,4,59,1,4,0,0
8230,61,East,8,0,55.54,26.93,3,32,1,1,1,0
8231,36,South,29,1,83.28,24.52,8,52,1,5,0,1
8232,33,East,6,1,93.1,36.19,8,1,0,2,0,0
8233,67,East,26,1,113.52,27.48,5,36,0,1,0,0
8234,51,East,49,0,66.86,65.06,2,68,0,1,0,0
8235,38,East,71,1,132.29,39.84,7,27,0,2,0,0
8236,67,North,22,1,101.4,45.65,7,63,2,3,0,0
8237,72,North,19,1,92.2,33.0,3,7,1,2,0,0
8238,36,East,48,0,106.9,28.19,1,55,2,8,0,0
8239,47,North,66,0,90.45,32.24,8,57,2,2,0,0
8240,45,North,21,1,96.53,26.42,9,37,4,3,0,0
8241,57,North,60,0,91.86,19.62,3,22,0,2,0,0
8242,72,South,23,0,72.24,32.78,1,53,0,2,0,0
8243,49,West,46,0,89.88,23.26,7,91,0,3,0,0
8244,63,North,15,0,68.2,19.02,4,14,3,2,0,0
8245,51,South,19,1,96.49,29.95,6,39,2,3,0,1
8246,68,West,70,0,84.95,15.22,2,67,0,4,0,0
8247,41,West,28,1,84.42,19.33,3,32,0,0,1,0
8248,39,North,2,1,70.88,21.43,4,72,1,1,0,0
8249,42,West,55,0,82.03,25.37,5,28,0,3,0,0
8250,74,North,10,1,100.2,40.37,7,38,2,4,0,0
8251,52,East,8,0,57.07,45.15,3,116,2,2,0,1
8252,26,North,60,0,99.79,24.67,6,38,2,1,0,0
8253,20,South,25,1,96.48,24.76,3,37,2,3,1,0
8254,47,North,10,0,58.38,24.77,3,63,0,2,0,0
8255,63,East,70,0,114.64,30.62,6,90,1,1,1,1
8256,45,North,20,0,81.04,33.24,5,30,0,0,1,0
8257,49,South,45,1,102.53,42.46,12,28,0,2,1,0
8258,63,East,19,0,68.28,29.58,4,21,0,3,0,0
8259,47,North,42,0,82.41,25.76,1,68,2,6,0,1
8260,69,West,50,0,62.06,30.89,4,66,0,0,0,0
8261,54,South,54,1,94.63,25.52,7,37,3,0,0,0
8262,59,North,30,1,101.94,18.93,8,55,1,0,1,0
8263,62,North,44,1,78.26,51.75,4,43,2,1,0,0
8264,53,South,60,0,78.79,24.62,4,11,1,1,0,0
8265,20,North,60,0,84.11,29.27,2,64,1,6,0,0
8266,42,South,54,1,150.55,12.59,5,33,0,1,0,0
8267,26,East,29,1,104.61,47.36,2,75,0,2,0,0
8268,47,South,38,0,95.46,34.25,2,85,1,2,0,1
8269,26,South,69,0,82.42,12.48,4,18,1,2,0,0
8270,47,West,18,1,94.43,32.46,5,73,3,0,1,0
8271,37,South,50,1,78.6,37.13,9,37,3,3,2,1
8272,19,East,57,0,83.54,14.89,6,29,1,2,0,0
8273,25,West,35,0,85.08,28.91,3,13,1,4,0,0
8274,46,North,62,0,69.74,33.37,6,88,3,2,0,0
8275,22,East,31,0,81.4,27.59,3,45,1,5,0,0
8276,66,West,60,1,117.14,22.47,4,73,0,1,0,0
8277,61,South,46,1,93.96,26.71,8,52,0,0,0,0
8278,58,West,4,0,49.48,24.01,6,63,2,3,0,0
8279,27,South,59,1,98.77,33.0,11,78,0,2,0,0
8280,63,East,50,1,99.8,33.17,7,68,0,0,0,0
8281,54,South,16,1,83.25,32.88,3,22,1,0,0,0
8282,40,North,50,1,112.64,20.57,6,12,1,2,0,0
8283,18,West,37,1,90.48,41.45,8,42,0,0,0,0
8284,48,North,67,1,137.53,40.02,3,66,1,1,1,0
8285,63,West,22,1,114.92,39.18,8,15,2,4,0,0
8286,19,East,19,1,93.04,38.44,5,67,1,3,0,1
8287,20,West,5,0,57.33,22.73,4,28,3,3,0,0
8288,39,West,56,0,80.0,20.14,3,80,0,2,0,0
8289,47,East,70,1,119.75,26.86,5,38,1,2,0,0
8290,45,West,49,0,91.88,37.34,4,40,0,3,0,0
8291,42,East,27,0,70.48,24.84,3,53,0,3,0,0
8292,32,South,63,1,105.6,21.72,9,49,1,2,0,0
8293,21,East,18,1,94.29,34.77,8,5,2,3,0,0
8294,19,North,50,0,86.04,8.33,5,41,0,2,0,0
8295,23,North,43,0,72.92,26.98,3,34,1,3,0,0
8296,57,North,61,1,112.2,36.14,5,48,0,2,1,0
8297,62,South,69,0,85.42,20.66,5,56,0,2,0,0
8298,42,North,26,0,61.73,17.48,6,95,2,1,1,1
8299,22,South,7,0,63.43,29.5,5,74,0,5,0,0
8300,41,East,12,1,77.38,34.34,14,52,0,2,0,0
8301,74,East,53,0,75.51,9.47,3,23,2,3,0,1
8302,32,West,26,0,88.69,34.63,2,49,1,3,0,0
8303,45,West,10,0,59.12,17.48,4,6,0,1,0,0
8304,48,West,58,0,116.65,14.45,6,62,1,1,0,0
8305,36,East,47,1,112.9,45.87,4,76,1,1,0,0
8306,42,North,10,1,72.69,43.48,3,50,2,3,0,0
8307,44,West,51,0,102.9,21.64,7,43,0,7,0,1
8308,45,North,46,1,92.25,24.98,6,54,1,1,0,0
8309,58,North,70,1,144.6,27.72,9,20,1,0,0,0
8310,51,South,71,0,98.89,21.5,0,56,0,4,0,0
8311,21,East,70,1,123.14,44.73,11,72,0,2,0,0
8312,18,East,64,0,92.46,35.36,7,94,0,3,0,0
8313,41,North,57,0,92.49,26.33,3,32,0,0,1,0
8314,69,East,48,1,100.56,40.2,9,5,0,2,0,0
8315,20,North,39,1,85.61,33.33,7,66,3,0,0,0
8316,22,South,57,0,93.6,18.02,3,70,0,2,0,0
8317,56,South,69,1,129.87,23.0,9,69,1,1,0,0
8318,43,South,9,1,66.64,37.58,9,41,0,2,1,0
8319,31,East,10,0,88.11,32.2,3,39,1,2,1,0
8320,29,North,36,1,107.02,30.91,12,13,1,1,0,0
8321,55,North,21,1,83.95,44.5,7,72,2,3,0,1
8322,47,North,38,0,72.18,21.92,1,31,0,1,0,0
8323,54,East,23,0,99.46,25.67,4,51,1,2,0,0
8324,33,West,56,0,102.08,23.23,6,79,1,3,1,0
8325,48,East,64,1,129.1,44.89,10,34,0,0,0,0
8326,67,East,21,0,66.73,28.94,6,94,1,2,0,0
8327,36,West,55,0,95.83,24.53,2,66,0,2,0,0
8328,40,North,8,0,69.24,25.61,3,65,0,8,0,0
8329,27,North,57,0,85.88,15.49,2,72,1,2,0,0
8330,54,South,50,1,106.64,17.13,9,89,3,1,0,0
8331,19,North,51,1,122.15,30.75,6,27,0,2,0,0
8332,32,South,35,0,101.49,23.45,9,41,1,3,0,0
8333,58,South,8,1,80.23,39.25,4,30,3,3,0,0
8334,19,South,60,1,90.3,33.7,7,6,0,2,1,0
8335,74,South,8,1,108.65,31.25,6,5,1,3,0,0
8336,41,South,35,1,122.34,11.42,6,75,2,1,1,0
8337,40,North,13,0,72.51,29.22,2,17,0,2,1,1
8338,48,West,61,0,117.39,26.69,4,47,2,1,0,0
8339,54,East,41,1,105.41,41.51,8,81,0,0,1,0
8340,44,North,37,1,84.86,35.22,6,49,0,0,0,0
8341,68,North,23,0,51.82,34.17,1,50,0,0,0,0
8342,72,North,56,0,68.17,20.6,5,47,0,3,0,0
8343,29,North,15,0,67.57,24.68,4,38,2,4,0,0
8344,58,North,52,0,79.01,26.92,4,34,0,0,0,0
8345,35,North,69,1,105.82,40.28,5,38,1,3,0,0
8346,74,West,19,1,87.9,38.33,5,80,1,0,0,0
8347,32,West,49,0,97.37,28.82,6,58,0,4,0,0
8348,34,West,22,0,62.79,27.15,8,68,3,3,0,1
8349,58,East,67,0,82.77,23.46,1,82,1,2,1,0
8350,62,East,64,0,84.78,32.21,8,22,2,5,0,0
8351,25,East,23,0,85.31,11.61,4,49,2,2,0,0
8352,49,West,17,0,67.45,19.97,4,57,0,0,1,0
8353,37,East,6,1,87.2,47.73,5,4,1,0,0,0
8354,52,East,50,0,108.3,19.62,3,114,0,4,0,0
8355,49,West,66,0,135.65,24.37,4,49,1,4,0,0
8356,74,East,11,1,95.11,46.1,11,21,0,0,0,0
8357,71,North,58,0,97.12,23.99,3,81,1,2,0,0
8358,55,North,54,1,89.23,28.33,5,62,3,4,0,0
8359,56,South,34,0,82.53,34.59,3,45,2,1,0,0
8360,69,North,16,1,88.93,32.69,6,38,0,3,0,0
8361,28,North,47,1,116.88,33.23,2,16,0,2,0,0
8362,59,North,43,1,95.62,19.16,6,25,1,2,0,0
8363,62,South,58,1,112.01,33.98,6,18,0,0,0,0
8364,25,West,41,1,109.58,40.46,5,82,0,2,0,0
8365,68,South,4,1,110.48,31.55,4,48,3,0,1,0
8366,57,North,15,0,90.96,14.75,4,18,1,3,0,1
8367,37,South,28,1,112.99,31.16,5,26,2,4,0,0
8368,45,South,35,1,108.41,30.08,11,84,0,0,0,0
8369,45,East,25,0,66.03,22.97,4,11,1,0,0,0
8370,70,East,63,0,102.4,20.86,3,25,2,2,0,0
8371,73,North,20,1,78.42,48.32,3,10,1,2,1,0
8372,63,South,49,0,81.41,27.42,3,69,1,2,1,0
8373,55,North,26,0,99.68,11.08,2,57,2,4,0,1
8374,23,East,71,1,123.57,35.57,9,0,0,2,0,0
8375,70,West,66,1,116.41,34.68,6,19,0,1,0,0
8376,25,West,56,1,113.34,44.56,5,79,1,5,0,1
8377,27,North,55,1,106.09,33.75,3,51,0,0,0,0
8378,21,East,46,1,70.66,33.52,6,66,1,1,0,0
8379,72,West,42,1,82.03,49.9,4,15,1,0,0,0
8380,46,West,40,0,89.26,16.45,5,28,0,1,1,0
8381,31,North,2,0,47.19,31.38,7,87,1,2,0,1
8382,22,South,67,1,111.89,35.51,14,63,0,3,1,0
8383,41,North,70,0,76.59,20.99,3,21,1,1,0,0
8384,59,North,38,0,68.22,19.82,2,72,0,3,0,1
8385,74,East,62,1,110.94,45.87,6,50,0,1,0,0
8386,49,South,29,0,88.36,28.72,5,64,1,1,0,0
8387,52,North,8,0,80.86,29.81,1,57,2,4,0,0
8388,65,West,60,1,98.98,42.12,6,81,1,2,0,0
8389,69,South,37,0,83.1,27.74,0,101,3,4,0,1
8390,33,West,67,0,72.12,16.51,6,96,0,1,0,0
8391,74,West,16,1,88.85,22.43,8,1,3,2,0,0
8392,47,West,35,1,111.8,47.32,10,44,1,3,0,0
8393,71,East,48,0,82.99,26.66,4,39,0,3,1,0
8394,24,North,10,1,104.74,35.63,6,0,1,1,0,0
8395,23,North,71,0,108.05,39.44,4,113,0,1,1,0
8396,68,West,44,1,105.62,26.49,3,64,1,1,0,0
8397,56,North,13,1,82.75,14.81,5,63,3,0,0,0
8398,27,South,53,0,78.49,10.51,8,76,0,5,0,0
8399,69,East,63,1,89.63,30.75,8,28,2,0,0,0
8400,23,North,27,0,54.07,25.94,5,74,0,6,0,0
8401,56,North,44,0,96.92,36.13,2,22,1,4,0,0
8402,29,South,54,1,129.71,41.75,9,42,3,2,0,0
8403,22,South,11,0,49.28,4.51,2,10,2,4,0,0
8404,63,East,38,1,100.02,57.41,6,37,0,3,1,0
8405,66,North,40,1,76.38,31.72,5,10,0,1,0,0
8406,24,South,22,0,56.35,34.82,3,52,0,4,1,0
8407,23,North,22,0,74.9,29.37,3,73,2,0,0,0
8408,53,East,45,0,74.72,25.04,4,27,0,1,0,0
8409,19,North,54,1,78.26,33.1,5,41,0,2,1,0
8410,60,North,28,0,99.78,16.1,5,16,0,0,0,0
8411,70,West,11,0,64.76,14.7,5,54,2,2,0,1
8412,60,North,56,1,91.43,33.67,4,6,2,1,0,1
8413,31,East,13,1,88.42,23.89,7,75,1,3,0,1
8414,28,North,1,0,59.29,38.18,3,34,2,2,1,1
8415,56,North,23,0,77.83,25.78,6,53,0,3,0,0
8416,21,South,59,1,104.4,51.74,3,4,2,1,0,0
8417,48,West,54,1,111.71,31.52,7,18,1,1,0,0
8418,43,South,22,0,85.15,20.28,5,92,2,1,0,1
8419,60,North,37,1,78.73,39.73,6,30,0,1,0,0
8420,29,South,69,0,84.1,22.93,3,93,3,2,0,1
8421,61,South,52,1,118.59,42.78,4,82,1,3,0,0
8422,57,West,54,1,98.73,46.51,3,45,1,1,0,0
8423,31,West,7,0,62.27,33.79,3,27,0,3,0,0
8424,38,South,18,1,81.94,45.92,6,27,2,2,0,0
8425,21,South,8,1,77.88,41.54,7,55,1,2,0,0
8426,43,South,70,0,87.61,20.61,6,91,0,1,0,0
8427,32,West,25,0,53.62,34.12,7,61,0,4,0,1
8428,24,South,36,0,84.89,30.58,2,54,2,3,1,0
8429,49,North,40,0,95.93,20.06,1,72,1,2,0,0
8430,50,West,38,1,96.35,31.07,6,87,1,1,0,1
8431,22,West,4,0,76.24,24.27,2,77,1,4,0,0
8432,28,South,65,0,85.13,33.89,4,66,2,5,0,1
8433,22,South,28,1,85.75,35.94,4,66,3,1,0,0
8434,56,East,66,0,99.16,24.95,2,27,1,5,1,0
8435,37,West,55,0,93.91,23.73,3,93,0,2,0,1
8436,22,South,50,1,103.31,32.17,6,7,1,2,0,0
8437,28,South,50,1,115.15,25.69,5,72,1,2,0,0
8438,73,South,70,0,75.7,31.36,1,75,0,3,1,0
8439,32,South,22,1,86.44,26.86,6,1,2,0,0,0
8440,57,North,24,1,106.47,35.54,3,12,0,1,0,0
8441,44,East,48,1,118.43,31.73,8,83,1,3,0,0
8442,28,North,17,0,81.04,31.13,3,31,1,5,0,0
8443,35,South,58,1,124.31,32.26,6,29,0,2,0,0
8444,18,West,3,1,75.91,26.95,10,88,1,3,0,0
8445,60,South,64,1,86.42,42.91,5,60,0,1,0,1
8446,37,South,25,1,88.62,28.39,10,5,1,1,0,0
8447,46,West,1,1,90.04,36.24,9,10,1,2,0,0
8448,26,North,43,1,113.49,45.19,8,12,2,1,0,0
8449,64,West,20,0,62.11,19.16,2,59,0,5,3,1
8450,30,North,22,1,76.48,34.17,5,38,1,1,0,0
8451,50,South,35,0,64.47,21.55,7,77,2,4,0,1
8452,67,East,42,1,92.84,36.05,6,6,1,1,0,0
8453,58,South,10,0,36.54,24.45,5,75,1,1,0,0
8454,52,South,4,0,54.09,32.36,5,56,2,2,2,0
8455,68,North,33,1,97.22,30.03,7,67,1,0,0,0
8456,28,East,26,0,71.53,35.19,4,94,2,2,0,1
8457,72,North,42,1,96.05,47.84,7,64,0,2,0,0
8458,49,West,54,0,76.66,27.05,2,43,1,4,0,0
8459,41,East,44,1,93.41,28.68,3,78,0,1,0,0
8460,32,South,8,1,75.67,34.67,11,50,3,2,0,0
8461,60,North,71,0,106.08,24.0,2,87,0,1,1,0
8462,73,South,51,0,85.49,39.18,4,63,1,4,0,1
8463,57,East,4,0,109.5,24.17,4,74,2,1,1,0
8464,19,North,55,0,82.51,36.06,2,46,1,5,0,0
8465,44,East,63,1,118.07,35.89,8,18,1,2,0,0
8466,59,North,41,1,95.85,35.37,1,83,0,2,0,0
8467,40,North,60,0,84.98,22.16,6,94,0,2,0,0
8468,62,East,63,1,134.94,32.91,10,6,2,3,0,0
8469,58,North,69,1,129.46,42.12,6,70,2,1,0,0
8470,21,North,68,0,67.68,19.16,2,87,0,0,0,1
8471,49,East,14,0,51.66,32.68,4,99,0,1,1,1
8472,27,East,3,0,59.46,36.53,2,86,4,6,0,1
8473,45,North,47,1,95.74,30.27,9,52,0,0,1,0
8474,39,North,49,1,81.88,44.66,8,43,1,3,0,0
8475,63,South,41,0,82.24,33.39,3,31,0,4,0,0
8476,67,East,17,1,60.33,41.95,8,72,1,2,1,0
8477,44,South,68,0,95.9,19.91,3,88,1,4,0,1
8478,48,East,29,1,105.45,34.04,6,2,0,2,1,0
8479,53,East,53,0,99.59,24.03,4,52,0,0,0,0
8480,55,West,45,0,80.34,41.73,4,57,1,4,2,0
8481,54,South,64,1,134.66,34.92,9,75,0,0,0,0
8482,62,North,51,1,110.47,33.53,8,82,0,0,0,0
8483,73,North,46,1,115.69,25.82,4,35,1,0,0,0
8484,65,North,60,0,78.96,17.23,4,78,0,3,1,0
8485,25,South,4,1,104.82,29.53,6,36,0,0,0,0
8486,45,West,51,0,85.46,27.89,4,108,1,2,0,0
8487,44,South,42,0,104.65,13.61,5,81,0,4,0,0
8488,47,North,56,0,108.37,19.67,4,80,3,3,0,0
8489,48,South,16,1,91.86,20.11,8,39,2,2,0,0
8490,58,West,43,0,87.59,36.22,3,15,0,1,0,0
8491,41,North,21,0,67.8,25.85,0,24,1,3,0,0
8492,33,East,9,1,72.21,37.48,7,86,2,0,0,0
8493,44,West,41,0,89.43,16.28,9,18,1,1,0,0
8494,66,South,2,1,89.16,44.29,9,42,1,1,0,0
8495,35,East,7,1,59.22,47.02,10,12,0,2,0,0
8496,19,South,38,1,97.76,35.54,8,89,1,1,0,0
8497,73,North,64,1,125.02,31.17,5,63,0,1,0,0
8498,29,South,51,1,127.49,39.42,10,57,0,0,0,0
8499,52,North,2,0,71.88,30.88,5,42,2,3,0,0
8500,63,East,8,0,41.24,31.96,4,78,0,2,0,1
8501,33,West,31,1,79.68,40.31,4,47,1,2,0,0
8502,37,South,31,1,90.31,42.71,10,23,1,1,0,0
8503,33,East,3,1,102.48,29.46,8,32,1,3,0,0
8504,26,North,19,1,80.39,42.3,12,33,2,2,0,0
8505,26,North,10,1,100.88,31.37,7,18,1,5,0,0
8506,28,East,41,1,91.15,14.92,6,0,5,2,0,0
8507,44,North,47,0,91.49,21.3,6,29,0,1,1,0
8508,48,West,28,0,59.9,20.57,1,96,1,4,0,0
8509,18,North,41,0,77.59,26.93,5,28,0,4,0,0
8510,66,West,15,1,70.53,41.7,4,33,1,2,0,0
8511,56,South,61,1,132.15,36.54,4,15,1,1,0,0
8512,22,South,1,1,70.08,51.07,4,5,3,5,0,0
8513,66,East,36,1,74.79,30.8,11,3,1,1,0,0
8514,19,South,23,0,47.11,9.1,5,6,0,3,0,0
8515,49,North,33,0,75.22,27.22,5,39,0,2,0,0
8516,44,West,37,1,91.63,30.64,6,27,0,0,0,0
8517,46,South,46,0,92.73,16.31,1,104,1,2,1,1
8518,72,North,66,0,89.47,22.62,2,101,0,3,0,1
8519,70,South,40,1,117.49,28.73,6,50,0,2,1,0
8520,33,East,17,0,62.72,19.52,3,5,1,2,1,1
8521,51,East,38,0,94.4,37.18,2,95,0,5,0,0
8522,72,West,37,1,84.21,35.99,9,41,0,1,0,0
8523,59,East,62,0,68.45,22.88,4,40,1,2,0,1
8524,68,North,41,1,88.15,47.78,7,66,2,1,0,0
8525,42,North,62,0,74.07,22.64,3,40,0,1,0,0
8526,34,North,47,1,84.89,25.16,9,27,0,1,0,0
8527,47,East,41,0,86.7,14.39,2,71,2,2,1,0
8528,64,North,24,0,68.04,24.36,4,60,0,2,0,0
8529,70,East,19,0,71.63,11.86,9,68,0,3,0,0
8530,57,East,8,1,91.91,25.62,5,30,1,3,0,0
8531,58,West,39,1,74.21,31.95,3,25,0,0,0,0
8532,47,North,66,0,101.55,34.06,2,16,2,5,0,0
8533,36,North,1,0,42.42,35.33,2,43,1,5,0,0
8534,42,West,68,0,85.35,30.28,5,5,0,3,0,0
8535,46,East,62,1,82.62,34.97,4,1,2,0,0,0
8536,64,South,32,1,105.82,30.44,10,70,5,2,0,1
8537,49,East,23,1,66.16,38.11,8,44,2,1,0,1
8538,63,West,42,0,63.0,39.26,1,101,0,3,0,0
8539,19,North,61,0,73.59,26.13,3,10,0,2,0,0
8540,61,West,3,1,79.57,31.3,9,26,0,1,0,0
8541,46,North,32,1,93.61,33.74,9,85,3,0,0,0
8542,74,West,4,1,94.18,32.87,4,88,0,1,0,1
8543,44,North,46,0,81.43,29.39,0,76,1,4,0,0
8544,45,North,6,0,77.49,18.89,5,12,1,2,1,0
8545,25,North,23,1,97.19,38.25,5,4,1,1,1,0
8546,63,West,53,0,72.32,29.55,2,68,1,4,1,0
8547,57,West,54,1,96.99,37.75,6,25,0,1,0,0
8548,67,South,17,0,91.16,16.31,4,41,2,3,0,1
8549,23,South,37,0,96.91,23.8,3,71,1,2,0,0
8550,30,North,14,1,99.36,30.79,9,41,2,1,0,0
8551,67,North,43,1,115.83,34.41,12,13,0,2,0,0
8552,20,West,1,1,87.48,29.67,4,33,1,2,0,0
8553,46,North,58,1,114.03,44.95,3,47,1,2,0,0
8554,41,West,2,1,81.75,36.5,4,3,2,1,0,0
8555,71,West,44,0,107.48,12.05,4,40,1,5,1,1
8556,66,North,29,1,87.53,24.36,5,76,0,5,0,0
8557,69,South,16,1,91.6,44.64,6,28,0,5,0,0
8558,34,West,39,1,73.88,33.56,11,71,0,1,1,0
8559,51,West,11,1,64.04,31.88,6,38,2,0,0,0
8560,57,East,42,0,108.23,34.03,3,22,0,1,0,0
8561,73,North,46,0,92.25,23.79,1,79,0,2,1,0
8562,18,North,33,0,73.31,15.44,6,89,0,2,0,1
8563,73,West,26,0,74.17,15.98,4,80,1,5,0,1
8564,38,South,33,0,56.13,30.02,1,60,1,3,0,0
8565,25,East,68,0,87.58,41.24,6,42,0,3,1,0
8566,53,East,54,1,85.13,41.72,5,16,2,3,0,1
8567,62,South,1,0,56.07,21.94,1,57,2,3,0,1
8568,25,North,21,0,80.7,23.19,3,50,0,3,0,0
8569,20,South,2,0,67.8,25.39,4,72,1,6,1,1
8570,69,West,17,0,92.34,8.84,4,22,2,1,0,0
8571,71,South,56,0,92.42,25.19,0,60,0,2,0,1
8572,26,North,61,0,53.32,29.67,3,31,2,3,0,0
8573,69,West,33,0,105.76,39.18,2,82,0,2,0,1
8574,69,East,49,0,71.89,33.73,5,56,0,3,0,1
8575,74,East,27,0,75.93,40.44,4,21,4,5,1,0
8576,30,West,34,1,98.53,48.44,6,73,0,4,0,0
8577,50,South,59,0,93.11,36.16,4,65,1,2,0,0
8578,74,West,20,1,90.72,35.21,6,48,1,1,0,0
8579,69,West,23,0,72.49,27.76,5,100,2,3,1,0
8580,52,South,10,0,45.18,11.64,3,52,1,3,0,1
8581,29,South,16,0,106.8,26.04,4,89,1,4,0,0
8582,22,North,3,1,91.27,39.53,9,72,1,1,0,1
8583,32,East,58,1,109.78,32.73,6,62,0,3,0,0
8584,21,East,61,0,118.13,12.67,5,87,0,3,0,0
8585,29,South,30,0,58.92,37.66,8,36,4,1,0,0
8586,22,West,43,0,94.53,28.25,1,80,0,6,0,1
8587,61,South,18,1,80.67,48.76,9,26,3,2,0,0
8588,51,West,4,0,68.03,30.94,2,56,0,2,1,0
8589,47,East,37,1,104.87,45.95,7,41,1,2,0,0
8590,64,South,12,1,50.95,44.3,11,20,0,0,0,0
8591,41,North,61,1,89.03,29.56,8,58,0,1,1,0
8592,40,East,20,1,113.8,30.93,10,11,1,3,0,0
8593,29,East,53,0,82.72,21.57,2,84,2,0,0,0
8594,43,North,19,1,119.52,27.27,6,56,0,3,0,0
8595,27,West,9,0,84.15,39.12,2,110,1,2,0,1
8596,51,South,39,1,96.2,35.34,6,78,0,2,0,0
8597,74,South,14,0,62.37,28.68,9,23,0,2,0,0
8598,48,West,29,0,99.23,14.35,7,87,0,3,0,0
8599,35,South,21,0,102.05,31.55,4,17,3,2,0,0
8600,57,East,63,1,107.2,31.72,3,38,2,0,0,0
8601,64,East,36,0,101.07,35.09,10,92,2,2,0,0
8602,44,North,52,1,121.45,29.52,9,14,0,2,1,0
8603,32,South,42,0,99.04,35.66,4,73,2,3,1,0
8604,58,North,65,0,94.02,32.53,4,96,0,1,0,0
8605,28,North,32,1,85.91,31.27,13,22,1,2,0,0
8606,74,East,62,0,75.18,36.34,6,60,1,3,0,0
8607,36,North,64,1,92.44,44.19,3,1,1,2,0,0
8608,37,West,66,0,121.66,28.92,0,51,2,5,0,0
8609,59,South,50,0,85.16,17.05,3,59,2,1,0,1
8610,18,South,70,0,77.83,31.4,2,31,1,0,1,0
8611,29,West,53,0,101.54,25.53,6,58,0,5,0,0
8612,25,South,23,0,64.32,25.39,0,84,0,0,0,0
8613,40,East,12,0,56.24,25.59,3,67,0,2,0,1
8614,49,East,15,0,98.52,24.76,4,27,1,0,1,0
8615,28,West,41,0,60.54,18.08,9,18,0,2,0,0
8616,37,North,12,1,89.53,22.88,12,60,2,4,0,1
8617,62,North,17,0,59.64,11.23,7,21,2,3,0,0
8618,71,West,45,1,91.24,37.39,10,68,0,2,0,0
8619,18,North,24,0,50.04,5.61,4,26,0,5,0,0
8620,53,East,49,1,105.39,40.81,12,21,2,2,0,0
8621,19,East,71,1,102.39,39.05,7,16,1,2,0,0
8622,47,East,7,1,92.37,32.58,7,28,0,4,0,0
8623,68,West,46,1,102.29,43.21,8,48,0,0,0,0
8624,63,West,59,1,104.81,32.92,4,42,1,0,0,0
8625,31,North,10,0,51.97,28.35,5,91,1,4,1,0
8626,32,East,56,0,109.46,9.33,2,59,2,3,0,0
8627,62,East,37,1,109.54,17.07,3,38,2,1,0,0
8628,64,South,45,1,92.28,33.12,10,63,2,3,0,0
8629,34,West,4,1,61.61,38.38,11,62,1,0,0,0
8630,18,South,31,1,67.18,42.6,2,6,0,1,0,1
8631,43,North,27,0,90.56,23.58,3,72,3,2,2,0
8632,53,West,11,1,99.14,36.97,6,66,1,2,0,1
8633,43,West,55,1,123.2,41.29,10,57,0,0,0,0
8634,71,North,36,1,96.2,33.98,7,82,1,5,1,0
8635,64,East,63,1,123.59,39.7,8,9,0,3,0,0
8636,62,North,12,0,81.41,15.97,7,85,4,3,0,1
8637,19,North,52,1,104.95,21.75,6,57,0,1,0,0
8638,66,North,43,1,96.13,30.73,8,27,0,3,0,0
8639,61,West,47,0,68.86,31.2,2,30,0,2,0,0
8640,40,North,23,0,77.89,19.31,4,91,2,2,0,0
8641,51,North,50,0,93.39,30.21,0,66,0,2,1,0
8642,64,East,18,0,62.9,16.78,2,48,2,3,0,0
8643,69,South,55,1,103.17,30.34,4,27,0,1,0,0
8644,49,North,32,1,92.74,36.94,6,6,2,1,0,0
8645,20,North,35,0,89.37,19.66,1,33,2,1,0,0
8646,53,West,42,1,80.39,31.02,3,21,0,1,0,0
8647,56,East,6,0,46.42,4.13,5,100,0,2,0,1
8648,21,East,27,0,57.21,31.71,3,95,0,2,0,0
8649,64,North,15,1,85.27,34.05,5,19,3,1,0,0
8650,29,South,69,0,99.23,17.44,3,47,0,4,0,0
8651,68,West,30,0,58.97,39.66,4,76,0,1,0,0
8652,49,North,1,1,94.14,28.69,7,85,1,2,0,0
8653,36,North,2,1,102.94,30.88,8,81,2,2,0,0
8654,21,South,65,0,98.71,17.31,7,78,0,2,1,0
8655,19,South,12,0,82.84,33.83,4,93,1,2,0,0
8656,60,North,1,1,66.77,46.47,7,15,1,1,0,0
8657,39,West,16,1,74.63,45.67,7,29,0,3,0,0
8658,65,South,16,0,75.72,35.59,3,73,3,3,0,0
8659,31,East,6,0,62.42,20.22,5,38,1,2,0,1
8660,70,North,71,1,102.1,48.38,5,87,1,2,0,0
8661,71,East,5,1,103.88,33.44,4,38,2,4,1,1
8662,23,East,52,0,90.48,12.66,4,93,0,1,0,0
8663,54,West,60,0,100.53,21.59,1,26,1,4,0,0
8664,71,South,46,1,92.89,37.61,2,67,0,2,1,0
8665,36,West,10,0,90.2,19.84,6,63,0,2,0,0
8666,21,South,52,1,103.66,36.18,11,16,0,0,0,0
8667,67,East,24,0,87.29,29.29,6,116,2,2,1,1
8668,45,West,29,0,65.76,28.28,3,33,1,0,0,0
8669,19,East,18,1,91.53,40.24,4,59,2,1,0,0
8670,65,East,56,1,116.37,33.56,5,42,1,0,0,0
8671,56,West,42,0,110.93,19.18,5,36,1,1,0,0
8672,22,West,11,1,78.9,23.24,9,24,0,1,0,1
8673,32,North,29,0,77.54,24.3,2,83,0,6,0,0
8674,19,North,57,0,97.38,20.7,6,27,1,4,1,0
8675,72,East,67,1,92.28,34.05,7,41,0,1,0,0
8676,19,West,67,1,80.88,18.44,12,7,0,2,0,0
8677,63,South,10,1,70.06,22.85,7,0,1,2,0,0
8678,47,South,61,1,125.01,39.08,7,35,1,2,0,0
8679,51,South,41,1,126.25,21.92,14,85,1,0,0,0
8680,64,North,53,1,92.66,33.48,8,25,2,1,0,0
8681,69,North,28,1,75.75,28.35,6,31,1,0,0,0
8682,25,North,47,1,126.52,27.85,8,81,0,0,0,1
8683,19,North,19,1,81.02,35.68,5,57,2,1,0,0
8684,25,East,37,0,72.92,25.23,7,100,1,2,0,0
8685,56,South,17,1,110.39,39.37,10,57,0,2,0,0
8686,50,North,29,1,113.92,26.18,10,76,0,1,0,0
8687,22,South,29,0,88.51,17.92,1,93,2,4,0,0
8688,31,South,62,1,85.33,43.99,7,52,1,1,0,0
8689,48,South,45,1,83.62,33.2,6,46,0,0,1,0
8690,59,South,46,0,99.81,27.93,4,56,2,0,0,0
8691,37,North,21,1,95.27,31.02,9,24,0,4,1,0
8692,72,East,31,0,63.83,28.64,4,15,0,3,0,0
8693,74,North,34,0,71.83,5.09,4,88,0,3,0,0
8694,61,North,56,1,124.66,44.21,10,10,0,1,0,0
8695,43,North,14,1,109.91,31.36,8,30,3,1,0,0
8696,67,South,4,1,81.91,25.01,7,34,2,3,0,0
8697,59,North,36,0,67.7,16.5,2,61,1,2,0,0
8698,47,South,58,0,84.87,22.89,3,34,0,3,0,0
8699,43,North,53,1,126.65,34.12,7,47,0,0,0,0
8700,65,North,58,0,108.85,26.13,5,46,1,1,0,0
8701,49,West,28,1,96.91,25.46,10,47,0,0,0,0
8702,28,South,17,1,80.56,41.97,10,15,2,0,1,0
8703,74,North,47,0,99.74,20.81,7,58,3,2,0,0
8704,21,South,3,0,85.84,20.41,3,93,2,3,0,0
8705,57,North,64,0,70.2,23.19,3,70,1,2,0,1
8706,55,East,51,1,102.01,40.3,4,85,0,0,0,0
8707,51,North,36,1,115.34,34.73,7,46,3,0,0,0
8708,20,South,15,1,88.61,30.66,10,12,2,2,0,0
8709,46,West,18,0,61.67,22.41,7,44,3,4,0,0
8710,68,North,71,1,118.28,44.75,8,56,0,0,0,0
8711,31,North,2,0,66.56,33.44,5,82,1,4,0,1
8712,57,East,1,0,43.6,27.93,7,69,2,4,1,1
8713,66,West,25,0,73.86,26.19,6,9,1,2,0,0
8714,72,South,17,1,94.01,53.51,8,43,1,4,0,0
8715,47,East,49,1,97.14,38.71,8,60,0,3,0,0
8716,35,North,3,1,69.81,36.44,8,62,0,1,0,0
8717,57,East,56,1,99.93,33.38,8,78,0,2,0,0
8718,45,North,56,1,93.44,37.85,8,18,0,4,1,0
8719,53,East,17,1,101.26,10.64,14,40,2,0,0,0
8720,60,North,42,0,66.25,33.22,5,81,1,2,0,0
8721,58,South,48,1,106.84,24.83,8,20,1,1,0,0
8722,31,North,61,1,104.89,29.26,6,64,2,1,1,1
8723,61,East,53,0,75.91,13.8,6,85,0,2,0,0
8724,48,East,69,1,135.07,29.11,10,65,1,1,0,0
8725,71,West,9,0,62.54,22.28,0,94,1,1,1,1
8726,55,West,44,1,91.96,42.11,6,40,2,1,0,0
8727,68,South,55,0,76.02,35.31,1,29,0,3,0,0
8728,73,East,17,0,73.59,40.53,4,31,0,3,0,0
8729,74,North,16,0,80.4,25.82,5,70,0,4,0,1
8730,60,West,7,0,82.56,23.25,8,10,1,3,1,0
8731,52,East,70,1,112.49,41.24,4,36,1,1,0,0
8732,24,South,62,0,87.58,18.17,5,29,2,3,1,0
8733,40,South,9,1,86.46,27.27,15,84,1,5,0,0
8734,45,East,18,0,71.51,22.06,3,96,1,4,0,1
8735,62,West,33,1,84.92,34.73,6,77,0,2,0,0
8736,51,West,64,1,133.94,18.47,6,73,1,4,0,0
8737,43,South,59,0,89.83,33.54,4,37,0,4,1,0
8738,26,South,63,1,119.52,36.92,7,84,1,2,0,0
8739,58,West,59,0,95.87,31.39,5,39,1,3,0,1
8740,42,East,45,1,108.56,22.44,8,70,2,1,0,0
8741,20,East,21,0,55.44,19.68,1,79,1,3,0,0
8742,34,East,43,0,81.4,19.27,3,94,0,2,0,1
8743,68,East,36,0,112.21,23.38,5,13,2,4,1,0
8744,24,East,68,0,117.81,24.73,4,13,0,6,0,0
8745,41,East,32,0,78.36,31.96,6,62,0,3,0,0
8746,47,West,54,0,81.5,25.79,7,38,0,1,0,0
8747,22,West,13,1,53.23,29.07,7,66,2,3,0,0
8748,27,South,49,0,77.04,42.5,4,54,1,0,0,0
8749,71,North,33,1,95.32,32.88,8,11,0,2,0,0
8750,51,East,31,1,90.74,27.75,4,84,0,2,0,0
8751,29,East,54,1,103.28,19.92,5,30,1,1,0,1
8752,27,South,35,0,86.84,25.72,5,89,0,4,0,0
8753,42,West,5,1,67.49,40.53,8,7,1,2,1,1
8754,59,North,28,0,78.09,15.88,2,7,2,0,0,0
8755,59,South,69,0,92.85,30.0,7,2,0,1,0,0
8756,29,West,68,1,100.77,35.67,12,79,2,3,0,0
8757,59,West,44,1,127.11,20.81,3,53,0,2,1,0
8758,69,South,46,0,94.22,30.01,3,41,2,7,0,0
8759,30,North,19,0,57.7,22.88,6,66,1,1,0,0
8760,19,South,56,0,95.76,15.99,5,102,0,1,0,0
8761,72,South,43,1,80.66,42.66,4,74,3,2,0,0
8762,47,South,3,1,71.55,42.5,5,53,1,0,0,1
8763,62,North,68,1,133.91,25.82,10,12,2,1,0,0
8764,36,South,61,0,95.77,27.35,3,55,0,3,0,0
8765,35,East,6,1,87.07,36.63,6,17,1,3,0,0
8766,30,East,30,1,109.8,34.46,8,27,3,1,0,0
8767,30,East,53,1,115.67,30.87,8,75,1,1,0,0
8768,44,South,53,0,82.51,23.81,8,74,2,1,1,0
8769,24,South,12,0,80.05,32.51,6,50,1,3,1,0
8770,65,South,3,1,56.17,38.27,5,18,0,1,0,0
8771,47,West,70,0,84.99,9.58,6,73,1,2,0,0
8772,70,South,64,0,90.55,7.85,5,53,1,1,0,0
8773,46,East,53,1,114.72,20.14,7,48,0,0,0,0
8774,35,South,47,0,78.63,14.13,2,76,0,3,0,0
8775,47,West,49,1,77.74,28.96,9,74,1,2,1,1
8776,26,South,33,1,67.63,31.38,2,17,0,2,1,1
8777,64,South,49,0,83.48,24.48,3,25,0,2,1,0
8778,59,West,22,0,63.83,24.73,5,76,1,2,0,0
8779,26,North,6,0,49.35,24.61,3,56,0,3,0,0
8780,51,East,23,0,55.34,34.15,3,60,4,3,1,0
8781,48,South,21,0,72.51,11.59,2,44,2,1,1,1
8782,29,West,22,0,90.53,27.67,8,37,1,3,0,1
8783,24,East,34,1,99.01,37.63,7,82,2,1,0,1
8784,61,North,10,0,84.73,14.9,4,74,3,2,0,1
8785,33,West,29,0,68.89,29.27,3,75,0,2,1,1
8786,47,East,33,0,83.15,27.98,5,68,0,5,0,0
8787,32,East,14,1,107.28,34.65,6,0,3,2,0,0
8788,55,North,33,1,94.13,15.66,3,57,0,2,0,0
8789,20,North,48,0,84.39,32.71,4,92,0,2,0,0
8790,38,East,30,0,69.38,26.81,5,33,0,3,0,0
8791,49,South,1,0,69.39,28.23,7,101,7,4,0,1
8792,43,West,50,1,118.53,7.87,4,85,0,0,0,0
8793,52,North,42,1,106.27,30.75,5,32,1,2,0,0
8794,28,East,30,0,71.56,13.53,6,33,0,5,0,0
8795,43,North,2,1,58.5,45.35,10,19,1,1,0,0
8796,61,East,7,0,62.77,16.16,4,92,1,4,0,1
8797,37,North,6,1,80.12,46.83,5,60,3,1,0,0
8798,26,South,61,1,114.04,42.62,6,74,2,2,0,0
8799,66,North,22,0,72.75,26.77,1,32,0,2,0,0
8800,62,East,31,1,119.09,44.08,2,20,1,5,0,0
8801,56,South,50,1,94.55,27.44,4,13,1,1,0,0
8802,63,East,47,1,79.87,28.88,9,0,1,1,0,0
8803,62,North,5,1,65.36,42.38,7,79,1,1,0,1
8804,60,East,67,0,84.0,17.48,5,84,0,2,0,0
8805,47,East,19,0,85.73,14.39,3,61,1,1,0,0
8806,19,North,55,0,68.04,22.43,3,20,3,2,1,0
8807,52,North,60,1,92.54,27.94,11,50,0,4,0,0
8808,33,South,39,1,105.71,49.92,7,11,2,0,0,0
8809,62,East,12,1,98.74,41.2,13,16,0,2,0,0
8810,44,West,39,0,56.26,20.39,5,84,1,1,0,0
8811,69,North,18,0,42.42,16.99,4,19,0,3,1,0
8812,51,East,61,0,78.7,27.71,8,69,0,4,1,1
8813,49,East,54,0,96.86,34.5,5,67,0,2,1,0
8814,70,East,59,0,91.65,27.33,2,58,0,2,1,0
8815,45,South,59,0,78.25,17.39,4,88,1,2,0,0
8816,39,West,13,0,77.59,13.51,2,39,0,2,0,0
8817,39,South,3,0,63.36,21.98,5,55,1,1,0,1
8818,67,West,45,1,100.89,37.53,4,86,1,1,0,0
8819,61,North,44,0,57.78,21.24,4,103,2,2,1,1
8820,27,West,62,1,99.44,43.06,7,79,0,1,0,0
8821,46,West,46,0,112.35,29.22,5,57,0,1,1,0
8822,39,West,58,1,103.96,36.9,10,8,1,2,0,0
8823,54,South,25,0,58.15,29.06,6,78,4,1,0,0
8824,20,West,9,0,58.77,13.89,1,96,1,3,0,1
8825,58,North,3,1,83.29,31.01,10,79,2,1,0,0
8826,60,East,31,1,108.75,26.68,8,30,1,1,0,0
8827,30,South,1,1,89.82,38.08,4,7,0,3,0,1
8828,26,East,37,1,88.35,26.8,5,86,0,3,0,0
8829,53,South,29,1,113.57,35.66,5,25,0,1,0,0
8830,32,North,19,1,101.72,33.68,7,38,3,2,1,1
8831,71,North,42,1,94.32,39.8,4,31,3,0,0,0
8832,62,North,49,1,102.58,25.43,6,39,2,2,0,0
8833,72,South,3,0,70.51,28.61,5,57,2,4,0,0
8834,48,West,34,1,113.12,26.44,8,17,0,2,0,0
8835,71,East,67,1,90.72,27.29,3,52,0,2,0,0
8836,18,West,22,0,72.06,23.86,2,29,2,0,0,0
8837,34,West,56,0,87.53,34.55,7,31,0,0,0,0
8838,18,South,24,1,83.44,28.27,6,20,3,1,0,0
8839,56,South,20,1,81.36,20.78,7,66,1,0,0,0
8840,47,South,61,1,126.32,27.44,9,58,0,4,0,0
8841,34,North,26,1,101.02,31.92,9,53,0,4,0,0
8842,35,East,62,1,142.6,49.95,7,58,1,2,0,0
8843,54,East,47,1,94.95,38.11,5,1,1,0,0,1
8844,28,East,58,1,111.06,28.97,4,41,0,0,0,0
8845,47,East,58,0,93.65,23.87,4,74,0,1,0,0
8846,52,North,65,0,105.94,37.57,2,60,0,3,0,1
8847,31,East,40,0,100.38,23.08,1,60,2,1,0,0
8848,31,North,68,1,115.4,33.17,8,47,1,1,0,0
8849,38,West,5,0,46.08,21.76,4,57,0,2,0,0
8850,51,North,35,0,66.84,30.57,6,40,1,0,0,1
8851,32,South,29,1,96.64,30.8,11,10,1,2,0,0
8852,39,South,7,1,100.34,41.98,3,12,5,0,0,0
8853,48,North,63,1,89.8,43.5,11,51,1,2,1,0
8854,28,South,57,0,70.95,29.91,5,96,0,5,0,0
8855,50,North,54,1,118.36,33.21,7,77,1,5,0,0
8856,25,East,45,0,63.1,13.81,1,62,1,4,0,0
8857,26,West,43,1,84.62,33.21,10,86,0,3,0,0
8858,31,South,28,1,111.05,29.65,2,17,1,1,0,0
8859,34,South,49,0,81.18,18.77,4,61,1,2,1,0
8860,19,West,70,1,110.53,33.09,6,21,0,2,1,0
8861,72,South,18,1,109.52,38.83,6,78,0,1,1,0
8862,35,West,25,0,56.56,20.02,2,105,2,0,1,1
8863,63,South,8,1,65.04,24.0,7,35,2,3,0,1
8864,69,South,65,0,116.94,17.33,3,26,3,4,1,0
8865,63,North,38,1,102.5,48.52,3,8,1,4,0,0
8866,65,North,43,0,91.7,29.39,4,68,1,2,0,0
8867,23,East,19,1,84.83,27.34,7,8,1,0,0,0
8868,39,West,3,0,59.9,35.31,3,62,0,1,0,0
8869,60,North,58,1,98.44,33.08,8,33,0,1,0,0
8870,50,West,62,0,95.77,43.22,2,73,1,3,0,0
8871,18,South,25,0,84.97,27.1,2,70,2,0,0,1
8872,50,South,55,1,110.44,39.52,3,9,1,1,1,0
8873,63,West,41,1,116.41,41.7,5,29,0,1,1,0
8874,65,West,46,0,92.94,36.89,7,91,1,1,0,1
8875,39,South,13,0,50.77,21.49,6,102,3,3,0,1
8876,31,North,44,0,79.83,36.2,1,25,0,2,0,0
8877,35,North,12,0,59.27,20.01,3,84,1,5,0,0
8878,34,North,16,1,99.3,32.11,10,68,2,1,0,0
8879,37,West,26,0,79.92,25.07,6,98,1,5,0,1
8880,35,South,16,0,69.91,32.36,5,82,3,1,0,0
8881,44,East,65,0,107.7,22.36,3,29,2,1,0,0
8882,20,North,3,0,33.51,38.21,6,56,3,3,0,1
8883,33,South,65,1,103.45,45.61,9,86,0,1,0,0
8884,35,South,11,0,57.73,25.32,7,91,1,3,2,0
8885,26,South,62,0,94.78,17.27,2,83,0,2,1,0
8886,68,East,24,0,80.29,33.01,2,46,1,1,1,1
8887,56,West,66,0,92.98,8.23,4,32,1,3,0,0
8888,69,West,39,1,79.78,40.93,1,69,2,1,0,0
8889,50,East,35,0,83.6,18.41,2,24,2,2,0,0
8890,24,North,10,1,86.92,45.05,11,79,3,0,0,1
8891,69,West,31,1,73.47,23.91,4,34,0,0,1,0
8892,44,West,40,0,75.57,19.7,5,23,0,4,0,0
8893,57,West,70,0,100.61,28.51,3,81,2,1,0,0
8894,39,South,19,1,114.3,39.81,10,72,1,1,0,0
8895,46,North,6,1,66.66,29.99,13,88,1,1,0,0
8896,45,East,19,1,101.35,32.34,5,25,3,0,1,0
8897,34,South,18,1,72.85,42.62,8,74,2,2,0,0
8898,49,South,68,1,94.94,43.05,6,25,1,1,0,0
8899,59,South,11,1,67.33,32.19,6,41,1,2,0,0
8900,19,East,71,1,124.58,30.14,6,71,0,2,0,0
8901,25,South,9,0,66.45,14.05,3,64,1,1,0,1
8902,66,East,58,1,104.28,37.03,9,34,1,2,0,0
8903,50,East,30,0,81.87,31.5,3,99,1,3,0,0
8904,73,South,4,1,82.61,36.21,6,46,0,3,0,0
8905,52,North,44,0,83.66,17.6,2,56,1,4,0,0
8906,55,West,52,0,81.45,39.29,1,56,0,1,0,0
8907,69,South,60,1,94.59,18.17,10,4,0,2,0,0
8908,55,South,13,0,91.87,32.03,6,104,2,1,0,0
8909,36,South,44,1,123.01,36.73,5,82,0,0,1,0
8910,48,South,41,1,124.35,38.75,8,75,2,1,1,1
8911,31,East,32,0,67.91,18.71,3,92,2,3,0,1
8912,37,North,64,1,101.77,33.78,8,23,0,2,0,0
8913,56,West,31,0,69.28,27.35,2,85,2,2,0,0
8914,26,North,27,1,109.61,34.31,6,14,2,0,0,0
8915,56,West,38,1,99.0,20.65,7,40,3,1,0,0
8916,51,East,66,1,104.85,48.7,6,4,3,2,0,0
8917,35,North,62,1,116.46,40.2,5,67,2,0,0,0
8918,20,East,51,1,94.45,35.28,5,38,1,0,0,0
8919,58,South,6,1,62.67,35.79,7,7,4,1,0,0
8920,64,West,22,1,92.94,48.47,6,84,2,2,0,0
8921,59,East,2,0,53.26,19.06,2,20,1,4,0,0
8922,41,South,7,1,83.29,27.25,7,51,0,3,0,0
8923,55,South,60,0,49.73,31.8,1,101,0,6,0,0
8924,41,West,58,0,75.62,28.7,7,54,1,1,0,0
8925,38,East,8,0,63.32,16.92,6,67,0,2,0,1
8926,36,South,33,0,53.75,33.71,0,58,1,4,0,0
8927,30,South,20,1,67.76,37.36,11,29,0,0,0,0
8928,73,South,6,0,63.58,17.82,0,41,0,2,0,0
8929,55,East,28,0,84.52,28.92,8,56,1,1,0,0
8930,27,East,8,0,50.62,27.73,5,60,3,4,0,0
8931,67,West,53,0,82.57,24.3,2,105,2,6,0,0
8932,26,East,69,1,110.91,38.07,7,62,0,1,1,0
8933,51,East,31,1,72.07,40.01,3,35,0,3,0,0
8934,27,South,18,0,86.76,32.31,6,103,0,4,1,1
8935,38,East,36,1,95.26,35.86,8,87,0,1,0,0
8936,55,South,69,1,111.92,32.84,8,42,0,2,0,0
8937,74,West,12,0,71.59,26.91,4,76,3,4,0,1
8938,74,South,49,0,61.1,34.53,8,32,2,2,0,1
8939,69,East,7,1,97.3,40.04,10,6,1,5,0,0
8940,31,West,22,1,106.76,32.39,6,83,0,2,1,0
8941,23,East,32,0,78.11,25.45,3,54,1,1,0,0
8942,69,South,28,0,80.93,38.33,3,88,2,0,0,0
8943,70,East,13,0,61.61,30.99,2,51,3,5,0,0
8944,33,North,56,1,120.95,36.21,8,74,2,1,0,1
8945,19,North,48,1,91.66,44.12,4,35,1,1,1,0
8946,54,West,31,0,75.01,20.66,6,41,1,2,0,1
8947,22,West,30,1,95.41,37.63,5,89,0,2,0,1
8948,20,North,6,1,82.42,50.0,3,72,0,3,0,0
8949,71,West,47,0,99.54,30.23,1,30,0,0,0,0
8950,46,South,17,1,121.32,47.97,7,45,1,1,0,0
8951,24,West,22,0,69.35,24.33,7,9,1,1,0,0
8952,55,West,62,1,118.06,31.19,9,15,0,1,0,0
8953,39,West,46,1,90.96,44.28,7,31,0,0,0,0
8954,48,West,50,1,120.48,20.37,8,82,1,2,0,0
8955,69,West,19,1,81.74,36.44,7,79,2,2,0,0
8956,31,East,36,1,145.18,43.25,14,4,1,1,2,0
8957,54,North,1,1,55.44,39.5,7,43,3,2,0,0
8958,65,South,18,1,121.21,18.18,4,31,1,3,0,0
8959,42,East,57,1,123.37,24.23,2,17,0,1,0,0
8960,73,North,34,0,60.17,24.08,3,91,0,0,0,0
8961,43,West,46,1,137.79,38.8,10,79,0,3,0,0
8962,44,North,57,1,94.57,39.11,10,85,3,2,0,1
8963,68,West,67,1,108.79,34.95,9,63,1,1,0,0
8964,54,South,6,0,43.55,30.84,3,110,1,3,0,0
8965,67,West,42,0,78.8,28.5,5,19,0,2,1,0
8966,63,West,71,0,94.71,23.97,2,29,1,2,0,0
8967,58,South,15,0,79.95,29.3,5,86,3,0,0,0
8968,31,East,62,0,127.57,19.82,3,63,0,3,0,0
8969,40,North,42,0,73.31,30.09,1,44,0,2,1,0
8970,67,West,23,0,30.21,18.22,3,35,1,4,0,1
8971,53,West,56,0,97.73,28.9,4,110,2,1,2,1
8972,33,South,62,0,82.75,28.7,6,92,2,5,1,1
8973,36,North,11,1,112.78,32.61,8,66,1,2,0,0
8974,62,South,49,1,103.98,40.08,4,55,1,1,0,1
8975,28,North,67,1,102.11,47.34,3,34,1,2,0,0
8976,24,West,48,1,88.81,26.84,10,70,2,1,0,0
8977,61,North,39,1,108.84,42.63,3,29,0,0,0,0
8978,34,West,10,1,80.87,43.69,12,56,0,0,0,0
8979,61,West,32,1,118.02,33.34,4,89,1,0,0,0
8980,48,West,65,0,89.34,31.41,3,21,0,3,0,0
8981,74,East,57,1,129.72,32.96,8,82,0,1,0,0
8982,47,North,32,1,75.3,45.05,12,9,1,2,0,0
8983,67,West,22,1,64.92,13.09,7,1,0,2,0,0
8984,66,East,58,0,101.44,36.56,2,56,1,0,0,0
8985,30,West,69,0,87.53,16.1,1,86,1,1,0,0
8986,74,South,22,0,67.05,25.72,2,77,1,1,1,0
8987,60,North,58,1,93.82,28.49,9,40,1,2,0,0
8988,24,West,22,0,54.72,36.97,1,35,1,2,0,0
8989,18,West,59,0,99.04,23.17,3,110,0,1,1,0
8990,33,North,69,1,114.22,30.66,8,52,0,0,0,0
8991,18,East,48,0,68.1,33.96,8,21,0,0,0,1
8992,38,North,36,1,109.86,40.86,12,52,0,0,0,0
8993,74,East,23,0,89.12,22.33,2,48,1,1,0,0
8994,45,South,5,0,60.87,17.07,3,33,0,2,0,0
8995,19,South,4,0,77.05,15.99,7,68,1,5,0,0
8996,46,North,60,0,74.97,35.2,2,49,0,4,0,0
8997,30,North,47,0,92.16,28.35,9,74,1,2,0,1
8998,66,South,17,0,70.93,26.39,5,73,1,4,0,1
8999,23,North,40,1,88.13,38.94,12,47,1,1,0,0
9000,61,South,63,0,122.3,9.41,6,99,2,4,0,0
9001,43,East,46,0,86.49,22.4,4,67,0,5,0,1
9002,19,East,66,1,104.14,32.62,5,73,0,2,0,0
9003,56,East,9,1,84.79,42.85,6,58,2,1,0,0
9004,43,North,6,1,69.95,23.25,2,64,1,2,0,0
9005,61,North,48,1,86.65,43.43,6,38,1,3,0,0
9006,53,West,42,1,94.26,49.36,7,50,0,2,0,0
9007,62,West,49,0,78.77,11.25,5,50,1,4,0,0
9008,44,West,70,1,102.94,35.13,5,7,0,3,0,0
9009,18,West,8,0,82.77,28.99,4,87,0,2,0,0
9010,25,East,67,0,82.01,31.98,4,76,2,4,0,1
9011,44,West,5,1,68.52,17.68,11,24,3,4,0,0
9012,40,South,38,1,81.21,37.7,9,64,0,1,0,0
9013,63,West,60,1,90.77,33.25,9,31,1,1,0,0
9014,41,West,49,1,119.91,32.73,6,21,0,0,0,0
9015,67,West,16,0,71.87,41.55,3,53,1,1,0,1
9016,28,South,43,0,91.85,23.28,2,46,0,1,1,0
9017,39,South,65,0,107.78,28.6,2,98,2,3,1,0
9018,61,South,15,1,82.5,34.04,6,51,1,2,0,0
9019,25,South,67,0,115.58,26.93,7,81,0,2,0,0
9020,36,West,47,0,74.1,29.42,3,85,1,3,0,1
9021,60,East,7,0,47.06,32.15,6,49,2,1,0,0
9022,51,North,24,1,97.6,28.78,11,86,0,1,0,0
9023,62,East,62,0,93.17,26.22,2,8,0,0,0,0
9024,47,South,24,1,94.14,36.5,9,19,1,3,0,0
9025,66,East,68,1,129.23,21.82,10,5,0,3,1,0
9026,68,South,30,1,96.59,27.37,5,4,2,1,0,0
9027,73,South,25,0,77.2,32.13,0,27,1,2,0,0
9028,24,East,61,1,130.89,31.31,15,39,0,2,0,0
9029,51,East,56,1,112.0,55.9,11,51,0,2,0,0
9030,24,East,17,1,95.91,42.7,7,71,1,0,0,0
9031,31,South,56,0,66.73,28.61,3,47,0,3,0,0
9032,35,East,18,0,124.79,37.08,0,73,0,0,0,0
9033,54,North,64,1,88.14,41.18,6,86,1,3,0,0
9034,42,South,1,1,72.41,36.47,10,16,0,1,0,0
9035,67,East,48,0,75.46,13.69,3,67,1,3,0,0
9036,35,East,12,1,117.62,40.32,6,3,2,2,0,0
9037,53,West,49,0,75.49,36.17,3,6,0,3,1,1
9038,61,South,70,1,121.63,30.26,4,58,2,1,0,0
9039,73,West,48,0,75.56,10.39,3,64,3,3,0,0
9040,31,South,31,1,79.9,26.45,8,41,1,3,0,0
9041,59,East,59,0,98.06,39.07,6,50,1,3,0,0
9042,22,West,14,0,56.22,25.64,5,29,1,4,0,0
9043,48,East,39,1,102.61,46.68,9,21,0,2,0,0
9044,41,West,69,0,103.9,25.15,3,36,0,4,0,0
9045,72,West,26,0,101.6,21.03,8,23,0,2,0,0
9046,62,North,2,1,62.07,52.08,7,20,2,2,0,0
9047,70,West,32,0,73.71,22.03,2,90,2,1,0,1
9048,66,West,35,1,95.83,33.01,6,71,0,1,0,0
9049,41,South,58,0,89.01,28.68,7,69,1,3,0,0
9050,59,North,58,1,147.53,32.68,5,0,2,0,0,0
9051,19,South,25,1,89.9,41.23,11,57,2,2,1,1
9052,49,West,55,0,49.69,28.57,2,42,0,4,0,0
9053,20,West,11,0,62.52,28.88,1,50,0,1,0,0
9054,59,West,14,0,65.22,20.07,1,32,0,5,0,0
9055,73,South,43,1,97.88,21.7,3,87,2,1,0,0
9056,56,North,51,1,94.72,28.34,9,25,0,2,0,0
9057,65,South,58,0,69.18,19.05,4,65,0,3,0,1
9058,31,South,45,0,114.89,27.34,5,80,1,4,0,1
9059,74,North,10,0,69.77,18.48,9,84,2,0,1,1
9060,49,North,48,1,101.12,23.28,8,82,1,3,1,0
9061,56,North,31,0,107.41,15.83,4,65,2,2,0,0
9062,61,North,19,1,76.47,38.1,7,42,1,0,0,0
9063,54,East,25,0,81.54,30.5,10,40,2,3,0,0
9064,36,South,58,0,70.26,20.95,2,94,1,2,0,0
9065,52,South,13,0,77.76,21.8,4,25,0,2,1,0
9066,55,East,40,0,62.98,29.91,2,24,2,1,1,0
9067,66,West,6,1,90.06,36.32,5,25,0,2,1,0
9068,45,East,52,1,135.3,44.49,9,77,1,2,0,0
9069,46,East,11,0,66.9,23.74,1,29,1,2,0,0
9070,46,East,67,1,80.61,28.35,9,52,1,0,0,0
9071,24,East,63,1,112.04,43.69,8,67,0,3,0,0
9072,23,East,61,0,97.71,22.51,5,6,4,2,0,0
9073,19,South,25,0,86.01,18.69,3,13,2,2,0,0
9074,55,East,56,1,130.1,42.14,7,79,0,2,0,0
9075,41,South,10,0,87.87,36.59,6,22,1,1,0,1
9076,67,South,21,0,68.54,26.47,5,2,1,5,0,0
9077,58,North,10,0,55.11,16.97,3,100,1,4,1,1
9078,26,South,4,0,45.22,37.28,3,48,2,1,0,0
9079,23,South,27,0,65.4,28.01,5,92,0,0,0,0
9080,38,East,41,1,107.65,36.76,6,56,0,1,1,0
9081,70,South,62,1,90.77,31.77,7,65,0,1,0,0
9082,20,North,3,0,47.6,34.04,3,89,3,2,1,1
9083,28,South,29,0,82.93,16.13,2,65,0,4,0,0
9084,19,South,51,0,75.8,15.37,8,13,1,3,0,0
9085,41,East,15,0,73.05,40.16,2,59,1,2,0,0
9086,74,South,53,0,74.29,18.1,2,46,2,4,0,0
9087,56,North,41,1,104.82,42.68,11,23,2,0,0,0
9088,46,North,40,0,68.42,36.03,5,92,0,7,0,1
9089,26,South,9,1,55.97,36.68,6,18,2,1,0,0
9090,38,North,12,1,100.34,27.95,12,51,1,1,0,0
9091,47,South,63,0,81.06,30.04,4,102,2,0,0,0
9092,33,East,63,1,107.77,46.13,7,50,0,1,0,0
9093,58,West,33,1,86.13,37.74,3,55,1,2,1,0
9094,73,East,43,0,89.67,19.03,3,60,1,5,0,0
9095,29,North,39,0,84.5,27.45,7,97,1,5,0,1
9096,32,South,37,0,86.63,13.92,2,24,1,0,0,0
9097,25,West,51,0,77.26,17.21,4,80,1,4,0,1
9098,59,North,41,1,99.75,32.93,4,44,1,6,0,0
9099,44,West,9,1,90.76,35.49,6,84,1,1,0,0
9100,34,South,6,1,106.18,25.38,9,9,1,3,0,0
9101,30,North,61,1,115.1,37.0,9,80,1,0,1,0
9102,22,North,53,0,71.45,29.17,3,105,0,1,0,0
9103,45,West,15,1,91.52,33.28,8,9,1,1,0,0
9104,56,West,5,0,60.03,7.73,5,102,0,3,0,1
9105,31,West,16,0,38.02,25.84,7,67,1,2,1,1
9106,18,South,42,1,73.32,49.52,10,3,1,2,0,0
9107,44,East,42,1,100.0,38.66,7,79,0,1,0,0
9108,56,North,13,0,66.77,25.12,1,58,3,3,0,1
9109,37,South,13,1,82.08,32.02,5,25,1,3,0,0
9110,32,East,15,1,100.76,39.62,8,9,0,3,0,0
9111,26,West,32,1,81.97,36.67,12,11,0,3,1,0
9112,60,South,17,1,67.71,40.66,7,83,2,1,0,0
9113,67,South,33,0,64.11,16.23,5,60,2,5,0,1
9114,61,North,2,0,51.85,25.97,4,54,4,2,1,1
9115,47,South,67,1,112.63,31.31,6,38,0,4,0,0
9116,59,North,64,0,80.04,27.97,6,42,1,1,0,0
9117,40,West,25,0,40.37,9.44,9,34,3,4,0,1
9118,19,North,58,1,70.46,31.86,11,37,3,2,1,0
9119,38,East,39,1,101.35,39.34,9,52,0,1,0,0
9120,58,North,3,0,44.56,30.63,6,37,4,2,0,0
9121,54,South,21,1,60.42,34.76,5,34,2,2,1,0
9122,74,South,5,1,91.87,17.72,10,43,1,3,0,0
9123,74,South,51,0,108.68,30.13,0,61,0,4,0,0
9124,31,East,56,0,86.58,37.67,2,90,1,2,1,0
9125,18,East,44,0,86.03,18.29,3,63,3,7,0,0
9126,33,West,1,1,84.65,31.59,6,81,1,1,0,1
9127,67,South,17,1,53.8,41.45,5,69,1,1,0,0
9128,64,East,34,1,110.33,41.67,7,60,1,0,0,0
9129,23,West,11,0,84.1,33.78,5,42,1,3,0,0
9130,27,South,8,1,111.55,43.12,7,69,3,6,0,1
9131,50,West,22,1,84.44,22.74,8,83,3,2,0,0
9132,55,West,43,0,64.47,21.16,2,68,0,2,0,0
9133,73,West,7,1,103.88,40.01,8,16,4,2,0,0
9134,61,East,71,1,122.98,34.31,8,1,0,1,0,0
9135,30,East,33,1,109.62,37.93,6,39,0,0,0,0
9136,20,South,13,1,76.79,33.96,5,11,2,2,0,0
9137,54,East,2,0,65.07,21.51,4,74,0,2,0,0
9138,49,West,68,0,78.2,23.07,2,89,1,2,0,0
9139,70,North,43,0,81.42,16.03,4,36,0,3,0,0
9140,50,West,62,1,105.78,29.21,6,66,0,0,0,0
9141,46,South,56,1,143.15,34.46,7,27,0,1,1,0
9142,35,North,70,1,123.23,34.61,3,30,0,2,0,0
9143,22,East,64,0,59.72,29.54,7,102,0,2,0,1
9144,67,West,55,0,87.48,22.72,5,73,0,6,0,1
9145,65,East,61,1,116.02,48.41,4,53,2,1,0,0
9146,27,West,61,1,103.39,44.84,4,23,0,3,0,0
9147,58,South,19,0,52.96,20.98,5,18,1,3,0,1
9148,38,West,43,0,91.41,26.58,1,29,0,1,0,0
9149,42,East,71,1,101.08,44.7,12,41,0,2,0,0
9150,66,West,62,0,99.63,19.87,3,60,1,4,0,0
9151,65,North,8,1,68.31,29.02,6,10,0,3,1,0
9152,28,South,8,0,55.99,35.39,2,59,1,2,1,0
9153,35,West,15,0,81.84,30.53,1,49,0,2,0,0
9154,64,North,53,0,93.84,33.59,2,87,2,6,0,0
9155,70,South,28,1,94.47,37.52,8,8,2,0,0,0
9156,22,West,45,0,82.05,22.96,6,25,2,5,0,0
9157,65,East,10,0,66.36,14.26,5,97,4,2,2,1
9158,45,West,5,0,50.63,26.09,4,92,1,3,0,1
9159,51,East,55,0,64.75,34.86,4,58,1,0,0,0
9160,22,West,21,1,99.04,44.95,8,76,0,3,0,0
9161,56,South,4,1,104.95,43.57,11,50,1,4,0,0
9162,56,East,16,1,97.06,41.3,2,19,0,2,0,0
9163,55,West,23,1,95.31,52.69,9,63,1,3,0,1
9164,63,East,29,0,56.37,12.59,2,37,3,2,0,0
9165,71,North,64,1,125.16,36.85,8,23,0,2,0,0
9166,66,South,15,1,94.72,27.51,6,39,0,0,0,0
9167,60,East,43,0,92.9,37.42,5,25,0,3,0,0
9168,73,East,20,1,105.51,30.58,5,35,2,3,0,0
9169,56,East,36,0,101.79,33.07,0,34,0,3,0,0
9170,56,East,22,1,74.28,31.41,6,51,3,3,0,0
9171,48,West,25,0,53.17,28.36,5,79,4,3,0,1
9172,61,North,43,1,103.72,34.13,7,4,1,3,0,0
9173,22,East,42,0,67.16,24.89,4,25,2,2,0,0
9174,46,East,10,0,48.56,27.67,4,91,0,3,0,1
9175,42,North,12,1,104.3,42.36,4,84,0,1,0,1
9176,70,South,18,0,53.86,24.13,5,71,0,5,0,0
9177,22,East,64,1,111.83,42.13,6,41,1,4,0,0
9178,54,West,23,0,47.03,33.3,4,86,0,3,1,1
9179,28,South,42,1,101.95,31.66,7,10,0,0,0,0
9180,68,North,32,0,93.74,40.08,2,45,2,1,0,0
9181,66,South,26,0,91.2,30.96,4,41,2,2,1,1
9182,31,West,3,0,77.17,21.55,1,93,1,1,0,1
9183,67,East,32,0,74.82,29.91,5,74,2,3,0,0
9184,46,South,71,0,112.17,33.31,3,66,1,6,0,0
9185,73,West,67,1,119.95,39.72,12,30,1,2,0,0
9186,59,North,22,1,84.42,36.61,6,41,2,1,0,1
9187,19,South,38,1,104.73,7.39,7,62,1,1,1,1
9188,29,South,21,1,103.79,27.26,6,58,1,2,0,0
9189,41,East,66,1,93.08,40.43,7,70,1,2,0,0
9190,30,West,40,1,84.09,27.1,8,27,0,2,1,0
9191,25,North,66,1,110.85,39.11,8,40,2,4,0,0
9192,73,West,61,1,92.17,42.08,4,46,0,0,0,0
9193,67,East,24,1,73.46,34.1,5,7,0,2,0,0
9194,42,West,33,1,90.19,20.88,10,46,0,5,0,0
9195,30,West,41,1,115.38,29.11,3,38,2,2,0,0
9196,28,East,18,1,103.6,40.48,5,78,2,1,0,0
9197,70,North,60,1,114.82,45.06,6,39,0,0,0,0
9198,36,South,41,0,83.2,8.35,8,77,1,1,1,0
9199,18,West,15,0,98.81,25.65,8,95,2,0,1,0
9200,40,East,35,0,69.41,13.26,2,40,3,3,0,0
9201,43,South,59,0,93.12,25.72,6,2,0,1,0,0
9202,53,West,31,0,66.67,23.74,3,47,4,1,0,1
9203,37,West,51,1,86.19,53.88,5,72,1,3,0,0
9204,70,East,70,0,112.77,20.69,5,61,1,4,0,0
9205,54,West,24,1,87.42,43.39,8,70,1,1,1,0
9206,74,North,71,1,125.92,43.07,4,52,0,0,0,0
9207,38,East,30,0,71.31,23.44,2,15,0,0,0,0
9208,55,West,40,0,98.7,25.95,1,111,0,1,0,0
9209,38,North,55,1,92.54,35.0,9,42,0,0,0,0
9210,57,North,5,0,79.96,19.05,5,36,4,4,1,1
9211,60,West,50,1,118.41,28.36,8,41,1,3,1,0
9212,36,South,41,0,53.58,21.72,5,94,1,0,0,0
9213,71,North,47,1,95.75,25.89,9,64,0,0,0,0
9214,66,North,68,1,129.31,31.0,4,34,0,0,0,0
9215,68,South,35,1,122.06,33.44,6,64,1,1,0,0
9216,30,South,66,0,103.73,26.29,4,29,0,4,0,0
9217,58,West,41,1,94.55,38.55,4,64,0,1,0,0
9218,24,East,16,0,53.47,23.43,6,56,0,2,0,0
9219,24,East,47,1,112.0,28.85,8,24,0,0,0,0
9220,73,North,14,0,60.61,28.4,2,56,0,2,0,1
9221,26,South,64,1,106.25,41.33,9,71,1,0,1,1
9222,67,South,11,0,62.14,21.11,8,44,0,2,0,0
9223,42,West,36,0,91.23,17.14,3,90,1,5,0,1
9224,35,West,59,1,136.6,31.43,4,11,1,1,1,0
9225,22,South,1,0,75.9,23.55,5,64,2,6,1,0
9226,56,West,35,0,77.64,34.16,4,91,0,3,0,0
9227,59,North,36,1,84.51,40.55,8,51,0,2,0,0
9228,44,South,25,0,82.51,24.97,3,63,1,2,1,0
9229,64,East,48,1,128.98,50.21,3,74,1,3,0,0
9230,36,South,24,1,107.05,34.72,6,27,0,0,0,0
9231,49,West,27,1,96.62,46.31,5,35,0,0,0,0
9232,34,North,20,0,62.66,34.77,4,44,1,2,0,0
9233,51,West,45,0,87.68,34.21,8,19,0,1,0,0
9234,25,North,63,1,128.82,37.57,11,42,0,4,0,0
9235,45,North,13,1,89.98,35.93,8,36,2,1,0,0
9236,49,South,30,1,93.45,35.04,11,59,0,2,0,0
9237,49,West,17,0,58.19,31.8,2,53,0,7,0,1
9238,43,East,18,0,107.84,18.69,5,63,0,3,0,0
9239,54,East,69,1,101.14,32.9,3,26,0,1,0,0
9240,47,North,51,0,70.75,38.34,3,12,1,3,0,0
9241,34,North,68,0,96.46,29.99,0,89,1,2,0,1
9242,30,North,46,0,79.97,32.63,5,45,0,0,0,1
9243,54,West,48,1,119.35,25.23,6,58,2,4,0,0
9244,71,North,51,0,101.36,21.54,1,59,0,1,0,0
9245,60,South,47,0,65.29,27.67,1,86,2,2,0,1
9246,54,East,59,0,78.17,24.67,1,16,0,2,0,0
9247,70,East,24,1,78.87,25.2,2,85,1,3,0,1
9248,69,South,8,1,95.77,41.08,6,77,0,2,0,0
9249,46,North,35,1,103.93,43.62,16,4,0,1,1,0
9250,24,South,1,0,54.93,22.72,3,55,4,8,0,1
9251,54,East,4,0,65.25,31.37,4,73,2,1,0,0
9252,53,North,4,0,45.11,41.23,2,57,0,1,0,1
9253,33,East,6,1,71.86,47.2,7,65,1,1,0,0
9254,66,North,51,1,86.0,33.08,8,66,0,1,0,0
9255,67,West,43,0,83.68,16.17,5,65,0,1,0,0
9256,36,West,67,0,95.63,26.84,4,42,0,3,0,0
9257,45,North,21,0,55.73,43.78,6,3,2,2,0,0
9258,29,South,24,1,98.32,45.7,5,81,4,0,0,0
9259,28,South,35,1,113.36,34.95,4,80,6,2,0,1
9260,33,West,56,0,72.54,37.5,6,85,1,3,0,1
9261,38,East,67,0,88.61,34.35,4,71,0,0,0,0
9262,33,East,52,1,113.7,19.8,5,72,0,1,1,0
9263,26,North,37,1,98.4,43.49,4,10,2,0,1,0
9264,43,North,70,1,94.42,35.95,9,45,0,3,0,0
9265,53,East,13,1,79.89,28.07,7,18,3,1,1,0
9266,36,East,34,1,89.89,35.73,8,34,0,1,0,0
9267,48,West,18,1,86.44,38.31,10,56,1,1,0,0
9268,33,West,12,1,84.08,28.65,6,11,2,0,0,0
9269,58,East,29,1,117.99,34.04,9,6,1,2,0,0
9270,54,South,55,0,84.37,22.35,5,27,3,2,0,0
9271,72,West,23,0,45.73,31.36,5,83,2,1,0,0
9272,21,West,59,0,90.87,22.59,5,22,2,0,0,0
9273,66,West,44,0,108.22,11.4,4,48,0,3,0,1
9274,37,West,51,0,82.99,21.42,3,60,1,1,0,0
9275,21,South,18,1,82.43,27.43,9,1,1,0,0,0
9276,57,East,62,0,86.42,14.65,2,88,1,4,0,0
9277,27,East,15,1,96.26,44.44,6,40,1,2,0,0
9278,28,North,27,1,88.86,41.43,8,82,1,1,0,1
9279,73,East,56,0,65.27,17.26,7,47,0,2,0,1
9280,30,South,50,0,74.92,14.84,2,95,2,1,0,1
9281,49,South,22,1,90.03,34.18,5,80,0,2,0,0
9282,29,North,19,0,77.53,14.41,7,61,4,5,0,1
9283,25,East,31,0,66.76,23.06,4,33,1,1,0,1
9284,18,East,32,1,91.56,35.56,10,22,1,1,0,0
9285,18,South,5,0,63.17,27.44,2,88,3,1,0,1
9286,45,North,18,0,57.34,27.72,0,66,1,2,0,0
9287,42,East,11,1,84.12,28.75,8,66,1,1,0,1
9288,20,North,11,1,92.51,35.56,2,85,1,1,0,0
9289,37,South,26,1,75.2,45.24,10,17,1,3,0,0
9290,33,South,3,0,66.1,8.22,5,80,0,5,1,1
9291,50,West,49,1,88.15,37.61,4,12,0,1,0,0
9292,74,South,48,1,87.95,25.57,7,65,0,2,0,0
9293,57,East,16,0,58.06,36.23,4,68,3,2,0,0
9294,70,West,63,0,111.98,31.54,5,4,3,1,0,0
9295,28,South,43,1,75.77,41.28,3,40,0,3,0,0
9296,30,West,23,1,84.54,28.17,5,3,1,0,0,0
9297,60,North,14,0,66.6,27.11,4,85,0,6,1,1
9298,35,South,31,1,113.01,38.0,4,77,1,3,0,0
9299,66,North,69,0,123.72,6.03,3,88,0,2,1,0
9300,44,East,1,1,74.17,36.17,5,50,2,1,0,0
9301,29,West,2,1,89.09,39.91,12,89,2,2,0,1
9302,66,East,30,1,93.58,23.69,3,15,3,0,0,0
9303,49,East,66,0,91.49,29.82,2,41,0,1,0,0
9304,63,North,20,1,94.1,35.8,6,29,1,2,0,0
9305,43,West,54,0,63.22,36.05,5,22,0,1,0,0
9306,25,South,41,0,79.78,21.7,3,90,0,2,1,0
9307,56,North,15,0,74.26,26.42,6,19,2,2,0,0
9308,25,West,65,0,79.6,27.73,2,5,1,3,0,0
9309,55,South,12,1,92.86,12.54,6,66,2,2,0,1
9310,41,South,36,1,72.07,32.16,1,33,2,2,1,0
9311,63,North,48,0,85.4,25.69,5,82,0,3,0,1
9312,67,North,48,1,124.13,16.15,8,14,2,1,0,0
9313,41,West,61,0,87.22,30.39,5,86,0,2,0,0
9314,68,South,51,1,90.83,35.69,7,1,1,0,0,0
9315,24,West,47,0,62.12,25.64,4,84,3,2,1,0
9316,24,North,11,1,91.36,40.77,2,31,0,4,0,0
9317,74,East,22,0,84.92,21.71,3,35,1,7,0,0
9318,50,East,25,0,71.66,25.35,3,34,0,4,0,0
9319,43,East,27,1,86.54,41.92,12,0,0,1,0,0
9320,26,South,9,0,35.54,25.44,5,34,4,3,0,1
9321,34,East,7,1,85.36,20.25,4,2,2,2,0,0
9322,57,East,32,0,65.66,25.41,3,15,1,1,0,0
9323,64,West,52,0,76.52,25.51,5,53,2,5,0,0
9324,70,South,63,1,135.75,42.2,8,39,0,2,0,0
9325,41,South,67,1,86.48,32.25,10,64,0,2,1,0
9326,43,East,35,0,52.48,17.18,1,28,1,3,0,0
9327,27,South,64,1,115.47,27.2,6,43,0,0,0,0
9328,22,North,33,0,70.72,36.54,4,54,1,4,0,0
9329,42,West,34,0,69.22,27.31,0,31,1,5,0,0
9330,51,North,15,1,91.59,46.13,7,75,1,1,1,0
9331,23,North,45,1,106.34,47.29,8,4,1,1,0,0
9332,41,East,23,0,56.9,19.05,2,34,2,2,1,0
9333,54,North,35,1,88.62,28.44,8,59,1,2,0,0
9334,64,North,67,0,94.24,23.98,1,42,0,6,1,0
9335,71,North,39,0,82.01,29.92,3,70,0,3,0,0
9336,37,North,22,0,78.25,13.79,7,66,1,4,0,0
9337,40,South,48,0,75.25,28.64,9,69,1,4,0,1
9338,67,West,52,1,111.21,38.23,11,41,1,1,0,0
9339,57,South,44,0,96.26,16.0,4,61,1,4,0,0
9340,33,South,3,0,62.2,16.28,8,47,2,4,0,0
9341,57,East,17,1,86.96,38.56,6,22,0,2,1,0
9342,26,South,10,1,81.47,51.58,12,83,0,0,0,0
9343,43,South,68,0,84.74,22.64,3,91,1,1,0,1
9344,35,South,23,1,77.43,37.64,4,36,0,2,0,0
9345,74,South,34,1,92.53,30.16,4,39,0,1,0,1
9346,19,South,65,1,119.26,36.89,5,26,1,1,0,0
9347,66,North,71,1,102.16,30.0,9,43,1,0,0,0
9348,34,West,16,1,86.87,32.93,11,1,0,1,0,0
9349,20,West,62,1,108.13,54.59,4,15,0,1,1,0
9350,55,West,52,0,112.67,25.86,4,74,1,3,0,0
9351,56,North,44,1,112.84,22.49,6,22,0,2,0,0
9352,26,East,12,0,76.6,30.14,8,34,2,1,0,0
9353,20,East,50,1,118.8,44.03,7,40,0,0,0,0
9354,24,North,44,0,73.81,30.4,3,47,2,3,0,0
9355,41,West,32,0,96.65,23.59,5,43,1,0,1,0
9356,25,East,42,1,103.39,27.66,6,26,1,0,0,0
9357,58,North,15,0,66.83,17.86,4,15,2,2,0,0
9358,22,West,45,0,64.28,23.48,5,23,2,0,0,0
9359,62,North,11,1,79.48,32.07,2,56,0,2,0,0
9360,67,South,21,1,64.01,30.53,6,36,2,1,0,1
9361,58,North,36,0,74.28,34.72,6,91,0,1,0,0
9362,71,North,12,1,77.36,42.37,7,66,0,2,0,0
9363,71,West,65,0,86.52,35.14,3,20,0,0,0,0
9364,20,East,63,1,90.71,28.69,3,22,1,2,0,0
9365,37,North,34,1,107.55,27.63,8,38,1,2,0,0
9366,61,East,41,0,89.39,25.62,4,64,0,2,0,0
9367,37,West,21,1,115.85,38.32,8,64,0,1,0,0
9368,60,West,16,1,112.92,35.57,6,18,1,3,0,0
9369,62,West,69,0,96.84,27.77,5,91,0,3,2,0
9370,74,West,30,0,90.35,37.68,3,48,1,3,0,0
9371,36,East,68,1,117.92,33.25,3,79,0,2,0,0
9372,37,South,5,1,76.09,41.46,10,89,0,1,0,0
9373,19,West,8,0,59.83,29.14,6,16,1,3,0,1
9374,34,North,34,1,106.58,35.76,4,41,2,0,1,0
9375,33,North,56,0,149.32,31.09,6,49,1,1,0,0
9376,43,South,31,0,93.0,18.86,5,74,1,3,0,0
9377,42,South,60,1,113.7,27.25,11,50,3,3,0,0
9378,66,East,10,1,92.26,38.46,5,14,4,1,0,0
9379,62,West,61,1,117.62,21.9,7,39,0,0,0,0
9380,59,South,32,1,94.65,39.09,11,49,0,1,1,0
9381,18,East,21,0,81.85,15.97,9,84,1,1,0,1
9382,44,South,46,1,100.67,47.14,8,52,0,2,0,0
9383,59,East,56,1,92.83,31.83,6,80,2,1,0,0
9384,31,North,66,0,100.22,36.63,4,82,0,3,0,0
9385,42,North,7,1,92.73,33.31,7,12,3,3,0,0
9386,59,East,50,0,82.81,22.97,3,81,1,1,0,0
9387,63,South,23,0,76.15,31.93,0,87,1,1,0,1
9388,66,South,36,0,92.41,27.34,2,42,1,6,0,1
9389,42,South,33,0,75.72,24.47,2,30,2,1,1,0
9390,40,North,55,1,100.79,31.77,5,56,1,1,0,1
9391,39,East,29,1,83.86,31.84,10,74,2,3,0,0
9392,56,South,20,0,66.19,43.86,5,75,2,1,0,0
9393,41,South,35,1,120.52,21.6,7,63,0,1,0,0
9394,40,West,48,1,101.02,25.38,4,61,0,1,0,0
9395,27,East,61,0,95.89,34.42,3,84,0,1,0,0
9396,45,North,1,1,75.63,43.81,6,19,1,0,0,0
9397,31,East,41,1,94.35,27.62,12,65,1,2,0,0
9398,47,North,6,0,49.81,10.98,5,78,0,2,0,1
9399,68,North,45,0,84.0,35.18,3,54,0,0,0,0
9400,62,East,45,1,94.74,26.63,10,59,3,2,0,0
9401,45,North,61,0,109.6,21.07,4,70,3,2,0,0
9402,73,South,14,0,65.39,25.77,1,14,4,1,1,1
9403,73,West,57,0,87.83,16.42,0,16,1,0,1,0
9404,43,East,49,0,81.8,32.4,2,73,1,3,0,0
9405,61,West,48,1,109.57,35.17,9,39,0,4,0,0
9406,37,West,46,0,105.36,17.94,7,10,0,0,2,0
9407,68,South,40,0,64.4,18.65,3,62,1,1,0,0
9408,39,East,5,1,86.67,45.38,7,3,2,1,0,0
9409,32,South,58,1,85.47,32.77,7,8,1,3,0,0
9410,25,East,28,1,112.35,39.92,7,10,2,0,0,0
9411,66,South,8,1,82.38,34.92,6,13,1,3,0,0
9412,34,North,44,0,59.58,10.96,4,78,1,2,0,0
9413,64,North,68,1,94.86,40.97,7,0,2,1,0,0
9414,22,East,51,0,97.71,33.59,5,51,1,2,1,0
9415,46,North,18,0,44.03,39.74,7,3,2,2,0,0
9416,42,East,58,0,93.17,9.8,3,60,1,2,0,0
9417,43,West,61,1,104.07,9.73,11,47,0,2,0,0
9418,27,East,24,1,89.08,40.11,5,89,1,2,0,0
9419,22,South,38,0,68.89,20.21,4,28,2,3,1,0
9420,37,North,60,0,75.71,13.56,4,93,2,1,0,1
9421,44,West,12,1,78.69,35.86,6,55,0,2,0,0
9422,63,East,26,1,101.58,31.41,7,72,0,4,0,0
9423,44,South,33,1,92.11,24.79,6,60,2,1,0,0
9424,32,West,1,1,86.82,34.34,5,26,0,2,0,0
9425,32,North,12,0,62.37,29.53,5,94,4,2,0,1
9426,52,South,44,0,91.17,26.4,2,80,0,0,1,0
9427,42,North,19,1,95.72,36.46,11,68,2,1,0,0
9428,69,North,18,1,80.89,38.55,7,33,2,2,0,1
9429,43,South,22,0,56.69,11.47,2,81,1,1,0,1
9430,50,East,9,1,98.83,34.59,9,16,1,2,0,0
9431,21,South,46,0,70.8,26.92,3,88,1,3,1,0
9432,29,East,19,1,97.01,31.98,8,65,2,3,0,0
9433,66,West,47,1,103.97,28.36,5,48,1,2,0,0
9434,37,West,59,1,102.55,29.03,7,75,0,0,1,1
9435,41,North,34,0,83.44,22.65,9,59,1,6,0,1
9436,51,East,65,0,113.02,32.32,3,69,0,2,0,0
9437,21,North,14,1,96.38,47.22,8,86,1,1,0,1
9438,46,East,69,1,116.44,45.59,8,33,1,3,0,0
9439,37,South,23,0,95.82,12.51,5,10,3,4,0,0
9440,26,East,22,0,45.89,17.49,3,70,1,2,0,0
9441,41,North,70,1,98.32,40.26,7,58,2,3,0,0
9442,43,East,33,1,89.53,45.41,5,13,1,1,0,0
9443,28,North,54,1,128.29,27.27,9,65,0,1,1,0
9444,48,North,57,0,102.64,26.47,3,69,1,1,0,0
9445,60,East,32,0,50.26,15.95,6,102,2,4,1,1
9446,33,South,23,0,64.95,27.21,2,28,2,2,0,0
9447,73,East,35,0,57.64,19.85,2,38,1,2,0,0
9448,52,East,28,0,73.39,26.46,0,5,1,4,0,0
9449,62,East,30,0,88.53,15.31,3,61,0,2,1,0
9450,21,East,17,0,83.13,11.93,5,23,3,1,0,0
9451,61,West,65,1,116.52,59.79,8,58,1,1,0,0
9452,37,West,41,0,74.12,25.55,4,104,0,3,0,0
9453,58,North,57,1,107.07,52.08,6,30,0,2,0,0
9454,63,East,47,0,93.75,37.07,4,24,0,3,0,0
9455,32,East,26,1,128.21,21.92,7,14,1,1,1,0
9456,32,North,23,1,73.72,37.89,5,36,0,2,0,0
9457,21,North,70,1,138.83,24.64,11,5,0,4,0,0
9458,52,North,2,1,84.66,32.63,4,68,0,2,0,0
9459,62,East,21,0,82.8,9.92,1,37,2,1,0,0
9460,41,South,53,0,89.28,12.41,5,70,0,1,0,0
9461,27,East,39,0,100.56,18.16,2,96,4,1,0,0
9462,36,East,44,1,106.95,30.63,8,8,0,1,0,0
9463,40,East,2,0,51.27,25.31,6,51,4,3,0,0
9464,70,North,16,1,94.75,26.71,8,9,3,1,0,0
9465,25,East,43,1,118.4,36.19,6,34,0,1,0,0
9466,37,East,23,0,71.5,34.09,3,40,0,2,0,0
9467,54,North,34,1,65.89,37.19,7,86,1,2,0,1
9468,31,North,68,1,112.28,34.46,5,18,1,1,0,0
9469,68,South,46,1,104.47,37.73,7,61,0,3,1,0
9470,69,West,45,0,81.83,13.52,3,86,1,1,1,1
9471,39,South,14,0,59.57,32.62,3,53,1,2,0,0
9472,60,North,43,1,121.35,25.42,7,50,0,3,0,0
9473,61,North,69,0,58.91,37.41,4,74,1,1,1,1
9474,56,North,46,1,104.41,41.17,5,28,0,1,0,0
9475,28,South,56,1,109.62,39.45,6,47,0,2,0,0
9476,20,West,68,0,125.42,29.8,5,55,1,3,0,0
9477,37,South,64,0,91.78,24.98,2,91,1,2,0,1
9478,25,West,25,1,99.18,28.71,7,55,0,4,0,0
9479,34,North,21,1,92.38,27.47,7,40,0,0,0,0
9480,54,South,20,0,71.42,39.01,3,101,2,4,0,1
9481,51,West,55,1,133.94,35.83,2,47,0,0,0,0
9482,29,East,27,1,76.83,26.08,5,40,1,5,1,0
9483,19,West,59,1,99.49,39.13,8,23,2,1,0,0
9484,30,North,57,0,99.81,27.74,4,80,0,2,0,0
9485,43,South,48,1,107.85,32.37,9,24,1,2,0,0
9486,62,East,9,1,80.25,27.82,6,76,1,5,0,0
9487,38,North,51,0,84.44,30.88,3,61,1,5,0,0
9488,34,West,15,1,101.21,42.57,10,31,1,1,0,0
9489,49,South,40,0,87.28,27.58,1,11,3,2,0,0
9490,22,North,17,0,57.81,25.57,4,54,2,2,0,1
9491,30,East,5,0,66.07,18.74,3,69,1,5,0,1
9492,20,East,46,1,102.25,38.84,8,65,2,2,0,0
9493,47,West,33,1,103.56,29.92,7,46,1,1,0,0
9494,43,West,46,0,78.18,14.82,1,88,0,2,0,1
9495,51,North,35,1,79.38,44.0,6,48,1,0,1,0
9496,53,East,27,1,103.59,26.76,8,31,1,2,0,0
9497,40,West,2,1,89.23,19.82,4,1,2,1,0,0
9498,67,North,20,1,111.23,45.47,10,71,1,0,0,0
9499,70,South,63,1,91.76,21.04,5,4,0,1,0,0
9500,24,West,54,0,85.94,21.88,3,78,0,1,1,0
9501,70,North,33,0,73.04,16.24,5,54,1,2,0,0
9502,29,West,3,0,55.56,19.21,2,15,1,3,0,1
9503,32,South,70,1,91.88,52.79,11,42,0,2,1,0
9504,48,West,53,0,70.51,24.19,8,76,0,1,0,0
9505,19,East,2,0,65.06,27.88,4,57,4,6,0,1
9506,38,East,15,1,80.0,41.32,8,87,1,1,0,1
9507,29,East,13,0,54.1,19.83,3,14,0,5,1,1
9508,45,North,65,1,133.96,43.6,5,27,0,1,0,1
9509,64,East,68,0,129.61,28.01,7,70,0,5,0,0
9510,70,West,30,0,74.15,31.03,3,44,1,3,1,0
9511,30,West,13,1,63.97,29.2,7,83,1,4,0,1
9512,49,West,46,0,88.95,28.55,3,50,0,3,0,0
9513,45,East,20,0,38.72,24.93,3,4,2,0,1,0
9514,41,East,9,1,64.25,44.04,6,63,0,3,0,0
9515,54,East,19,0,75.7,20.68,10,88,0,2,1,0
9516,74,East,19,0,48.74,41.26,6,8,1,1,1,0
9517,41,East,4,1,77.56,37.71,9,66,0,1,0,0
9518,21,North,50,0,62.75,24.0,5,105,0,1,0,0
9519,70,North,26,0,73.84,23.06,3,69,0,2,1,0
9520,71,East,40,1,116.85,34.95,5,50,3,0,0,0
9521,36,South,40,0,70.81,19.97,1,55,0,5,0,0
9522,46,South,55,0,87.21,30.33,3,48,0,4,2,0
9523,67,North,55,1,95.26,34.9,9,85,0,1,0,0
9524,46,West,41,1,89.31,50.55,7,22,0,0,0,0
9525,45,West,60,1,97.53,31.53,5,53,1,1,0,0
9526,70,East,41,0,92.29,24.03,3,72,0,2,0,0
9527,65,West,2,1,59.8,31.53,13,6,3,1,0,0
9528,46,West,61,1,105.52,49.95,6,31,2,1,0,0
9529,27,North,55,1,113.65,23.43,7,81,0,3,0,0
9530,42,North,31,0,89.15,25.75,3,80,2,1,0,0
9531,56,North,28,0,80.61,27.5,0,79,3,5,0,0
9532,33,North,64,0,90.91,15.98,7,87,1,5,0,0
9533,48,East,31,0,66.97,46.15,4,68,2,4,0,0
9534,55,South,27,0,87.38,17.56,2,54,1,1,0,0
9535,22,West,53,0,73.49,25.27,6,50,1,1,0,0
9536,50,East,24,1,79.22,48.47,5,88,2,2,0,0
9537,60,South,29,0,94.79,22.0,2,51,0,4,0,1
9538,30,West,56,1,113.4,36.15,6,83,1,3,0,0
9539,49,West,16,1,93.93,32.24,7,3,3,0,0,0
9540,58,East,1,0,69.48,24.57,3,51,3,4,0,0
9541,20,West,24,0,70.58,33.65,6,29,1,4,0,0
9542,54,West,13,1,64.93,31.63,9,14,1,0,0,0
9543,32,East,26,0,76.77,3.76,3,34,2,1,0,0
9544,40,West,6,0,62.73,24.74,4,58,1,3,1,0
9545,54,North,42,0,68.11,25.5,6,58,1,1,0,0
9546,18,East,37,0,62.16,26.56,3,78,0,3,1,0
9547,18,South,20,1,89.3,33.53,6,89,1,1,0,0
9548,43,North,45,0,62.13,18.1,5,54,2,4,1,0
9549,72,North,11,0,63.35,23.04,2,92,0,5,0,1
9550,18,North,1,1,76.54,49.12,8,47,1,3,1,0
9551,62,South,34,1,95.21,34.66,3,85,1,2,0,0
9552,22,North,12,0,72.04,30.22,3,53,4,0,0,0
9553,45,South,61,0,99.83,16.73,3,33,1,1,0,0
9554,42,West,22,0,60.33,22.67,4,70,4,3,0,0
9555,44,East,31,0,88.55,17.0,3,39,0,2,1,1
9556,22,East,21,1,87.21,45.35,6,72,1,0,0,0
9557,60,North,31,0,101.8,12.55,3,41,1,2,0,0
9558,33,West,7,1,74.72,37.98,7,5,3,3,0,0
9559,61,North,67,0,69.33,27.73,3,88,0,2,0,1
9560,55,South,13,0,79.0,27.21,4,69,1,2,0,0
9561,49,South,29,0,80.88,6.24,8,26,2,1,1,0
9562,35,West,61,1,128.52,18.82,4,9,0,1,0,0
9563,55,West,31,1,100.14,35.94,10,55,0,2,0,0
9564,74,West,50,0,120.1,17.62,0,63,0,2,1,0
9565,70,East,5,1,79.67,29.86,4,45,7,2,1,1
9566,70,South,22,0,86.69,21.6,2,42,0,3,0,0
9567,30,East,54,1,99.12,26.58,5,49,2,1,0,0
9568,51,North,19,0,76.88,15.2,1,88,2,1,1,0
9569,40,North,30,0,85.17,25.0,9,6,4,1,0,0
9570,73,West,6,1,95.49,19.75,1,81,2,3,0,1
9571,72,West,36,0,89.64,20.95,1,50,2,0,0,1
9572,67,South,25,1,43.95,29.66,5,30,1,3,0,0
9573,27,North,62,0,89.97,24.81,3,53,0,3,1,0
9574,36,North,29,0,65.87,44.1,2,44,1,2,0,0
9575,58,South,59,0,83.83,17.14,2,62,1,4,0,0
9576,60,North,65,0,88.25,28.25,3,52,0,2,0,0
9577,37,East,60,0,104.66,26.77,6,88,1,2,0,0
9578,25,North,53,0,89.54,29.48,5,20,0,1,1,0
9579,25,North,42,0,73.39,23.29,3,89,3,3,1,1
9580,57,North,35,1,75.48,46.53,9,21,2,1,1,0
9581,43,East,6,1,106.0,40.48,8,12,3,4,0,0
9582,45,South,10,1,75.29,40.61,8,81,2,1,0,0
9583,64,South,27,1,91.54,23.69,8,89,2,1,0,0
9584,18,East,47,1,135.58,35.77,9,50,0,5,0,0
9585,61,West,1,0,51.2,20.92,1,109,2,4,0,0
9586,33,South,67,1,109.36,28.11,9,72,0,0,0,0
9587,71,East,71,0,98.98,19.99,4,77,0,3,1,0
9588,72,South,6,1,58.91,34.55,10,9,0,2,0,0
9589,46,East,7,0,37.67,28.65,4,42,3,1,0,0
9590,36,South,61,1,103.28,42.85,9,66,1,2,1,0
9591,31,West,15,0,60.79,32.48,6,94,0,1,0,1
9592,28,West,13,1,88.51,37.34,5,35,0,2,0,0
9593,74,East,14,0,52.33,25.44,3,55,2,4,0,1
9594,28,West,50,0,91.51,22.4,3,64,0,6,0,0
9595,43,North,10,0,32.65,23.02,0,66,2,4,0,1
9596,45,East,14,1,85.95,28.76,5,75,1,1,0,0
9597,56,North,29,0,79.9,21.57,5,28,1,2,0,0
9598,66,North,43,0,86.43,27.83,6,33,1,2,0,0
9599,49,South,71,1,113.06,47.32,5,52,0,0,1,0
9600,61,East,17,0,58.59,23.8,4,52,2,6,0,1
9601,50,East,19,1,86.62,28.54,10,17,2,1,0,0
9602,42,West,39,0,98.01,32.75,5,89,0,3,0,1
9603,26,East,30,0,66.01,8.98,5,28,0,2,0,0
9604,29,West,43,0,96.17,33.35,5,12,0,1,0,0
9605,42,West,18,0,86.06,13.54,5,19,1,1,0,0
9606,20,West,44,1,75.96,40.26,9,59,0,2,0,0
9607,36,North,66,1,111.08,31.19,9,46,0,2,0,0
9608,44,South,49,0,69.83,27.57,7,107,1,2,0,0
9609,44,East,53,0,63.97,41.67,4,76,1,2,2,0
9610,64,West,5,0,74.38,18.3,5,41,0,2,0,1
9611,73,North,65,1,119.6,27.0,8,15,1,1,0,0
9612,59,South,50,1,108.95,35.63,5,3,1,1,0,0
9613,22,South,45,0,66.22,37.2,2,45,1,2,1,0
9614,41,South,11,1,88.66,36.43,7,86,1,0,0,1
9615,59,West,40,0,60.34,25.36,2,50,0,2,1,1
9616,51,North,49,0,85.66,26.35,5,19,2,1,0,0
9617,44,South,45,1,92.58,26.96,3,12,4,1,0,0
9618,42,East,9,0,80.26,26.43,3,83,1,0,0,0
9619,41,South,3,0,56.05,21.86,5,101,1,4,0,0
9620,51,North,35,0,80.97,35.58,4,87,0,1,0,0
9621,28,East,51,1,109.0,41.38,7,3,0,2,1,0
9622,47,South,28,1,92.86,24.41,8,75,0,2,0,0
9623,29,West,49,1,106.08,32.73,5,51,1,1,0,0
9624,56,East,69,0,99.06,29.22,1,65,1,2,1,0
9625,67,West,64,0,78.55,17.15,3,93,1,2,1,1
9626,46,North,45,1,108.54,26.37,4,31,1,2,0,0
9627,40,East,52,1,118.96,31.3,6,19,1,3,0,0
9628,71,East,7,0,69.46,27.76,3,26,0,0,1,0
9629,55,East,7,0,58.19,33.3,1,56,2,3,0,0
9630,42,South,50,1,107.62,36.86,7,61,0,3,0,0
9631,19,North,57,1,103.04,54.7,1,83,2,0,0,0
9632,18,North,14,0,65.22,19.59,5,62,1,5,1,1
9633,30,West,43,0,63.68,30.92,6,68,0,2,0,1
9634,31,West,21,0,91.2,16.13,2,23,0,2,0,0
9635,59,North,8,0,93.03,37.89,4,89,1,3,0,0
9636,46,East,27,0,62.94,35.88,3,51,2,6,0,1
9637,74,East,32,0,87.79,30.69,1,101,1,4,0,1
9638,48,East,56,0,109.87,11.11,2,81,1,1,1,0
9639,69,South,62,1,96.64,40.62,4,13,1,3,0,0
9640,49,West,68,1,81.62,28.45,6,89,0,4,0,0
9641,38,East,8,0,86.75,28.63,4,69,4,3,0,1
9642,58,East,66,1,112.85,23.36,7,84,0,1,0,0
9643,43,East,37,1,90.71,37.16,12,69,0,1,0,0
9644,33,East,13,0,67.21,22.17,4,98,2,2,0,1
9645,44,North,46,0,77.46,18.77,6,107,0,2,0,0
9646,55,West,5,1,126.89,39.74,8,12,2,2,0,0
9647,39,South,33,0,68.54,24.59,3,39,0,2,0,0
9648,58,West,59,0,94.41,23.36,5,90,0,1,1,0
9649,73,West,69,1,133.88,40.9,5,61,1,3,0,0
9650,41,East,21,1,109.81,50.23,9,48,2,0,0,0
9651,34,East,13,0,82.94,27.21,8,82,4,4,0,1
9652,40,North,42,0,74.61,10.55,3,48,0,4,0,0
9653,65,South,12,0,63.72,12.53,6,57,0,2,0,0
9654,28,East,70,0,62.38,25.55,4,24,0,2,0,0
9655,73,North,24,0,70.88,33.21,0,93,2,1,0,1
9656,41,North,14,0,67.49,26.08,2,38,1,3,1,1
9657,65,West,17,0,79.63,29.09,3,96,1,2,0,0
9658,62,South,27,0,100.43,24.53,1,39,4,3,0,0
9659,62,South,53,0,97.17,32.7,1,81,3,6,0,1
9660,69,North,62,1,127.06,39.93,4,10,2,3,0,0
9661,28,East,53,1,106.24,26.84,4,54,0,2,0,0
9662,51,South,47,0,102.76,28.58,4,40,1,1,0,0
9663,23,West,20,1,90.17,22.66,6,60,4,1,0,1
9664,35,South,67,0,110.61,28.58,4,95,4,3,2,1
9665,20,North,71,1,127.57,32.74,6,83,1,0,0,0
9666,56,South,45,1,108.39,36.29,10,89,0,2,0,0
9667,52,North,56,0,64.89,27.59,4,70,0,4,0,0
9668,60,West,22,0,87.4,27.25,4,100,2,1,0,0
9669,28,North,32,0,81.67,36.34,4,85,1,3,0,0
9670,36,North,58,0,99.54,25.27,8,70,0,4,1,0
9671,56,South,31,0,80.2,26.51,3,48,1,3,0,0
9672,65,North,54,1,114.29,45.64,4,58,3,3,0,0
9673,68,South,62,1,130.51,50.17,7,2,0,0,0,0
9674,22,South,67,0,86.39,24.86,6,99,1,0,0,0
9675,40,West,21,0,77.51,20.9,3,92,6,2,0,1
9676,18,North,34,1,85.34,31.3,7,51,0,2,0,0
9677,64,East,28,1,102.65,38.61,3,51,0,3,0,0
9678,25,East,36,1,101.77,33.37,7,0,0,1,0,0
9679,64,North,53,1,97.04,21.01,6,38,0,1,0,0
9680,26,East,23,0,72.9,33.98,3,57,1,2,1,1
9681,18,West,17,1,79.97,41.52,10,18,2,1,0,0
9682,68,West,20,0,64.33,34.17,3,16,1,2,0,1
9683,43,West,55,1,112.82,45.75,6,88,0,0,0,0
9684,42,East,71,0,99.53,26.52,6,99,1,1,0,0
9685,54,South,8,0,35.19,27.08,6,4,1,0,0,0
9686,33,West,70,1,120.56,43.05,2,74,1,0,0,0
9687,57,North,3,1,76.95,25.28,8,42,4,1,0,0
9688,42,East,38,1,92.79,32.18,2,46,1,3,0,0
9689,33,East,10,1,68.09,34.53,6,71,2,2,0,1
9690,40,West,68,1,113.32,42.38,8,16,1,1,0,0
9691,18,West,55,0,79.65,20.69,1,83,2,3,1,0
9692,35,North,26,0,92.1,19.3,4,64,0,3,0,0
9693,51,East,49,0,58.26,21.55,2,45,4,3,0,1
9694,25,North,61,1,96.04,38.76,4,74,2,0,0,0
9695,24,East,16,0,52.53,24.45,7,90,0,1,0,1
9696,55,East,46,0,86.88,13.39,4,76,1,2,0,0
9697,42,North,22,1,108.6,24.97,8,12,0,1,0,0
9698,25,West,51,1,113.05,36.09,9,21,0,0,0,0
9699,60,South,41,0,64.08,26.36,4,57,0,2,0,0
9700,62,East,51,0,79.06,25.22,2,37,0,1,0,0
9701,19,West,46,0,70.86,21.23,5,56,1,4,0,0
9702,29,East,46,1,110.62,41.3,5,68,1,1,0,0
9703,39,East,7,1,76.76,37.95,7,36,1,1,0,0
9704,59,North,61,0,69.31,27.68,1,74,1,2,0,0
9705,22,North,13,1,95.27,37.96,9,13,0,2,1,0
9706,63,North,28,0,92.95,37.78,3,35,1,1,1,0
9707,36,South,37,1,95.82,26.81,5,72,1,0,0,0
9708,25,South,61,0,92.31,21.63,3,71,0,1,0,0
9709,67,South,45,0,59.91,22.31,3,20,1,3,1,0
9710,22,East,14,1,56.11,45.06,10,39,1,0,0,0
9711,25,North,21,1,62.76,32.01,6,18,0,2,0,0
9712,72,East,15,1,86.83,28.66,10,74,0,1,0,0
9713,47,West,42,0,76.38,24.15,4,40,0,3,0,0
9714,44,North,51,1,113.69,35.84,3,34,5,1,0,0
9715,57,East,51,0,82.54,34.57,5,63,1,0,0,1
9716,53,North,54,0,101.82,21.96,3,91,0,1,0,0
9717,52,South,50,0,98.08,19.5,5,65,0,0,0,0
9718,19,East,65,1,107.66,27.72,7,67,1,0,0,0
9719,49,North,65,1,97.45,32.25,11,20,2,2,1,0
9720,33,South,20,0,41.26,45.51,2,82,0,2,0,0
9721,64,West,22,1,112.5,38.06,7,78,1,1,0,0
9722,46,North,4,1,67.86,39.79,11,57,2,1,0,0
9723,25,East,19,1,67.05,35.0,6,26,1,2,0,0
9724,68,East,37,0,80.45,26.1,6,92,1,1,0,0
9725,34,North,47,0,61.19,31.29,5,89,2,2,0,0
9726,33,East,63,1,113.43,39.5,8,78,3,2,0,0
9727,71,South,43,1,96.46,37.79,5,71,0,3,0,0
9728,62,North,69,1,128.36,35.13,6,0,2,1,0,0
9729,66,West,40,1,112.55,32.18,10,20,1,5,0,0
9730,55,South,61,0,107.05,28.39,8,102,2,3,0,1
9731,69,East,58,0,92.09,25.67,5,13,0,1,0,0
9732,24,North,35,1,84.62,52.06,10,31,1,1,0,0
9733,52,North,62,1,95.45,43.4,9,29,0,3,0,0
9734,34,East,62,0,83.04,19.61,7,79,0,1,1,0
9735,40,East,23,0,101.41,15.64,7,48,1,4,1,0
9736,31,North,16,0,64.26,21.81,4,72,1,2,0,1
9737,29,East,9,1,86.92,26.33,9,50,0,4,1,0
9738,43,South,66,0,115.78,21.33,2,70,0,3,0,0
9739,70,South,32,1,99.82,27.24,4,13,2,2,0,0
9740,54,West,41,0,69.27,22.38,2,32,2,0,0,0
9741,37,East,20,0,80.95,22.48,4,54,1,1,0,0
9742,42,South,28,0,67.57,26.18,4,52,3,0,0,0
9743,48,East,29,0,78.84,23.34,3,34,3,2,0,0
9744,31,East,42,1,108.68,27.78,5,31,1,3,0,0
9745,47,West,13,1,79.09,44.72,6,58,0,1,0,0
9746,57,West,56,1,110.8,38.22,11,60,1,0,0,1
9747,31,South,28,1,118.0,30.64,9,6,0,1,0,0
9748,51,South,18,0,59.6,17.91,4,98,1,3,0,1
9749,58,West,2,0,80.75,13.26,7,55,2,2,0,1
9750,47,West,8,1,75.14,22.68,6,40,1,0,1,0
9751,34,North,20,1,117.03,43.38,8,37,2,1,0,0
9752,49,North,53,1,93.67,42.53,9,76,0,1,0,0
9753,63,South,61,1,104.59,30.33,5,45,1,1,1,0
9754,30,West,68,0,116.62,35.93,5,19,0,3,0,0
9755,50,West,22,0,94.28,29.93,1,50,2,2,0,0
9756,56,West,46,0,95.28,26.63,1,87,0,2,0,0
9757,36,North,20,0,53.77,31.9,0,17,2,1,0,0
9758,40,West,11,1,86.74,39.95,5,15,0,1,1,0
9759,68,North,39,0,79.52,26.23,2,21,1,1,0,0
9760,38,South,46,0,70.16,23.08,4,95,1,2,0,1
9761,52,South,55,1,117.95,34.14,6,64,0,0,0,0
9762,26,South,9,0,52.85,12.14,7,55,2,2,0,0
9763,70,East,54,0,67.64,18.59,2,41,0,2,0,0
9764,52,North,22,1,66.69,49.4,6,5,0,1,0,0
9765,61,North,20,1,115.68,28.38,6,12,0,2,0,0
9766,52,West,3,1,73.84,20.19,5,67,1,0,0,0
9767,38,North,15,0,60.16,32.23,8,65,2,0,0,0
9768,37,South,35,1,82.04,36.99,4,85,0,0,0,0
9769,57,North,14,0,87.52,27.44,5,69,1,1,0,0
9770,67,South,23,1,70.8,33.74,5,71,1,4,0,0
9771,25,North,38,1,80.94,42.29,9,73,0,1,0,0
9772,66,East,7,0,58.67,37.24,4,42,1,3,0,0
9773,65,South,63,0,91.18,20.83,2,16,0,4,0,0
9774,24,South,22,1,100.88,40.06,4,74,0,0,1,0
9775,24,West,54,0,76.87,33.95,4,20,1,0,1,0
9776,57,North,46,1,126.17,30.38,9,86,0,1,0,0
9777,66,East,54,1,96.97,47.08,10,0,0,1,0,0
9778,40,North,21,0,55.37,33.92,4,82,1,3,0,0
9779,54,West,13,1,69.94,25.06,7,65,0,0,0,1
9780,74,North,11,0,53.89,37.76,5,79,1,4,0,0
9781,36,East,17,0,50.97,15.48,5,12,2,2,0,0
9782,30,East,39,0,90.76,19.5,3,83,2,1,0,1
9783,74,East,45,0,67.49,30.47,3,66,0,1,0,0
9784,33,West,54,1,105.01,43.33,7,7,0,3,0,0
9785,44,North,69,0,79.06,25.79,1,18,0,3,0,0
9786,43,South,59,1,91.88,29.96,5,10,0,2,0,1
9787,47,West,26,0,89.6,22.92,5,74,2,3,0,0
9788,33,West,34,1,121.04,31.97,10,41,1,1,1,0
9789,56,South,68,1,133.04,41.73,11,86,0,1,0,0
9790,57,East,51,0,63.43,21.75,4,52,0,4,1,1
9791,29,East,30,0,55.01,19.79,3,55,0,1,0,0
9792,45,East,60,1,139.68,23.18,9,89,0,4,0,0
9793,21,West,10,1,81.19,30.25,7,19,2,0,0,0
9794,30,West,48,0,63.38,24.05,0,37,2,3,0,0
9795,74,South,68,1,130.23,25.96,4,36,1,1,0,0
9796,46,East,38,1,100.01,21.04,12,84,1,3,0,0
9797,53,South,44,0,90.54,32.84,6,79,1,3,0,0
9798,68,North,5,1,48.93,27.0,2,58,2,4,0,0
9799,58,West,43,0,76.61,14.53,3,70,2,4,0,1
9800,63,East,21,1,104.73,47.56,5,79,1,2,0,1
9801,58,North,71,1,105.89,41.79,6,5,0,2,0,0
9802,46,East,23,0,90.03,33.2,4,17,1,5,0,0
9803,54,South,23,0,51.75,29.04,2,79,2,4,1,1
9804,34,North,29,0,72.81,35.49,4,56,0,1,0,0
9805,68,East,50,1,129.67,42.07,5,26,0,1,1,0
9806,28,East,68,0,76.74,22.24,4,23,0,4,0,0
9807,68,South,25,1,96.57,26.48,14,86,1,1,2,0
9808,68,North,15,1,96.28,24.73,6,83,2,1,0,0
9809,26,East,55,0,88.87,23.88,2,86,0,4,1,1
9810,58,North,39,0,75.75,16.2,1,91,0,3,0,0
9811,74,West,33,1,83.36,28.62,8,4,1,0,0,0
9812,50,North,71,1,118.45,33.78,6,66,0,1,0,0
9813,37,West,36,0,76.46,36.18,2,97,0,1,0,0
9814,68,North,44,0,60.46,12.92,5,62,1,3,0,0
9815,47,North,70,1,131.5,35.24,7,80,1,2,0,0
9816,24,South,15,1,73.85,24.99,5,13,1,3,0,0
9817,32,East,65,1,91.35,30.55,10,85,2,1,0,0
9818,56,West,69,0,85.56,32.44,1,75,1,1,0,0
9819,43,South,34,1,83.61,28.21,10,23,1,3,0,0
9820,30,South,24,0,68.13,22.89,5,82,1,6,0,0
9821,63,North,12,1,67.36,36.13,5,10,3,1,0,1
9822,24,East,4,1,88.72,40.61,12,85,0,1,1,0
9823,30,South,70,0,115.72,20.62,10,38,0,4,0,0
9824,44,West,31,0,77.09,35.09,7,27,0,2,0,0
9825,20,South,48,0,62.34,21.44,6,19,1,2,0,0
9826,40,East,18,0,55.3,28.87,3,89,2,5,0,1
9827,69,West,23,0,74.82,23.48,3,20,0,3,1,1
9828,71,North,59,1,80.0,40.93,8,21,3,2,0,0
9829,67,South,47,0,65.01,41.22,1,112,2,5,1,1
9830,36,West,16,0,43.29,22.78,5,94,1,0,0,1
9831,21,South,1,1,82.23,34.87,9,38,0,2,1,1
9832,64,East,59,1,141.93,31.54,7,84,1,1,0,1
9833,39,West,6,1,64.09,30.31,5,43,0,1,0,0
9834,60,North,3,1,93.74,29.41,6,31,1,1,0,0
9835,24,West,22,1,82.54,34.85,8,15,0,4,0,0
9836,56,South,66,0,73.2,18.78,2,51,0,3,0,0
9837,51,East,46,1,126.46,29.03,4,59,1,0,1,0
9838,70,South,3,0,93.9,2.0,2,71,0,3,0,0
9839,23,South,66,0,99.18,36.08,2,61,0,1,0,0
9840,41,North,67,0,98.94,38.15,4,26,1,2,1,0
9841,74,North,50,0,85.93,30.19,4,44,1,2,0,0
9842,40,South,6,0,60.78,18.01,5,50,1,0,0,1
9843,55,South,2,0,66.1,14.89,4,101,1,2,1,1
9844,27,East,62,0,101.14,12.48,3,68,0,3,0,0
9845,59,North,59,1,134.45,40.11,13,11,1,1,0,0
9846,33,North,60,1,102.16,45.12,3,37,0,1,0,0
9847,50,North,35,1,99.41,36.33,4,5,1,1,0,0
9848,68,South,43,0,80.17,31.86,5,72,0,2,0,0
9849,55,North,13,0,81.86,28.56,3,9,0,4,1,0
9850,45,North,3,1,117.5,28.83,7,69,1,1,0,0
9851,28,East,16,0,83.88,33.08,3,65,5,5,0,0
9852,37,East,45,1,114.47,42.56,7,25,2,1,0,0
9853,66,East,29,0,88.12,17.08,4,103,1,7,1,1
9854,30,North,44,0,101.01,31.46,3,77,0,4,0,0
9855,55,West,32,0,112.22,23.82,3,94,1,6,0,0
9856,45,East,40,1,74.72,32.91,6,67,2,1,0,1
9857,36,East,68,0,102.99,28.12,6,88,1,4,0,1
9858,58,North,45,0,43.78,27.88,5,31,2,1,1,0
9859,38,North,68,0,108.27,32.11,3,55,2,1,0,0
9860,34,South,69,0,102.77,18.21,1,25,2,5,0,1
9861,48,North,44,1,93.8,39.52,9,28,1,1,0,0
9862,61,East,71,1,75.45,25.72,6,77,0,1,0,0
9863,67,South,18,0,68.78,23.57,1,45,0,2,0,0
9864,53,North,37,0,81.84,24.1,3,81,1,5,0,1
9865,55,North,6,0,62.05,32.76,3,74,2,1,0,1
9866,62,North,7,0,54.18,25.07,1,21,2,1,0,1
9867,33,South,10,1,71.55,32.91,7,80,3,1,0,1
9868,32,North,10,1,84.22,46.41,4,20,0,2,0,0
9869,45,East,30,1,82.97,31.57,8,35,2,0,1,0
9870,53,South,52,1,118.14,31.23,4,33,0,1,2,0
9871,54,East,70,1,113.82,19.99,9,70,0,0,1,0
9872,26,West,70,1,89.13,33.27,13,83,1,1,0,0
9873,62,West,13,1,89.15,27.48,6,12,2,0,0,0
9874,38,East,31,1,101.71,32.99,7,3,0,2,1,0
9875,68,South,31,1,119.77,36.92,4,35,1,1,0,0
9876,59,East,7,1,97.42,26.32,9,87,4,2,0,1
9877,74,West,3,0,48.02,18.42,1,29,1,3,0,1
9878,54,South,26,1,114.39,22.2,6,24,0,2,0,0
9879,48,North,61,1,89.71,30.92,6,41,0,4,0,1
9880,28,East,28,0,74.42,17.44,3,55,3,3,0,0
9881,40,North,28,1,105.31,52.15,6,5,0,0,0,0
9882,66,East,71,1,137.38,47.03,5,0,2,0,0,0
9883,39,North,27,0,101.83,35.73,6,89,1,2,1,0
9884,21,North,49,1,123.62,24.64,9,11,1,0,0,0
9885,31,West,70,1,112.95,33.58,12,68,0,1,0,0
9886,51,East,9,0,73.2,15.37,8,37,3,3,0,0
9887,53,East,37,0,81.87,39.74,3,92,0,4,0,1
9888,74,West,24,0,61.36,31.65,4,99,1,5,1,1
9889,71,West,9,0,62.77,16.58,2,63,1,4,0,1
9890,48,South,4,0,88.97,27.96,1,92,0,2,0,0
9891,49,West,46,1,112.69,23.14,5,79,2,2,0,0
9892,63,South,47,0,114.39,23.91,3,35,1,2,0,0
9893,20,North,40,1,83.76,33.6,4,53,1,2,0,0
9894,51,West,48,0,78.28,30.92,4,82,0,4,0,0
9895,45,South,52,1,112.23,42.9,10,61,1,3,0,0
9896,62,West,5,0,73.64,25.16,3,35,0,2,1,0
9897,63,North,3,0,59.75,23.21,1,74,2,3,0,1
9898,55,North,24,1,104.01,9.12,6,37,1,2,1,0
9899,55,North,41,1,112.39,47.5,8,59,0,1,0,0
9900,57,East,65,0,71.68,19.74,7,48,3,3,0,0
9901,51,West,70,0,106.3,25.82,5,88,1,1,0,0
9902,30,South,59,0,105.6,43.07,4,32,1,3,0,0
9903,34,North,21,1,94.94,25.45,9,30,1,3,0,0
9904,60,South,41,1,72.9,35.17,5,54,1,2,1,0
9905,53,South,9,1,80.35,38.97,7,27,3,1,0,0
9906,31,East,35,0,84.07,33.74,2,50,2,3,0,0
9907,68,East,8,1,71.01,35.01,4,72,1,0,0,0
9908,73,North,71,1,129.27,44.4,11,89,0,4,0,0
9909,53,South,33,0,87.44,21.67,4,85,2,2,0,0
9910,30,East,52,1,108.02,39.35,6,21,0,2,0,0
9911,71,North,8,1,84.26,38.31,8,70,1,1,0,0
9912,31,South,68,1,116.89,34.27,7,85,2,0,1,1
9913,42,East,38,0,78.94,27.59,1,89,0,4,0,0
9914,66,South,6,0,43.72,18.0,6,62,2,4,0,0
9915,47,North,27,0,67.05,22.61,7,37,1,2,0,0
9916,31,North,16,0,69.09,14.7,4,94,0,1,0,0
9917,22,East,5,1,103.78,31.47,6,40,1,0,0,0
9918,38,North,3,1,91.88,44.11,7,48,0,1,0,1
9919,56,West,51,1,127.58,38.36,5,81,0,0,0,0
9920,58,South,62,0,69.93,27.46,5,41,2,1,1,0
9921,30,South,47,1,98.16,22.21,5,49,0,1,0,0
9922,27,East,50,0,116.11,27.56,6,21,0,3,1,0
9923,57,South,3,1,70.36,34.5,7,26,2,0,0,0
9924,27,North,13,0,55.06,29.3,5,87,2,1,0,0
9925,21,North,3,1,77.42,46.07,3,73,0,1,0,0
9926,45,East,70,1,145.27,31.73,4,14,0,2,0,0
9927,50,South,53,0,76.43,22.48,2,87,0,2,0,0
9928,31,West,68,1,122.36,42.35,5,67,0,1,0,0
9929,30,South,65,1,118.38,30.17,11,34,1,0,1,0
9930,31,South,16,1,59.07,35.7,7,55,2,2,0,1
9931,37,South,37,1,98.26,19.03,7,88,0,2,0,0
9932,18,North,46,1,94.71,32.54,9,76,0,1,0,0
9933,18,West,53,1,116.67,45.44,5,86,1,1,0,0
9934,39,North,48,0,110.09,27.68,2,46,0,1,0,0
9935,19,West,33,0,71.33,32.2,2,21,2,1,0,0
9936,36,North,1,1,75.33,42.65,6,55,2,1,0,1
9937,51,South,67,0,131.27,35.79,2,78,0,3,1,0
9938,19,North,49,1,93.83,32.22,6,38,0,0,1,0
9939,53,East,60,1,89.85,42.54,9,41,2,0,0,0
9940,53,North,16,0,88.66,42.98,3,65,1,4,1,0
9941,50,East,8,0,63.24,24.79,2,85,0,3,0,1
9942,53,West,64,0,96.25,14.44,3,46,0,4,0,0
9943,64,East,58,0,122.47,20.24,2,88,1,2,0,0
9944,22,North,60,0,68.96,28.75,4,92,1,2,0,0
9945,27,West,32,1,93.07,21.71,8,85,0,1,0,0
9946,36,South,65,1,93.96,28.9,8,50,0,0,0,0
9947,57,North,16,1,93.03,32.36,6,67,0,1,1,0
9948,67,South,54,0,78.7,25.88,2,22,1,1,0,0
9949,70,West,36,1,80.41,49.37,8,16,2,1,0,0
9950,51,South,12,0,76.98,30.5,3,112,1,0,0,0
9951,41,East,51,1,105.65,26.09,5,61,1,0,0,0
9952,41,East,26,1,74.23,65.94,9,30,0,0,0,0
9953,21,South,12,0,48.14,24.87,3,92,1,5,0,1
9954,44,South,51,1,108.62,21.56,9,59,0,2,0,0
9955,47,East,55,1,82.44,26.69,5,26,0,1,0,0
9956,29,South,23,0,74.91,16.74,1,48,3,8,0,1
9957,61,North,69,0,114.59,14.22,4,76,0,2,0,0
9958,64,South,51,1,115.51,39.1,5,87,0,4,0,0
9959,35,West,2,0,51.65,3.66,4,101,0,2,0,1
9960,70,South,24,1,96.12,42.86,5,56,1,1,0,0
9961,24,North,70,0,76.23,31.52,1,66,2,0,0,0
9962,69,North,13,0,68.54,21.35,3,35,1,2,0,1
9963,61,North,68,1,109.1,42.33,6,67,0,2,0,0
9964,30,West,37,1,82.91,26.26,5,49,2,2,0,0
9965,55,South,48,1,113.36,28.26,9,64,2,1,1,0
9966,35,East,49,1,74.84,39.4,5,86,0,3,0,1
9967,63,East,37,1,80.71,33.32,8,87,1,1,0,1
9968,27,South,37,1,82.52,30.0,4,61,1,4,1,1
9969,31,West,41,1,92.93,34.09,16,62,1,3,0,0
9970,35,West,46,1,122.49,45.55,6,36,1,0,0,0
9971,29,East,53,0,97.81,35.24,3,29,1,2,0,0
9972,36,East,32,1,97.58,38.41,2,33,5,2,0,0
9973,52,South,31,1,96.37,32.16,8,45,1,1,0,0
9974,54,West,56,1,107.82,39.17,12,18,1,1,0,0
9975,49,North,54,0,107.58,18.1,2,37,0,3,0,0
9976,28,East,47,1,76.26,44.35,6,35,2,0,0,0
9977,29,South,33,0,88.07,32.6,2,39,1,4,0,0
9978,70,East,41,0,72.88,40.45,4,105,0,3,0,0
9979,32,West,41,0,88.04,18.58,6,38,0,1,0,0
9980,23,East,31,0,83.12,17.59,2,85,1,0,0,1
9981,43,North,13,1,97.5,39.41,5,83,2,4,0,1
9982,18,East,39,1,123.25,32.81,6,62,1,2,0,0
9983,37,West,32,0,55.43,32.99,4,89,1,3,0,1
9984,66,East,4,1,97.08,45.54,7,50,3,1,0,0
9985,33,West,68,1,113.04,48.62,7,41,0,0,0,0
9986,58,West,48,0,77.09,25.47,3,88,1,4,0,0
9987,45,West,9,1,115.01,42.04,6,36,0,2,0,0
9988,38,South,15,0,78.03,20.86,2,99,3,1,2,1
9989,55,South,41,1,94.24,36.74,6,70,0,1,0,0
9990,51,West,62,0,105.36,24.57,6,109,0,2,0,0
9991,36,West,35,1,96.81,34.15,6,36,0,2,0,0
9992,30,North,58,0,82.51,39.59,5,39,0,2,0,0
9993,70,North,10,1,75.91,24.26,3,30,0,3,0,1
9994,27,South,38,0,83.57,24.96,6,84,3,1,0,1
9995,72,East,59,0,80.29,25.43,1,24,2,2,1,0
9996,44,West,61,1,112.83,40.15,9,48,0,1,0,0
9997,74,East,18,1,102.31,26.22,8,85,0,1,0,0
9998,38,North,48,0,85.66,22.61,5,59,0,0,0,0
9999,50,South,3,0,91.15,20.23,3,63,0,5,0,0
10000,53,West,11,1,85.7,16.98,7,49,2,0,0,0
